Rank,ID,Title,Authors,Year,Venue,Track,Status,Primary Area,Keywords,Citations,BM25 Score,Combined Score,DOI,URL,PDF,Source,TLDR,Abstract
1,6w9qffvXkq,Improving CNN training by Riemannian optimization on the generalized Stiefel manifold combined with a gradient-based manifold search,Alexander Studt; Till Riedel; Michael Beigl,2025,ICLR 2025,main,Reject,"other topics in machine learning (i.e., none of the above)",Riemannian optimization;Convolutional neural networks;gradient-based optimization;deep neural networks;generalized Stiefel manifold,0,18.962,0.000,,https://openreview.net/forum?id=6w9qffvXkq,,offline_iclr,,"Enforcing orthonormality constraints in deep learning has been shown to provide significant benefits. Although hard restrictions can be applied by constraining parameter matrices to the Stiefel manifold, this approach limits the solution space to that specific manifold. We show that a generalized St"
2,jbafwTkVUn,"Fast, Accurate Manifold Denoising by Tunneling Riemannian Optimization",Shiyu Wang; Mariam Avagyan; Yihan Shen; Arnaud Lamy; Tingran Wang,2025,ICML 2025,main,Poster,optimization->everything_else,Manifold Denoising;Learning-to-optimize,0,18.641,0.000,,https://icml.cc/virtual/2025/poster/44296,https://openreview.net/pdf?id=jbafwTkVUn,offline_icml,,"Learned denoisers play a fundamental role in various signal generation (e.g., diffusion models) and reconstruction (e.g., compressed sensing) architectures, whose success derives from their ability to leverage low-dimensional structure in data. Existing denoising methods, however, either rely on loc"
3,UchFXOIwvA,Distributed Retraction-Free and Communication-Efficient Optimization on the Stiefel Manifold,Yilong Song; Peijin Li; Bin Gao; Kun Yuan,2025,ICML 2025,main,Poster,optimization->large_scale_parallel_and_distributed,Stiefel manifold;distributed optimization;error feedback;retraction-free,0,18.412,0.000,,https://icml.cc/virtual/2025/poster/45108,https://openreview.net/pdf?id=UchFXOIwvA,offline_icml,,"Optimization problems on the Stiefel manifold, ranging from principal component analysis to enhancing neural network robustness, are ubiquitous in machine learning. The Landing algorithm avoids computationally expensive retraction operations on manifolds, making it highly competitive for large-scale"
4,5zwrpqYIK5,Outlier-Robust Orthogonal Regression on Manifolds,Tianjiao Ding; Liangzu Peng; Rene Vidal,2024,ICLR 2024,main,Reject,optimization,Optimization over manifolds;orthogonal regression;subspace learning,0,18.361,0.000,,https://openreview.net/forum?id=5zwrpqYIK5,,offline_iclr,,"Motivated by machine learning and computer vision applications, we formulate the problem of Outlier-Robust Orthogonal Regression to find a point in a manifold that satisfies as many linear equations as possible. Existing approaches addressing special cases of our formulation either lack theoretical "
5,55Lv1unlUL,StelLA: Subspace Learning in Low-rank Adaptation using Stiefel Manifold,Zhizhong Li; Sina Sajadmanesh; Jingtao Li; Lingjuan Lyu,2025,NIPS 2025,main,Spotlight,deep_learning,LoRA;Stiefel Manifold;Geometric Optimization,0,18.098,0.000,,https://openreview.net/forum?id=55Lv1unlUL,,offline_nips,,"Low-rank adaptation (LoRA) has been widely adopted as a parameter-efficient technique for fine-tuning large-scale pre-trained models. However, it still lags behind full fine-tuning in performance, partly due to its insufficient exploitation of the geometric structure underlying low-rank manifolds. I"
6,zCncHdGsOa,Efficient optimization with orthogonality constraint: a randomized Riemannian submanifold method,Andi Han; Pierre-Louis Poirion; Akiko Takeda,2025,ICLR 2025,main,Reject,optimization,Oprimization;Orthogonality constraint;Riemannian optimization;Stiefel manifold,0,18.002,0.000,,https://openreview.net/forum?id=zCncHdGsOa,,offline_iclr,,"Optimization with orthogonality constraints frequently arise in various fields such as machine learning, signal processing and computer vision. Riemannian optimization offers a powerful framework for solving these problems by equipping the constraint set with a Riemannian manifold structure and perf"
7,dpnPOXoqVQ,S$^2$MAM: Semi-supervised Meta Additive Model for Robust Estimation and Variable Selection,Xuelin Zhang; Hong Chen; Yingjie Wang; Zeyu Zhang; Tieliang Gong,2025,ICLR 2025,main,Reject,learning theory,manifold regularization;bilevel optimization;sparse additive model;robustness;learning theory,0,17.827,0.000,,https://openreview.net/forum?id=dpnPOXoqVQ,,offline_iclr,,"Semi-supervised learning with manifold regularization is a classical family for learning from the labeled and unlabeled data jointly, where the key requirement is the support of unknown marginal distribution enjoys the geometric structure of a Riemannian manifold. Usually, the Laplace-Beltrami opera"
8,upALuXjdxc,Error Slice Discovery via Manifold Compactness,Han Yu; Jiashuo Liu; Hao Zou; Renzhe Xu; Yue He,2025,ICLR 2025,main,Reject,interpretability and explainable AI,Error Slice Discovery;Manifold Compactness;Model Evaluation,0,17.638,0.000,,https://openreview.net/forum?id=upALuXjdxc,,offline_iclr,,"Despite the great performance of deep learning models in many areas, they still make mistakes and underperform on certain subsets of data, i.e. error slices. Given a trained model, it is important to identify its semantically coherent error slices that are easy to interpret, which is referred to as "
9,5mtwoRNzjm,Optimization without retraction on the random generalized Stiefel manifold for canonical correlation analysis,Simon Vary; Pierre Ablin; Bin Gao; Pierre-Antoine Absil,2024,ICLR 2024,main,Reject,optimization,Canonical correlation analysis;generalized eigenvalue problem;optimization on manifolds;streaming CCA,0,17.100,0.000,,https://openreview.net/forum?id=5mtwoRNzjm,,offline_iclr,,"Optimization over the set of matrices that satisfy $X^\top B X = I_p$, referred to as the generalized Stiefel manifold, appears in many applications such as canonical correlation analysis (CCA) and the generalized eigenvalue problem. Solving these problems for large-scale datasets is computationally"
10,f4HohsyNEk,NeuManifold: Neural Watertight Manifold Reconstruction with Efficient and High-Quality Rendering Support,Xinyue Wei; Fanbo Xiang; Sai Bi; Anpei Chen; Kalyan Sunkavalli,2024,ICLR 2024,main,Reject,"representation learning for computer vision, audio, language, and other modalities",mesh reconstruction;neural rendering,0,17.091,0.000,,https://openreview.net/forum?id=f4HohsyNEk,,offline_iclr,,We present a method for generating high-quality watertight manifold meshes from multi-view input images. Existing volumetric rendering methods are robust in optimization but tend to generate noisy meshes with poor topology. Differentiable rasterization-based methods can generate high-quality meshes 
11,irY40jSwCH,ML$^2$-GCL: Manifold Learning Inspired Lightweight Graph Contrastive Learning,Jianqing Liang; Zhiqiang Li; Xinkai Wei; Yuan Liu; Zhiqiang Wang,2025,ICML 2025,main,Poster,deep_learning->selfsupervised_learning,Manifold Learning;Graph Contrastive Learning,0,16.776,0.000,,https://icml.cc/virtual/2025/poster/44332,https://openreview.net/pdf?id=irY40jSwCH,offline_icml,,"Graph contrastive learning has attracted great interest as a dominant and promising self-supervised representation learning approach in recent years. While existing works follow the basic principle of pulling positive pairs closer and pushing negative pairs far away, they still suffer from several c"
12,PQbFUMKLFp,Decentralized Riemannian Conjugate Gradient Method on the Stiefel Manifold,Jun Chen; Haishan Ye; Mengmeng Wang; Tianxin Huang; Guang Dai,2024,ICLR 2024,main,Poster,optimization,Decentralized optimization;Stiefel manifold;Conjugate gradient method,0,16.676,0.000,,https://iclr.cc/virtual/2024/poster/18706,https://openreview.net/pdf?id=PQbFUMKLFp,offline_iclr,,"The conjugate gradient method is a crucial first-order optimization method that generally converges faster than the steepest descent method, and its computational cost is much lower than that of second-order methods. However, while various types of conjugate gradient methods have been studied in Euc"
13,dkkgKzMni7,Hardness of Learning Neural Networks under the Manifold Hypothesis,Bobak Kiani; Jason Wang; Melanie Weber,2024,NIPS 2024,main,Spotlight,learning_theory,Manifold hypothesis;Learning theory;Hardness of learning;Neural network hardness;Manifold Learning,0,16.558,0.000,,https://neurips.cc/virtual/2024/poster/94321,https://openreview.net/pdf?id=dkkgKzMni7,offline_nips,,"The manifold hypothesis presumes that high-dimensional data lies on or near a low-dimensional manifold. 
While the utility of encoding geometric structure has been demonstrated empirically, rigorous analysis of its impact on the learnability of neural networks is largely missing. Several recent resu"
14,955ed23ce8,Training a Tucker Model With Shared Factors: a Riemannian Optimization Approach,Ivan Peshekhonov; Aleksey Arzhantsev; Maxim Rakhuba,2024,AISTATS 2024,main,Poster,,,0,16.513,0.000,,https://proceedings.mlr.press/v238/peshekhonov24a.html,https://proceedings.mlr.press/v238/peshekhonov24a/peshekhonov24a.pdf,offline_aistats,,"Factorization of a matrix into a product of two rectangular factors, is a classic tool in various machine learning applications. Tensor factorizations generalize this concept to more than two dimensions. In applications, where some of the tensor dimensions have the same size or encode the same objec"
15,63ljkCGMhE,VGGT-SLAM: Dense RGB SLAM Optimized on the SL(4) Manifold,Dominic Rosario Maggio; Hyungtae Lim; Luca Carlone,2025,NIPS 2025,main,Poster,applications,RGB SLAM;Feed Forward Mapping;Pose Graph Optimization on Manifold,0,16.480,0.000,,https://openreview.net/forum?id=63ljkCGMhE,,offline_nips,,"We present VGGT-SLAM, a dense RGB SLAM system constructed by incrementally and globally aligning submaps created from the feed-forward scene reconstruction approach VGGT using only uncalibrated monocular cameras. While related works align submaps using similarity transforms (i.e., translation, rotat"
16,YD9ZoqUDAY,Unified K-Means Clustering with Label-Guided Manifold Learning,Qianqian Wang; Mengping Jiang; Zhengming Ding; Quanxue Gao,2025,ICML 2025,main,Poster,general_machine_learning->clustering,Balanced clustering;unsupervised learning;low-pass filtering distance.,0,16.466,0.000,,https://icml.cc/virtual/2025/poster/44925,https://openreview.net/pdf?id=YD9ZoqUDAY,offline_icml,,"K-Means clustering is a classical and effective unsupervised learning method attributed to its simplicity and efficiency. However, it faces notable challenges, including sensitivity to random initial centroid selection, a limited ability to discover the intrinsic manifold structures within nonlinear"
17,2522,Score Distillation Sampling with Learned Manifold Corrective,Thiemo Alldieck*; Nikos Kolotouros; Cristian Sminchisescu,2024,ECCV 2024,main,Poster,,,0,16.447,0.000,,https://eccv2024.ecva.net//virtual/2024/poster/2522,https://www.ecva.net/papers/eccv_2024/papers_ECCV/papers/11754.pdf,offline_eccv,,"""Score Distillation Sampling (SDS) is a recent but already widely popular method that relies on an image diffusion model to control optimization problems using text prompts. aIn this paper, we conduct an in-depth analysis of the SDS loss function, identify an inherent problem with its formulation, a"
18,208dcc2491,Consistency of Dictionary-Based Manifold Learning,Samson J. Koelle; Hanyu Zhang; Octavian-Vlad Murad; Marina Meila,2024,AISTATS 2024,main,Poster,,,0,16.433,0.000,,https://proceedings.mlr.press/v238/koelle24a.html,https://proceedings.mlr.press/v238/koelle24a/koelle24a.pdf,offline_aistats,,"We analyze a paradigm for interpretable Manifold Learning for scientific data analysis, whereby one parametrizes a manifold with d smooth functions from a scientist-provided dictionary of meaningful, domain-related functions. When such a parametrization exists, we provide an algorithm for finding it"
19,DooE6euxAS,Gaussian Regression-Driven Tensorized Incomplete Multi-View Clustering with Dual Manifold Regularization,Zhenhao Zhong; Zhibin Gu; Pengpeng Yang; Yaqian zhou; Ruiqiang Guo,2025,NIPS 2025,main,Poster,general_machine_learning,Multi-view clustering,0,16.367,0.000,,https://openreview.net/forum?id=DooE6euxAS,,offline_nips,,"Tensorized Incomplete Multi-View Clustering (TIMVC) algorithms have attracted growing attention for their ability to capture high-order correlations across multiple views. However, most existing TIMVC methods rely on simplistic noise assumptions using specific norms (e.g., $\ell_1$ or $\ell_{2,1}$),"
20,article-28282,Distributed Manifold Hashing for Image Set Classification and Retrieval,Xiaobo Shen; Peizhuo Song; Yun-Hao Yuan; Yuhui Zheng,2024,AAAI 2024,main,Technical,computer vision iv,,0,16.356,0.000,,https://ojs.aaai.org/index.php/AAAI/article/view/28282,https://ojs.aaai.org/index.php/AAAI/article/view/28282/28555,offline_aaai,,"Conventional image set methods typically learn from image sets stored in one location. However, in real-world applications, image sets are often distributed or collected across different positions. Learning from such distributed image sets presents a challenge that has not been studied thus far. Mor"
21,aBUG2Phwdt,Spectral Graph Coarsening Using Inner Product Preservation and the Grassmann Manifold,Ido Cohen; Ronen Talmon,2025,NIPS 2025,main,Poster,general_machine_learning,Graph coarsening;Grassmann manifold;Graph signals;Spectral methods,0,16.287,0.000,,https://openreview.net/forum?id=aBUG2Phwdt,,offline_nips,,"We propose a novel functorial graph coarsening method that preserves inner products between node features, a property often overlooked by existing approaches focusing primarily on structural fidelity.
By treating node features as functions on the graph and preserving their inner products, our method"
22,iMJpmcYucq,Stochastic variance-reduced Gaussian variational inference on the Bures-Wasserstein manifold,Hoang Phuc Hau Luu; Hanlin Yu; Bernardo Williams; Marcelo Hartmann; Arto Klami,2025,ICLR 2025,main,Poster,"probabilistic methods (Bayesian methods, variational inference, sampling, UQ, etc.)",Variational inference;Bures-Wasserstein space;Riemannian manifold;optimization,0,16.202,0.000,,https://iclr.cc/virtual/2025/poster/28700,https://openreview.net/pdf?id=iMJpmcYucq,offline_iclr,,Optimization in the Bures-Wasserstein space has been gaining popularity in the machine learning community since it draws connections between variational inference and Wasserstein gradient flows. The variational inference objective function of Kullback–Leibler divergence can be written as the sum of 
23,9b0175200d,Adaptive Manifold for Imbalanced Transductive Few-Shot Learning,Michalis Lazarou; Yannis Avrithis; Tania Stathaki,2024,WACV 2024,main,Poster,,,0,16.115,0.000,,https://openaccess.thecvf.com/content/WACV2024/html/Lazarou_Adaptive_Manifold_for_Imbalanced_Transductive_Few-Shot_Learning_WACV_2024_paper.html,https://openaccess.thecvf.com/content/WACV2024/papers/Lazarou_Adaptive_Manifold_for_Imbalanced_Transductive_Few-Shot_Learning_WACV_2024_paper.pdf,offline_wacv,,"Transductive few-shot learning algorithms have showed substantially superior performance over their inductive counterparts by leveraging the unlabeled queries at inference. However, the vast majority of transductive methods are evaluated on perfectly class-balanced benchmarks. It has been shown that"
24,Cn9Cl08zSS,Language Guided Interpretable Image Recognition via Manifold Alignment,Jiaqi Wang; Pichao WANG; Fan Wang; Liping Jing,2024,ICLR 2024,main,Withdraw,"representation learning for computer vision, audio, language, and other modalities",Explainable AI;Prototypes;Manifold Alignment,0,16.092,0.000,,https://openreview.net/forum?id=Cn9Cl08zSS,,offline_iclr,,"Most works of interpretable neural networks strive for learning the semantics concepts merely from single modal information such as images. However, humans usually learn semantic concepts from multiple modalities and the semantics is encoded by the brain from fused multi-modal information. Inspired "
25,CoQw1dXtGb,SPDIM: Source-Free Unsupervised Conditional and Label Shift Adaptation in EEG,Shanglin Li; Motoaki Kawanabe; Reinmar J Kobler,2025,ICLR 2025,main,Poster,applications to neuroscience & cognitive science,geometric deep learning;transfer learning;source-free adaptation;electroencephalography;neurology;brain-computer interfaces,0,16.022,0.000,,https://iclr.cc/virtual/2025/poster/30495,https://openreview.net/pdf?id=CoQw1dXtGb,offline_iclr,,"The non-stationary nature of electroencephalography (EEG) introduces distribution shifts across domains (e.g., days and subjects), posing a significant challenge to EEG-based neurotechnology generalization.
Without labeled calibration data for target domains, the problem is a source-free unsupervise"
26,article-32179,Dual Manifold Regularization Steered Robust Representation Learning for Point Cloud Analysis,Jian Bi; Qianliang Wu; Jianjun Qian; Lei Luo; Jian Yang,2025,AAAI 2025,main,Technical,computer vision i,,0,15.940,0.000,,https://ojs.aaai.org/index.php/AAAI/article/view/32179,https://ojs.aaai.org/index.php/AAAI/article/view/32179/34334,offline_aaai,,"With the rapid advancement of 3D scanning technology, point clouds have become a crucial data type in computer vision and machine learning. However, learning robust representations for point clouds remains a significant challenge due to their irregularity and sparsity. In this paper, we propose a no"
27,30aSE3FB3L,Matrix Manifold Neural Networks++,Xuan Son Nguyen; Shuo Yang; Aymeric Histace,2024,ICLR 2024,main,Poster,"representation learning for computer vision, audio, language, and other modalities",manifold learning;representation learning;gyrovector spaces;deep learning,0,15.907,0.000,,https://iclr.cc/virtual/2024/poster/19532,https://openreview.net/pdf?id=30aSE3FB3L,offline_iclr,,"Deep neural networks (DNNs) on Riemannian manifolds have garnered increasing interest in various applied areas. For instance, DNNs on spherical and hyperbolic manifolds have been designed to solve a wide range of computer vision and nature language processing tasks. One of the key factors that contr"
28,TVnkjz4MqV,"Neural Manifold Regularization: Aligning 2D Latent Dynamics with Stereotyped, Natural, and Attempted Movements",Chenggang Chen; Zhiyu Yang,2025,ICLR 2025,main,Reject,applications to neuroscience & cognitive science,dimensionality reduction;brain-machine interfaces;motor control;neural coding;self-supervised learning,0,15.867,0.000,,https://openreview.net/forum?id=TVnkjz4MqV,,offline_iclr,,"Mapping neural activity to behavior is a fundamental goal in both neuroscience and brain-machine interfaces. Traditionally, at least three-dimensional (3D) latent dynamics have been required to represent two-dimensional (2D) movement trajectories. In this work, we introduce Neural Manifold Regulariz"
29,o2ND9v0CeK,Interpreting and Improving Diffusion Models from an Optimization Perspective,Frank Permenter; Chenyang Yuan,2024,ICML 2024,main,Poster,,,0,15.842,0.000,,https://icml.cc/virtual/2024/poster/33099,https://openreview.net/pdf?id=o2ND9v0CeK,offline_icml,,"Denoising is intuitively related to projection. Indeed, under the manifold hypothesis, adding random noise is approximately equivalent to orthogonal perturbation. Hence, learning to denoise is approximately learning to project. In this paper, we use this observation to interpret denoising diffusion "
30,i7vrwAblCz,EEG-MACS: Manifold Attention and Confidence Stratification for EEG-based Cross-Center Brain Disease Diagnosis under Unreliable Annotations,Zhenxi Song; Ruihan Qin; Huixia Ren; Zhen Liang; Yi Guo,2024,ACMMM 2024,main,Oral,[Engagement] Emotional and Social Signals,,0,15.818,0.000,,,,offline_acmmm,,
31,HYWdlCPtao,Curvature Enhanced Manifold Sampling,Ilya Kaufman; Omri Azencot,2025,ICLR 2025,main,Reject,"other topics in machine learning (i.e., none of the above)",Manifold learning;Data augmentation;Regression,0,15.799,0.000,,https://openreview.net/forum?id=HYWdlCPtao,,offline_iclr,,"Over-parameterized deep learning models, characterized by their large number of parameters, have demonstrated remarkable performance in various tasks. Despite the potential risk of overfitting, these models often generalize well to unseen data due to effective regularization techniques, with data au"
32,CxwtuhU40F,Interpretable Dimensionality Reduction by Feature-preserving Manifold Approximation and Projection,Yang Yang; Hongjian Sun; Jialei Gong; Di Yu,2025,ICLR 2025,main,Reject,"unsupervised, self-supervised, semi-supervised, and supervised representation learning",Interpretable;Gradient;Tangent space;Manifold learning,0,15.775,0.000,,https://openreview.net/forum?id=CxwtuhU40F,,offline_iclr,,"Nonlinear dimensionality reduction often lacks interpretability due to the absence of source features in low-dimensional embedding space. We propose FeatureMAP, an interpretable method that preserves source features by tangent space embedding. The core of FeatureMAP is to use local principal compone"
33,BZtEthuXRF,Manifold Diffusion Fields,Ahmed A. A. Elhag; Yuyang Wang; Joshua M. Susskind; Miguel Ángel Bautista,2024,ICLR 2024,main,Poster,generative models,Diffusion models;riemannian manifolds;graphs,0,15.765,0.000,,https://iclr.cc/virtual/2024/poster/19211,https://openreview.net/pdf?id=BZtEthuXRF,offline_iclr,,"We present Manifold Diffusion Fields (MDF), an approach that unlocks learning of diffusion models of data in general non-euclidean geometries. Leveraging insights from spectral geometry analysis, we define an intrinsic coordinate system on the manifold via the eigen-functions of the Laplace-Beltrami"
34,f2a67bfd33,SimpliMix: A Simplified Manifold Mixup for Few-Shot Point Cloud Classification,Minmin Yang; Weiheng Chai; Jiyang Wang; Senem Velipasalar,2024,WACV 2024,main,Poster,,,0,15.669,0.000,,https://openaccess.thecvf.com/content/WACV2024/html/Yang_SimpliMix_A_Simplified_Manifold_Mixup_for_Few-Shot_Point_Cloud_Classification_WACV_2024_paper.html,https://openaccess.thecvf.com/content/WACV2024/papers/Yang_SimpliMix_A_Simplified_Manifold_Mixup_for_Few-Shot_Point_Cloud_Classification_WACV_2024_paper.pdf,offline_wacv,,Few-shot learning often assumes that base classes are abundant and diverse with plentiful well-labeled samples for each class. This ensures that models can generalize effectively from a small amount of data by leveraging prior knowledge learned from base classes. This assumption holds for 2D few-sho
35,article-33946,IsUMap: Manifold Learning and Data Visualization Leveraging Vietoris-Rips Filtrations,Parvaneh Joharinad; Hannaneh Fahimi; Lukas Silvester Barth; Janis Keck; Jürgen Jost,2025,AAAI 2025,main,Technical,machine learning iii,,0,15.658,0.000,,https://ojs.aaai.org/index.php/AAAI/article/view/33946,https://ojs.aaai.org/index.php/AAAI/article/view/33946/36101,offline_aaai,,"This work introduces IsUMap, a novel manifold learning technique that enhances data representation by integrating aspects of UMAP and Isomap with Vietoris-Rips filtrations and metric realization of one-parameter filtrations of simplicial complexes. 
Inferring topological information from combinatori"
36,MLt4DO7ibS,Manifold Inspired Graph Contrastive Learning,Yunhui Liu; Tieke He; Jianhua Zhao,2024,ICLR 2024,main,Withdraw,learning on graphs and other geometries & topologies,Self-supervised Learning;Graph Representation Learning,0,15.636,0.000,,https://openreview.net/forum?id=MLt4DO7ibS,,offline_iclr,,"Recently, graph contrastive learning (GCL) has emerged as a promising and trending paradigm for graph representation learning, providing generalizable node embeddings for various downstream tasks. However, current GCL methods often fail to fully exploit and encode the fine-grained graph structure in"
37,30024,Structure-Guided Adversarial Training of Diffusion Models,Ling Yang; Haotian Qian; Zhilong Zhang; Jingwei Liu; Bin Cui,2024,CVPR 2024,main,Poster,,,0,15.628,0.000,,https://cvpr.thecvf.com/virtual/2024/poster/30024,https://openaccess.thecvf.com/content/CVPR2024/papers/Yang_Structure-Guided_Adversarial_Training_of_Diffusion_Models_CVPR_2024_paper.pdf,offline_cvpr,,Diffusion models have demonstrated exceptional efficacy in various generative applications. While existing models focus on minimizing a weighted sum of denoising score matching losses for data distribution modeling their training primarily emphasizes instance-level optimization overlooking valuable 
38,2Kf1AIdeyt,Balancing Information Preservation and Computational Efficiency: L2 Normalization and Geodesic Distance in Manifold Learning,Ziqi Rong; Jinpu Cai; Jiahao Qiu; Pengcheng Xu; Lana Garmire,2024,ICLR 2024,main,Reject,visualization or interpretation of learned representations,Normalization;Geodesic Distance;Manifold Learning;Bioinformatics,0,15.557,0.000,,https://openreview.net/forum?id=2Kf1AIdeyt,,offline_iclr,,"Distinguishable metric of similarity plays a fundamental role in unsupervised learning, particularly in manifold learning and high-dimensional data visualization tasks, by which differentiate between observations without labels. However, conventional metrics like Euclidean distance after L1-normaliz"
39,l1sx5KiM7Z,Curvature Enhanced Data Augmentation for Regression,Ilya Kaufman; Omri Azencot,2025,ICML 2025,main,Poster,deep_learning->everything_else,Manifold learning;Data augmentation;Regression,0,15.496,0.000,,https://icml.cc/virtual/2025/poster/44222,https://openreview.net/pdf?id=l1sx5KiM7Z,offline_icml,,"Deep learning models with a large number of parameters, often referred to as over-parameterized models, have achieved exceptional performance across various tasks. Despite concerns about overfitting, these models frequently generalize well to unseen data, thanks to effective regularization technique"
40,qTypwXvNJa,Geodesic Optimization for Predictive Shift Adaptation on EEG data,Apolline Mellot; Antoine Collas; Sylvain Chevallier; Alexandre Gramfort; Denis Alexander Engemann,2024,NIPS 2024,main,Spotlight,neuroscience_and_cognitive_science,EEG;brain age;Neurosciences;Riemannian geometry;Domain Adaptation;Mixed-effects models,0,15.434,0.000,,https://neurips.cc/virtual/2024/poster/93495,https://openreview.net/pdf?id=qTypwXvNJa,offline_nips,,"Electroencephalography (EEG) data is often collected from diverse contexts involving different populations and EEG devices. This variability can induce distribution shifts in the data $X$ and in the biomedical variables of interest $y$, thus limiting the application of supervised machine learning (M"
41,lJ5WCJZfQn,Robust Hyperbolic Learning with Curvature-Aware Optimization,Ahmad Bdeir; Johannes Burchert; Lars Schmidt-Thieme; Niels Landwehr,2025,NIPS 2025,main,Poster,deep_learning,hyperbolic neural networks;deep learning;lorentz metric learning,0,15.425,0.000,,https://openreview.net/forum?id=lJ5WCJZfQn,,offline_nips,,Hyperbolic deep learning has become a growing research direction in computer vision due to the unique properties afforded by the alternate embedding space. The negative curvature and exponentially growing distance metric provide a natural framework for capturing hierarchical relationships between da
42,EHG5Iv1mmb,Local Manifold Approximation and Projection for Manifold-Aware Diffusion Planning,Kyowoon Lee; Jaesik Choi,2025,ICML 2025,main,Poster,reinforcement_learning->planning,Offline Reinforcement Learning;Trajectory Optimization;Diffusion Models;Sequential Decision Making,0,15.420,0.000,,https://icml.cc/virtual/2025/poster/45958,https://openreview.net/pdf?id=EHG5Iv1mmb,offline_icml,,"Recent advances in diffusion-based generative modeling have demonstrated significant promise in tackling long-horizon, sparse-reward tasks by leveraging offline datasets. While these approaches have achieved promising results, their reliability remains inconsistent due to the inherent stochastic ris"
43,E5DYpUWsES,"Manifold K-means with $\ell_{2,p}$-Norm Maximization",Fangfang Li; Quanxue Gao; Qianqian Wang; Cheng Deng; Xiaoke Ma,2025,ICLR 2025,main,Withdraw,"unsupervised, self-supervised, semi-supervised, and supervised representation learning",Clustering;Manifold Learning;K-means;$\ell_{2;p}$-Norm,0,15.419,0.000,,https://openreview.net/forum?id=E5DYpUWsES,,offline_iclr,,"Although a variety of different methods have emerged in the field of clustering, K-means still occupies an important position, and many advanced clustering methods even rely on the K-means  to achieve effective cluster detection. However, the sensitivity of K-means to the selection of the initial cl"
44,o3BxOLoxm1,Manifold Preserving Guided Diffusion,Yutong He; Naoki Murata; Chieh-Hsin Lai; Yuhta Takida; Toshimitsu Uesaka,2024,ICLR 2024,main,Poster,generative models,generative model;diffusion model;controllable generation,0,15.374,0.000,,https://iclr.cc/virtual/2024/poster/17837,https://openreview.net/pdf?id=o3BxOLoxm1,offline_iclr,,"Despite the recent advancements, conditional image generation still faces challenges of cost, generalizability, and the need for task-specific training. In this paper, we propose Manifold Preserving Guided Diffusion (MPGD), a training-free conditional generation framework that leverages pretrained d"
45,paper488,A Density-driven Iterative Prototype Optimization for Transductive Few-shot Learning,Jingcong Li; Chunjin Ye; Fei Wang; Jiahui Pan,2024,IJCAI 2024,main,Poster,Machine Learning,"Machine Learning: ML: Few-shot learning; Computer Vision: CV: Transfer, low-shot, semi- and un- supervised learning",0,15.367,0.000,,https://www.ijcai.org/proceedings/2024/488,https://www.ijcai.org/proceedings/2024/0488.pdf,offline_ijcai,,"Few-shot learning (FSL) poses a considerable challenge since it aims to improve the model generalization ability with limited labeled data. Previous works usually attempt to construct class-specific prototypes and then predict novel classes using these prototypes. However, the feature distribution r"
46,MrGca1Q7mK,"Location, Location, Location: Design Bias with Kernel Transformation",Xin Li,2025,ICLR 2025,main,Withdraw,learning theory,implicit representation; concentration of measure; recursive kernel transformation; design bias; manifold learning,0,15.358,0.000,,https://openreview.net/forum?id=MrGca1Q7mK,,offline_iclr,,It has been hypothesized that the old brain was compressed into cortical columns of the neocortex during the evolution of mammalian brains. Computational modeling of hippocampal-cortical interaction inspires us to propose a navigation-based implicit representation for manifold learning. The key new 
47,4JihzQXNJn,Diffusion Models and the Manifold Hypothesis: Log-Domain Smoothing is Geometry Adaptive,Tyler Farghly; Peter Potaptchik; Samuel Howard; George Deligiannidis; Jakiw Pidstrigach,2025,NIPS 2025,main,Poster,deep_learning,diffusion models;generalization;manifold hypothesis;memorization,0,15.347,0.000,,https://openreview.net/forum?id=4JihzQXNJn,,offline_nips,,"Diffusion models have achieved state-of-the-art performance, demonstrating remarkable generalisation capabilities across diverse domains. However, the mechanisms underpinning these strong capabilities remain only partially understood. A leading conjecture, based on the manifold hypothesis, attribute"
48,ee7d022a4d,iMESA: Incremental Distributed Optimization for Collaborative Simultaneous Localization and Mapping,Daniel McGann; Michael Kaess,2024,RSS 2024,main,Poster,,,0,15.327,0.000,,https://www.roboticsproceedings.org/rss20/p085.html,https://www.roboticsproceedings.org/rss20/p085.pdf,offline_rss,,"This paper introduces a novel incremental distributed back-end algorithm for Collaborative Simultaneous Localization and Mapping (C-SLAM). For real-world deployments, robotic teams require algorithms to compute a consistent state estimate accurately, within online runtime constraints, and with poten"
49,FeqxK6PW79,Analyzing Deep Transformer Models for Time Series Forecasting via Manifold Learning,Ilya Kaufman; Omri Azencot,2024,ICLR 2024,main,Reject,visualization or interpretation of learned representations,representation learning;manifold analysis;deep neural networks;time series forecasting,0,15.229,0.000,,https://openreview.net/forum?id=FeqxK6PW79,,offline_iclr,,"Deep transformer models consistently achieve groundbreaking results on natural language processing and computer vision problems, among other engineering and scientific domains. However, despite active research that aims to better understand transformer neural networks via e.g., computing saliency sc"
50,vkOaerjEcz,MTMC: Generalized Category Discovery via Maximum Token Manifold Capacity,Luyao Tang; Kunze Huang; Xinghao Ding; Xiaotong Tu; Chaoqi Chen,2025,ICLR 2025,main,Reject,"unsupervised, self-supervised, semi-supervised, and supervised representation learning",generalized category discovery;deep cluster;manifold capacity,0,15.186,0.000,,https://openreview.net/forum?id=vkOaerjEcz,,offline_iclr,,Identifying previously unseen data is crucial for enhancing the robustness of deep learning models in the open world. Generalized category discovery (GCD) is a representative problem that requires clustering unlabeled data that includes known and novel categories. Current GCD methods mostly focus on
51,KskYMxXVKX,Accelerated Methods for Riemannian Min-Max Optimization Ensuring Bounded Geometric Penalties,David Martínez-Rubio; Christophe Roux; Christopher Criscitiello; Sebastian Pokutta,2025,AISTATS 2025,main,Poster,,,0,15.160,0.000,,https://openreview.net/forum?id=KskYMxXVKX,,offline_aistats,,"In this work, we study optimization problems of the form $\min_x \max_y f(x, y)$, where $f(x, y)$ is defined on a product Riemannian manifold $\mathcal{M} \times \mathcal{N}$ and is $\mu_x$-strongly geodesically convex (g-convex) in $x$ and $\mu_y$-strongly g-concave in $y$, for $\mu_x, \mu_y \geq 0"
52,SQnOmOzqAM,Neural Manifold Operators for Learning the Evolution of Physical Dynamics,Hao Wu; Shuyi Zhou; Xiaomeng Huang; Wei Xiong,2024,ICLR 2024,main,Withdraw,"applications to physical sciences (physics, chemistry, biology, etc.)",Neural Operator;Manifold Learning;Dynamical System,0,15.145,0.000,,https://openreview.net/forum?id=SQnOmOzqAM,,offline_iclr,,"Modeling the evolution of physical dynamics is a foundational problem in science and engineering, and it is regarded as the modeling of an operator mapping between infinite-dimensional functional spaces. Operator learning methods, learning the underlying infinite-dimensional operator in a high-dimen"
53,mZvzvwIu8f,Reducing class-wise confusion for incremental learning with disentangled manifolds,Huitong Chen; Yu Wang; YanFan; Guosong Jiang; Qinghua Hu,2025,ICLR 2025,main,Withdraw,"transfer learning, meta learning, and lifelong learning",Class incremental learning; Auto-encoder; Manifold,0,15.143,0.000,,https://openreview.net/forum?id=mZvzvwIu8f,,offline_iclr,,"Class incremental learning (CIL) aims to enable models to continuously learn new classes without catastrophically forgetting old ones. A promising direction is to learn and use prototypes of classes during incremental updates. Despite simplicity and intuition, we find that such methods suffer from i"
54,NjxW4m6KdH,Random Forest Autoencoders for Guided Representation Learning,Adrien Aumon; Shuang Ni; Myriam Lizotte; Guy Wolf; Kevin R. Moon,2025,NIPS 2025,main,Poster,general_machine_learning,Manifold learning;Random Forest proximities;Regularized autoencoders;Semi-supervised visualization;Out-of-sample extension,0,15.089,0.000,,https://openreview.net/forum?id=NjxW4m6KdH,,offline_nips,,"Extensive research has produced robust methods for unsupervised data visualization. Yet supervised visualization—where expert labels guide representations—remains underexplored, as most supervised approaches prioritize classification over visualization. Recently, RF-PHATE, a diffusion-based manifold"
55,QQqDBRRslp,Toward a Unified Geometry Understanding : Riemannian Diffusion Framework for Graph Generation and Prediction,Yisen Gao; Xingcheng Fu; Qingyun Sun; Jianxin Li; Xianxian LI,2025,NIPS 2025,main,Poster,deep_learning,Graph Generation;Hyperbolic Graph Learning;Riemannian Manifold;Graph Learning,0,15.002,0.000,,https://openreview.net/forum?id=QQqDBRRslp,,offline_nips,,"Graph diffusion models have made significant progress in learning structured graph data and have demonstrated strong potential for predictive tasks. Existing approaches typically embed node, edge, and graph-level features into a unified latent space, modeling prediction tasks including classificatio"
56,33510,Spherical Manifold Guided Diffusion Model for Panoramic Image Generation,Xiancheng Sun; Mai Xu; Shengxi Li; Senmao Ma; Xin Deng,2025,CVPR 2025,main,Poster,,,0,14.970,0.000,,https://cvpr.thecvf.com/virtual/2025/poster/33510,https://openaccess.thecvf.com/content/CVPR2025/papers/Sun_Spherical_Manifold_Guided_Diffusion_Model_for_Panoramic_Image_Generation_CVPR_2025_paper.pdf,offline_cvpr,,"Panoramic image essentially acts as a pivotal role in emerging virtual reality and augmented reality scenarios; however, the generation of panoramic images are essentially challenging due to the intrinsic spherical geometry and spherical distortions caused by equirectangular projection (ERP). To add"
57,a72vorQK8v,Enforcing Latent Euclidean Geometry in VAEs for Statistical Manifold Interpolation,Alessandro Palma; Sergei Rybakov; Leon Hetzel; Stephan Günnemann; Fabian J Theis,2025,ICLR 2025,main,Reject,"applications to physical sciences (physics, chemistry, biology, etc.)",scRNA-seq;Riemannian geometry;representation learning;trajectory inference;VAEs;statistical manifolds,0,14.934,0.000,,https://openreview.net/forum?id=a72vorQK8v,,offline_iclr,,"Latent linear interpolations are a powerful tool for navigating the representation space of deep generative models. This aspect is particularly relevant in applied settings, where meaningful latent traversals can be learnt to represent the evolution of a system's trajectory and mapped back to the of"
58,KlN00vQEY2,"Manifolds, Random Matrices and Spectral Gaps: The geometric phases of generative diffusion",Enrico Ventura; Beatrice Achilli; Gianluigi Silvestri; Carlo Lucibello; Luca Ambrogioni,2025,ICLR 2025,main,Poster,generative models,Generative diffusion models;differential geometry;spectral gaps;random matrices;generalization;manifold,0,14.926,0.000,,https://iclr.cc/virtual/2025/poster/30036,https://openreview.net/pdf?id=KlN00vQEY2,offline_iclr,,"In this paper, we investigate the latent geometry of generative diffusion models under the manifold hypothesis. For this purpose, we analyze the spectrum of eigenvalues (and singular values) of the Jacobian of the score function, whose discontinuities (gaps) reveal the presence and dimensionality of"
59,xNaPs8bdLa,Aggregation of Multi Diffusion Models for Enhancing Learned Representations,Conghan Yue; Zhengwei Peng; Shiyan Du; Zhi Ji; Dongyu Zhang,2025,ICLR 2025,main,Withdraw,generative models,Diffusion Models;Conditional Generation,0,14.922,0.000,,https://openreview.net/forum?id=xNaPs8bdLa,,offline_iclr,,"Diffusion models have achieved remarkable success in image generation, particularly with the various applications of classifier-free guidance conditional diffusion models. While many diffusion models perform well when controlling for particular aspect among style, character, and interaction, they st"
60,y3BuJotSKl,Adversarial Defense using Targeted Manifold Manipulation,Banibrata Ghosh; HARIPRIYA HARIKUMAR; Svetha Venkatesh; Santu Rana,2024,ICLR 2024,main,Reject,"general machine learning (i.e., none of the above)",Adversarial Defense;Backdoor;Deep Learning,0,14.898,0.000,,https://openreview.net/forum?id=y3BuJotSKl,,offline_iclr,,Adversarial attacks on deep models are often guaranteed to find a small and innocuous perturbation to easily alter class label of a test input. We use a novel Targeted Manifold Manipulation approach to direct the gradients from the genuine data manifold towards carefully planted trapdoors during suc
61,XfNrWdHuoi,Geometry-Aware Generative Autoencoders for Warped Riemannian Metric Learning and Generative Modeling on Data Manifolds,Xingzhi Sun; Danqi Liao; Kincaid MacDonald; Yanlei Zhang; Guillaume Huguet,2025,AISTATS 2025,main,Poster,,,0,14.891,0.000,,https://openreview.net/forum?id=XfNrWdHuoi,,offline_aistats,,"Rapid growth of high-dimensional datasets in fields such as single-cell RNA sequencing and spatial genomics has led to unprecedented opportunities for scientific discovery, but it also presents unique computational and statistical challenges. Traditional methods struggle with geometry-aware data gen"
62,lbasmwFWzH,Riemannian Low-Rank Adaptation for Federated Fine-Tuning of Foundation Models,Zihan Zhou; Yang Zhou; Tianshi Che; Zeru Zhang; Jiaxiang Ren,2025,ICLR 2025,main,Withdraw,"other topics in machine learning (i.e., none of the above)",Rank-adaptive LoRA;Federated Learning;Fine-Tuning;Foundation Models;Riemannian Theory,0,14.885,0.000,,https://openreview.net/forum?id=lbasmwFWzH,,offline_iclr,,"Rank-adaptive low-rank adaptation (LoRA), a parameter-efficient fine-tuning (PEFT) technology, has achieved state-of-the-art performance in fine-tuning foundation models (FM). Directly transplanting the rank-adaptive LoRA methods from centralized learning to federated learning raises two critical is"
63,mBXLtNKpeQ,Pullback Flow Matching on Data Manifolds,Friso de Kruiff; Erik J Bekkers; Ozan Öktem; Carola-Bibiane Schönlieb; Willem Diepeveen,2025,ICLR 2025,main,Reject,generative models,Pullback Geometry;Manifold Learning;Generative Modeling;Neural ODEs;Data manifolds,0,14.856,0.000,,https://openreview.net/forum?id=mBXLtNKpeQ,,offline_iclr,,"We propose Pullback Flow Matching (PFM), a novel framework for generative modeling on data manifolds. Unlike existing methods that assume or learn restrictive closed-form manifold mappings for training Riemannian Flow Matching (RFM) models, PFM leverages pullback geometry and isometric learning to p"
64,2024.emnlp-main.987,Pruning via Merging: Compressing LLMs via Manifold Alignment Based Layer Merging,Deyuan Liu; Zhanyue Qin; Hairu Wang; Zhao Yang; Zecheng Wang,2024,EMNLP 2024,main,Main,,,0,14.848,0.000,,https://aclanthology.org/2024.emnlp-main.987/,https://aclanthology.org/2024.emnlp-main.987.pdf,offline_emnlp,,"While large language models (LLMs) excel in many domains, their complexity and scale challenge deployment in resource-limited environments. Current compression techniques, such as parameter pruning, often fail to effectively utilize the knowledge from pruned parameters. To address these challenges, "
65,10611372,Quasi-static Path Planning for Continuum Robots By Sampling on Implicit Manifold,Yifan Wang; Yue Chen; Yifan Wang; Yue Chen,2024,ICRA 2024,main,Poster,,,0,14.832,0.000,,https://ieeexplore.ieee.org/document/10611372/,,offline_icra,,"Continuum robots (CR) offer excellent dexterity and compliance in contrast to rigid-link robots, making them suitable for navigating through, and interacting with, confined environments. However, the study of path planning for CRs while considering external elastic contact is limited. The challenge "
66,nBQHTBVnfr,Geometric Analysis of Nonlinear Manifold Clustering,Nimita Shinde; Tianjiao Ding; Daniel Robinson; Rene Vidal,2024,NIPS 2024,main,Poster,machine_learning_for_other_sciences_and_fields,Manifold clustering;large scale clustering,0,14.831,0.000,,https://neurips.cc/virtual/2024/poster/93708,https://openreview.net/pdf?id=nBQHTBVnfr,offline_nips,,"Manifold clustering is an important problem in motion and video segmentation, natural image clustering, and other applications where high-dimensional data lie on multiple, low-dimensional, nonlinear manifolds. While current state-of-the-art methods on large-scale datasets such as CIFAR provide good "
67,AJN5btaqNk,Score-based Pullback Riemannian Geometry: Extracting the Data Manifold Geometry using Anisotropic Flows,Willem Diepeveen; Georgios Batzolis; Zakhar Shumaylov; Carola-Bibiane Schönlieb,2025,ICML 2025,main,Poster,deep_learning->generative_models_and_autoencoders,data manifold geometry;score-based pullback Riemannian metric;anisotropic normalizing flows;closed-form geodesics;intrinsic dimension estimation;Riemannian auto-encoder;interpretable representation learning,0,14.829,0.000,,https://icml.cc/virtual/2025/poster/46179,https://openreview.net/pdf?id=AJN5btaqNk,offline_icml,,"Data-driven Riemannian geometry has emerged as a powerful tool for interpretable representation learning, offering improved efficiency in downstream tasks. Moving forward, it is crucial to balance cheap manifold mappings with efficient training algorithms. In this work, we integrate concepts from pu"
68,2025.naacl-long.143,Probe-Free Low-Rank Activation Intervention,Chonghe Jiang; Bao Nguyen; Anthony Man-Cho So; Viet Anh Nguyen,2025,NAACL 2025,main,Long,,,0,14.769,0.000,,https://aclanthology.org/2025.naacl-long.143/,https://aclanthology.org/2025.naacl-long.143.pdf,offline_naacl,,Language models (LMs) can produce texts that appear accurate and coherent but contain untruthful or toxic content. Inference-time interventions that edit the hidden activations have shown promising results in steering the LMs towards desirable generations. Existing activation intervention methods of
69,VtqyurB4Af,Guidance with Spherical Gaussian Constraint for Conditional Diffusion,Lingxiao Yang; Shutong Ding; Yifan Cai; Jingyi Yu; Jingya Wang,2024,ICML 2024,main,Poster,,,0,14.719,0.000,,https://icml.cc/virtual/2024/poster/33898,https://openreview.net/pdf?id=VtqyurB4Af,offline_icml,,"Recent advances in diffusion models attempt to handle conditional generative tasks by utilizing a differentiable loss function for guidance without the need for additional training. While these methods achieved certain success, they often compromise on sample quality and require small guidance step "
70,YZdc7mTq7I,GeoMind: A Geometric Neural Network of State Space Model for Understanding Brain Dynamics on Riemannian Manifold,Tingting Dan; Jiaqi Ding; Guorong Wu,2025,ICLR 2025,main,Withdraw,applications to neuroscience & cognitive science,Geometric deep learning;state space model;brain dynamics;Riemannian Manifold,0,14.700,0.000,,https://openreview.net/forum?id=YZdc7mTq7I,,offline_iclr,,State space model (SSM) is a powerful tool in neuroscience field to characterize the dynamic nature of brain functions by elucidating the mechanism of how brain system transits between brain states and how underlying states give rise to the observed neural activities. Although tremendous efforts hav
71,1394,Scalable Group Choreography via Variational Phase Manifold Learning,Nhat Le; Khoa Do; Xuan Bui; Tuong Do; Erman Tjiputra,2024,ECCV 2024,main,Poster,,,0,14.682,0.000,,https://eccv2024.ecva.net//virtual/2024/poster/1394,https://www.ecva.net/papers/eccv_2024/papers_ECCV/papers/02766.pdf,offline_eccv,,"""Generating group dance motion from the music is a challenging task with several industrial applications. Although several methods have been proposed to tackle this problem, most of them prioritize optimizing the fidelity in dancing movement, constrained by predetermined dancer counts in datasets. T"
72,RUgBoMu0ad,Hierarchical Classification by Training to Diffuse on the Manifold,Kaixiang Song; Guoyuan An; Yuchi Huo; Yanan Li; Wei Hua,2024,ICLR 2024,main,Withdraw,"unsupervised, self-supervised, semi-supervised, and supervised representation learning",hierarchical classification;diffusion;hierarchical contrastive learning,0,14.632,0.000,,https://openreview.net/forum?id=RUgBoMu0ad,,offline_iclr,,"Hierarchical classification, the problem of requiring classifying images according to a hierarchical taxonomy, has broad applications owing to the principle of ``making better mistakes'', i.e., better to predict correct coarse labels than incorrect fine labels.
Despite the importance, the literature"
73,article-28007,Combinatorial CNN-Transformer Learning with Manifold Constraints for Semi-supervised Medical Image Segmentation,Huimin Huang; Yawen Huang; Shiao Xie; Lanfen Lin; Ruofeng Tong,2024,AAAI 2024,main,Technical,computer vision ii,,0,14.623,0.000,,https://ojs.aaai.org/index.php/AAAI/article/view/28007,https://ojs.aaai.org/index.php/AAAI/article/view/28007/28029,offline_aaai,,"Semi-supervised learning (SSL), as one of the dominant methods, aims at leveraging the unlabeled data to deal with the annotation dilemma of supervised learning, which has attracted much attentions in the medical image segmentation. 
Most of the existing approaches leverage a unitary network by conv"
74,X6y5CC44HM,MANTRA: The Manifold Triangulations Assemblage,Rubén Ballester; Ernst Röell; Daniel Bin Schmid; Mathieu Alain; Sergio Escalera,2025,ICLR 2025,main,Poster,datasets and benchmarks,simplicial complex;topological deep learning;high-order;high-order dataset;simplicial complex learning,0,14.613,0.000,,https://iclr.cc/virtual/2025/poster/29323,https://openreview.net/pdf?id=X6y5CC44HM,offline_iclr,,"The rising interest in leveraging higher-order interactions present in complex systems has
led to a surge in more expressive models exploiting higher-order structures in the data,
especially in topological deep learning (TDL), which designs neural networks on higher-order domains such as simplicial "
75,ROYSNn3vvB,Local convergence of simultaneous min-max algorithms to differential equilibrium on Riemannian manifold,Sixin Zhang,2025,ICLR 2025,main,Poster,optimization,min-max algorithm;differential game;Riemannian manifold;Wasserstein GAN,0,14.611,0.000,,https://iclr.cc/virtual/2025/poster/29652,https://openreview.net/pdf?id=ROYSNn3vvB,offline_iclr,,"We study min-max algorithms to solve zero-sum differential games on
Riemannian manifold.
Based on the notions of
differential Stackelberg equilibrium
and differential Nash equilibrium on Riemannian manifold,
we analyze the local convergence of 
two representative deterministic simultaneous algorithm"
76,l4qMrcMp2i,Symmetric Space Learning for Combinatorial Generalization,Jaehyoung Jeong; Hee-Jun Jung; Kangil Kim,2025,ICLR 2025,main,Reject,generative models,Generative Model;Generalization;Combinatorial Generalization;Machine Learning;Manifold Learning;Representation Learning,0,14.610,0.000,,https://openreview.net/forum?id=l4qMrcMp2i,,offline_iclr,,"Symmetries on representations within generative models have shown essential roles in predicting unobserved combinations of semantic changes, known as combinatorial generalization tasks. However, these efforts have primarily focused on learning symmetries from only training data, and thus, the extens"
77,kBNIx4Biq4,Lifting Architectural Constraints of Injective Flows,Peter Sorrenson; Felix Draxler; Armand Rousselot; Sander Hummerich; Lea Zimmermann,2024,ICLR 2024,main,Poster,generative models,normalizing flows;injective flows;manifold learning;maximum likelihood;generative model;auto encoder,0,14.586,0.000,,https://iclr.cc/virtual/2024/poster/17989,https://openreview.net/pdf?id=kBNIx4Biq4,offline_iclr,,"Normalizing Flows explicitly maximize a full-dimensional likelihood on the training data. However, real data is typically only supported on a lower-dimensional manifold leading the model to expend significant compute on modeling noise. Injective Flows fix this by jointly learning a manifold and the "
78,7gGl6HB5Zd,Manifold Induced Biases for Zero-shot and Few-shot Detection of Generated Images,Jonathan Brokman; Amit Giloni; Omer Hofman; Roman Vainshtein; Hisashi Kojima,2025,ICLR 2025,main,Poster,generative models,zero-shot;few-shot;generated image detection;total-variation;curvature;score function;diffusion models,0,14.514,0.000,,https://iclr.cc/virtual/2025/poster/30810,https://openreview.net/pdf?id=7gGl6HB5Zd,offline_iclr,,"Distinguishing between real and AI-generated images, commonly referred to as  'image detection', presents a timely and significant challenge. Despite extensive research in the (semi-)supervised regime, zero-shot and few-shot solutions have only recently emerged as promising alternatives. Their main "
79,5fybcQZ0g4,Categorical Flow Matching on Statistical Manifolds,Chaoran Cheng; Jiahan Li; Jian Peng; Ge Liu,2024,NIPS 2024,main,Poster,generative_models,Generative Model;Flow Matching;Statistical Manifold,0,14.498,0.000,,https://neurips.cc/virtual/2024/poster/96577,https://openreview.net/pdf?id=5fybcQZ0g4,offline_nips,,"We introduce Statistical Flow Matching (SFM), a novel and mathematically rigorous flow-matching framework on the manifold of parameterized probability measures inspired by the results from information geometry. We demonstrate the effectiveness of our method on the discrete generation problem by inst"
80,geajNKab7g,First-Order Manifold Data Augmentation for Regression Learning,Ilya Kaufman; Omri Azencot,2024,ICML 2024,main,Poster,,,0,14.460,0.000,,https://icml.cc/virtual/2024/poster/33419,https://openreview.net/pdf?id=geajNKab7g,offline_icml,,"Data augmentation (DA) methods tailored to specific domains generate synthetic samples by applying transformations that are appropriate for the characteristics of the underlying data domain, such as rotations on images and time warping on time series data. In contrast, *domain-independent* approache"
81,eAFNJk63KE,Riemannian Manifold Learning for Stackelberg Games with Neural Flow Representations,Larkin Liu; Yutong Chao; Jalal Etesami; Kashif Rasul,2025,ICLR 2025,main,Reject,learning on graphs and other geometries & topologies,Neural Normalizing Flows;Stackelberg Games;Riemannian Manifolds,0,14.456,0.000,,https://openreview.net/forum?id=eAFNJk63KE,,offline_iclr,,"We present a novel framework for online learning in Stackelberg general-sum games, where two agents, the leader and follower, engage in sequential turn-based interactions. At the core of this approach is a learned diffeomorphism that maps the joint action space to a smooth Riemannian manifold, refer"
82,u6Ux5OCGmW,RSAM: Learning on Manifolds with Riemannian Sharpness-Aware Minimization,Tuan Truong; Hoang-Phi Nguyen; Tung Pham; Minh-Tuan Tran; Mehrtash Harandi,2024,ICLR 2024,main,Withdraw,"metric learning, kernel learning, and sparse coding",manifold;constrained optimization;sharpness-aware minimization;optimization,0,14.453,0.000,,https://openreview.net/forum?id=u6Ux5OCGmW,,offline_iclr,,"Nowadays, understanding the geometry of the loss landscape shows promise in enhancing a model's generalization ability. In this work, we draw upon prior works that apply geometric principles to optimization and present a novel approach to improve robustness and generalization ability for constrained"
83,cWdAYDLmPa,State Representation Learning Using an Unbalanced Atlas,Li Meng; Morten Goodwin; Anis Yazidi; Paal E. Engelstad,2024,ICLR 2024,main,Poster,"unsupervised, self-supervised, semi-supervised, and supervised representation learning",Self-supervised learning;State representation learning,0,14.434,0.000,,https://iclr.cc/virtual/2024/poster/18294,https://openreview.net/pdf?id=cWdAYDLmPa,offline_iclr,,"The manifold hypothesis posits that high-dimensional data often lies on a lower-dimensional manifold and that utilizing this manifold as the target space yields more efficient representations. While numerous traditional manifold-based techniques exist for dimensionality reduction, their application "
84,UH4HinPK9d,Provably Accurate ODE Forecasting Through Explicit Trajectory Optimization,Helmuth Naumer; Farzad Kamalabadi,2024,ICLR 2024,main,Reject,"probabilistic methods (Bayesian methods, variational inference, sampling, UQ, etc.)",Forecasting;Dynamical Systems;Parameter Estimation;Bayesian Inference,0,14.427,0.000,,https://openreview.net/forum?id=UH4HinPK9d,,offline_iclr,,This work introduces a method to enable accurate forecasting of time series governed by ordinary differential equations (ODE) through the usage of cost functions explicitly dependent on the future trajectory rather than the past measurement times. We prove that the space of solutions of an $N$-dimen
85,article-28754,Motif-Aware Riemannian Graph Neural Network with Generative-Contrastive Learning,Li Sun; Zhenhao Huang; Zixi Wang; Feiyang Wang; Hao Peng,2024,AAAI 2024,main,Technical,data mining knowledge management,,0,14.410,0.000,,https://ojs.aaai.org/index.php/AAAI/article/view/28754,https://ojs.aaai.org/index.php/AAAI/article/view/28754/29450,offline_aaai,,"Graphs are typical non-Euclidean data of complex structures. In recent years, Riemannian graph representation learning has emerged as an exciting alternative to Euclidean ones. However, Riemannian methods are still in an early stage: most of them present a single curvature (radius) regardless of str"
86,49Rc51iCso,Mitigating Overthinking in Large Reasoning Models via Manifold Steering,Yao Huang; Huanran Chen; Shouwei Ruan; Yichi Zhang; Xingxing Wei,2025,NIPS 2025,main,Poster,deep_learning,Large Reasoning Models;Overthinking;Mechanistic Interpretability;Manifold Steering,0,13.279,0.000,,https://openreview.net/forum?id=49Rc51iCso,,offline_nips,,"Recent advances in Large Reasoning Models (LRMs) have demonstrated remarkable capabilities in solving complex tasks such as mathematics and coding. However, these models frequently exhibit a phenomenon known as *overthinking* during inference, characterized by excessive validation loops and redundan"
87,9ZPegFuFTFv,miniF2F: a cross-system benchmark for formal Olympiad-level mathematics,Kunhao Zheng; Jesse Michael Han; Stanislas Polu,2022,ICLR 2022,main,Poster,,Neural theorem proving;Benchmark dataset,0,12.986,0.000,,https://iclr.cc/virtual/2022/poster/6258,https://openreview.net/pdf?id=9ZPegFuFTFv,offline_iclr,,"We present $\textsf{miniF2F}$, a dataset of formal Olympiad-level mathematics problems statements intended to provide a unified cross-system benchmark for neural theorem proving. The $\textsf{miniF2F}$ benchmark currently targets Metamath, Lean, Isabelle (partially) and HOL Light (partially) and con"
88,18491,Learning Manifold Implicitly via Explicit Heat-Kernel Learning,Yufan Zhou; Changyou Chen; Jinhui Xu,2020,NIPS 2020,main,Poster,,,0,12.827,0.000,,https://nips.cc/virtual/2020/poster/18491,https://papers.nips.cc/paper_files/paper/2020/file/05e2a0647e260c355dd2b2175edb45b8-Paper.pdf,offline_nips,,"Manifold learning is a fundamental problem in machine learning with numerous applications. Most of the existing methods directly learn the low-dimensional embedding of the data in some high-dimensional space, and usually lack the flexibility of being directly applicable to down-stream applications. "
89,rcbKbaLxGd,Learning Graph Representations in Normed Spaces,Diaaeldin Taha; Wei Zhao; J. Maxwell Riestenberg; Michael Strube,2024,ICLR 2024,main,Withdraw,learning on graphs and other geometries & topologies,normed spaces;graph embeddings;geometric deep learning;metric learning;riemannian manifold learning,0,12.737,0.000,,https://openreview.net/forum?id=rcbKbaLxGd,,offline_iclr,,"Theoretical results from discrete geometry suggest that normed spaces can abstractly embed finite metric spaces with surprisingly low theoretical bounds on distortion in low dimensions. 
In this paper, inspired by this theoretical insight, we propose normed spaces as a more flexible and computationa"
90,2d2f902017,Adaptive Manifold Learning,Jing Wang; Zhenyue Zhang; Hongyuan Zha,2004,NIPS 2004,main,Poster,,,0,12.736,0.000,,https://papers.nips.cc/paper_files/paper/2004/hash/eb0ecdb070a1a0ac46de0cd733d39cf3-Abstract.html,https://papers.nips.cc/paper_files/paper/2004/file/eb0ecdb070a1a0ac46de0cd733d39cf3-Paper.pdf,offline_nips,,"Recently, there have been several advances in the machine learning and           pattern recognition communities for developing manifold learning algo-           rithms to construct nonlinear low-dimensional manifolds from sample           data points embedded in high-dimensional spaces. In this pap"
91,RBssYVpQEr,RealMath: A Continuous Benchmark for Evaluating Language Models on Research-Level Mathematics,Jie Zhang; Cezara Petrui; Kristina Nikolić; Florian Tramèr,2025,NIPS 2025,Datasets & Benchmarks,Poster,evaluation,Mathematics;LLM reasoning,0,12.691,0.000,,https://openreview.net/forum?id=RBssYVpQEr,,offline_nips,,"Existing benchmarks for evaluating mathematical reasoning in large language models (LLMs) rely primarily on competition problems, formal proofs, or artificially challenging questions---failing to capture the nature of mathematics encountered in actual research environments. We introduce \textsc{Real"
92,nDTvP6tBMd,HARDMath: A Benchmark Dataset for Challenging Problems in Applied Mathematics,Jingxuan Fan; Sarah Martinson; Erik Y. Wang; Kaylie Hausknecht; Jonah Brenner,2025,ICLR 2025,main,Poster,datasets and benchmarks,math;benchmark;dataset;few-shot learning;reasoning,0,12.674,0.000,,https://iclr.cc/virtual/2025/poster/28419,https://openreview.net/pdf?id=nDTvP6tBMd,offline_iclr,,"Advanced applied mathematics problems are underrepresented in existing Large Language Model (LLM) benchmark datasets. To address this, we introduce $\textbf{HARDMath}$, a dataset inspired by a graduate course on asymptotic methods, featuring challenging applied mathematics problems that require anal"
93,lzZX7E713nJ,Equivariant Manifold Flows,Isay Katsman; Aaron Lou; Derek Lim; Qingxuan Jiang; Ser-Nam Lim,2021,NIPS 2021,main,Poster,,manifold;normalizing flow;equivariant;invariant,0,12.608,0.000,,https://nips.cc/virtual/2021/poster/26841,https://openreview.net/pdf?id=lzZX7E713nJ,offline_nips,We construct manifold normalizing flows which are equivariant to isometric actions.,"Tractably modelling distributions over manifolds has long been an important goal in the natural sciences. Recent work has focused on developing general machine learning models to learn such distributions. However, for many applications these distributions must respect manifold symmetries—a trait whi"
94,xVw8YNEtH3,Reset Method based on the Theory of Manifold Optimization on Real Manifolds,Weiping Liu; Jiajun Wang; He Li; Youfa Liu; Jingui Zou,2025,ICLR 2025,main,Reject,optimization,Manifold Optimization;Real Manifolds;Method;Deep Learning.,0,12.600,0.000,,https://openreview.net/forum?id=xVw8YNEtH3,,offline_iclr,,"Manifold optimization is prominent in the fields of applied mathematics, statistics, machine learning, and in particular, deep learning. By leveraging the intrinsic geometric properties of manifolds, constrained optimization problems can be transformed into unconstrained optimization problems on cer"
95,Zix86UbMGh,ProofNet: Autoformalizing and Formally Proving Undergraduate-Level Mathematics,Zhangir Azerbayev; Bartosz Piotrowski; Hailey Schoelkopf; Edward William Ayers; Dragomir Radev,2024,ICLR 2024,main,Reject,"neurosymbolic & hybrid AI systems (physics-informed, logic & formal reasoning, etc.)",autoformalization;theorem proving,0,12.445,0.000,,https://openreview.net/forum?id=Zix86UbMGh,,offline_iclr,,"We introduce ProofNet, a benchmark for autoformalization and formal proving of undergraduate-level mathematics. The ProofNet benchmarks consists of 371 examples, each consisting of a formal theorem statement in Lean 3, a natural language theorem statement, and a natural language proof. The problems "
96,F7_odJIeQ26,Pretrained Language Models are Symbolic Mathematics Solvers too!,Kimia Noorbakhsh; Modar Sulaiman; Mahdi Sharifi; KALLOL ROY; Pooyan Jamshidi,2022,ICLR 2022,main,Reject,,,0,12.438,0.000,,https://openreview.net/forum?id=F7_odJIeQ26,,offline_iclr,,"Solving symbolic mathematics has always been of in the arena of human ingenuity that needs compositional reasoning and recurrence. However, recent studies have shown that large scale language models such as transformers are universal and surprisingly can be trained as  a sequence-to-sequence task to"
97,7uPnuoYqac,Federated Learning with Manifold Regularization and Normalized Update Reaggregation,Xuming An; Li Shen; Han Hu; Yong Luo,2023,NIPS 2023,main,Poster,,federated learning; manifold regularization; update reaggregation,0,12.322,0.000,,https://nips.cc/virtual/2023/poster/72681,https://openreview.net/pdf?id=7uPnuoYqac,offline_nips,,"Federated Learning (FL) is an emerging collaborative machine learning framework where multiple clients train the global model without sharing their own datasets. 
In FL, the model inconsistency caused by the local data heterogeneity across clients results in the near-orthogonality of client updates,"
98,twPEnmtcdy,Addressing Data Heterogeneity Through a Pre-learned Manifold for Distributed Learning Scenarios,,2026,ICLR 2026,main,Active,"other topics in machine learning (i.e., none of the above)",machine learning;Distributed Machine Learning;Federated Learning,0,12.262,0.000,,https://openreview.net/forum?id=twPEnmtcdy,,offline_iclr,,"In distributed learning environments like federated learning, data heterogeneity across clients has been a key challenge, which often leads to suboptimal model performance and convergence issues. So far, plenty of efforts have focused on addressing data heterogeneity by relying on a hypothetical clu"
99,uNKlTQ8mBD,Learning Formal Mathematics From Intrinsic Motivation,Gabriel Poesia; David Broman; Nick Haber; Noah Goodman,2024,NIPS 2024,main,Oral,machine_learning_for_other_sciences_and_fields,reasoning;reinforcement learning;formal mathematics;logic,0,12.242,0.000,,https://neurips.cc/virtual/2024/poster/93276,https://openreview.net/pdf?id=uNKlTQ8mBD,offline_nips,,How did humanity coax mathematics from the aether? We explore the Platonic view that mathematics can be discovered from its axioms---a game of conjecture and proof. We describe an agent that jointly learns to pose challenging problems for itself (conjecturing) and solve them (theorem proving). Given
100,S1eZYeHFDS,Deep Learning For Symbolic Mathematics,Guillaume Lample; François Charton,2020,ICLR 2020,main,Spotlight,,symbolic;math;deep learning;transformers,0,12.089,0.000,,https://openreview.net/forum?id=S1eZYeHFDS,,offline_iclr,"We train a neural network to compute function integrals, and to solve complex differential equations.","Neural networks have a reputation for being better at solving statistical or approximate problems than at performing calculations or working with symbolic data. In this paper, we show that they can be surprisingly good at more elaborated tasks in mathematics, such as symbolic integration and solving"
101,pKu077C57fH,Towards a Mathematics Formalisation Assistant using Large Language Models,Ayush Agrawal; Siddhartha Gadgil; Navin Goyal; Ashvni Narayanan; Anand Tadipatri,2023,ICLR 2023,main,Reject,,Large Language Models;Mathematics Formalisation,0,11.999,0.000,,https://openreview.net/forum?id=pKu077C57fH,,offline_iclr,Large language models have the potential to be useful for mathematics formalization,"Mathematics formalisation is the task of writing mathematics (i.e., definitions, theorem statements, proofs) in natural language, as found in books and papers, into a formal language that can then be checked for correctness by a program. It is a thriving activity today, however formalisation remains"
102,H2udtfMbl4,Grassmann Manifold Flows for Stable Shape Generation,Ryoma Yataka; Kazuki Hirashima; Masashi Shiraishi,2023,NIPS 2023,main,Poster,,Generative Models;Geometric Deep Learning;Normalizing Flows;Shape Analysis;Grassmann Manifold,0,11.937,0.000,,https://nips.cc/virtual/2023/poster/72177,https://openreview.net/pdf?id=H2udtfMbl4,offline_nips,,"Recently, studies on machine learning have focused on methods that use symmetry implicit in a specific manifold as an inductive bias.
Grassmann manifolds provide the ability to handle fundamental shapes represented as shape spaces, enabling stable shape analysis. 
In this paper, we present a novel a"
103,4WnqRR915j,Llemma: An Open Language Model for Mathematics,Zhangir Azerbayev; Hailey Schoelkopf; Keiran Paster; Marco Dos Santos; Stephen Marcus McAleer,2024,ICLR 2024,main,Poster,generative models,reasoning;language models;pretraining,0,11.923,0.000,,https://iclr.cc/virtual/2024/poster/19459,https://openreview.net/pdf?id=4WnqRR915j,offline_iclr,,"We present Llemma, a large language model for mathematics. We continue pretraining Code Llama on the Proof-Pile-2, a mixture of scientific papers, web data containing mathematics, and mathematical code, yielding Llemma. On the MATH benchmark Llemma outperforms all known openly released models, as we"
104,B1xewR4KvH,MANIFOLD FORESTS: CLOSING THE GAP ON NEURAL NETWORKS,Ronan Perry; Tyler M. Tomita; Jesse Patsolic; Benjamin Falk; Joshua Vogelstein,2020,ICLR 2020,main,Reject,,machine learning;structured learning;projections;structured data;images;classification,0,11.923,0.000,,https://openreview.net/forum?id=B1xewR4KvH,,offline_iclr,"Classification accuracy of decision forests on structured data, data in which the feature indices matter, can be improved using a specific projection distribution.","Decision forests (DF), in particular random forests and gradient boosting trees, have  demonstrated state-of-the-art accuracy compared to other methods in many supervised learning scenarios. In particular, DFs dominate other methods in tabular data, that is, when the feature space is unstructured, s"
105,ad_F_z27pCx,A Discussion On the Validity of Manifold Learning,Dai Shi; Andi Han; Yi Guo; Junbin Gao,2022,ICLR 2022,main,Withdraw,,Manifold learning;Dimensionality Reduction;Computational Geometry;Simplicial Complex,0,11.896,0.000,,https://openreview.net/forum?id=ad_F_z27pCx,,offline_iclr,,"Dimensionality reduction (DR) and manifold learning (ManL) have been applied extensively in many machine learning tasks, including signal processing, speech recognition, and neuroinformatics. However, the understanding of whether DR and ManL models can generate valid learning results remains unclear"
106,tlniJJFUW2,Machine Learning meets Algebraic Combinatorics: A Suite of Datasets Capturing Research-level Conjecturing Ability in Pure Mathematics,Herman Chau; Helen Jenne; Davis Brown; Jesse He; Mark Raugas,2025,ICML 2025,main,Oral,applications->everything_else,Datasets;AI for math;Mathematical reasoning and conjecturing;Algebraic combinatorics,0,11.833,0.000,,https://icml.cc/virtual/2025/poster/43763,https://openreview.net/pdf?id=tlniJJFUW2,offline_icml,,"With recent dramatic increases in AI system capabilities, there has been growing interest in utilizing machine learning for reasoning-heavy, quantitative tasks, particularly mathematics. While there are many resources capturing mathematics at the high-school, undergraduate, and graduate level, there"
107,5537,Matrix Manifold Optimization for Gaussian Mixtures,Reshad Hosseini; Suvrit Sra,2015,NIPS 2015,main,Poster,,,0,11.804,0.000,,https://nips.cc/virtual/2015/poster/5537,https://papers.nips.cc/paper_files/paper/2015/file/dbe272bab69f8e13f14b405e038deb64-Paper.pdf,offline_nips,,"We take a new look at parameter estimation for Gaussian Mixture Model (GMMs). Specifically, we advance Riemannian manifold optimization (on the manifold of positive definite matrices) as a potential replacement for Expectation Maximization (EM), which has been the de facto standard for decades. An o"
108,Ccu21bGqRv,Generative Adversarial Optimization: Dual-Reward Reinforcement Learning for Mathematics Reasoning,,2026,ICLR 2026,main,Active,reinforcement learning,LLM Reasoning Model;Math,0,11.788,0.000,,https://openreview.net/forum?id=Ccu21bGqRv,,offline_iclr,,"Despite recent progress achieved by large language models (LLMs), their remarkable mathematics reasoning abilities are largely dependent on fine-tuning on the annotated data, lacking generalization on out-of-distribution tasks. To address this, current methods adopt reinforcement learning (RL) to in"
109,0ST7MDmzPL,Manifold Learning via Data Topology Optimization: Gradient Method Application,,2026,ICLR 2026,main,Active,learning on graphs and other geometries & topologies,manifold learning;gradient optimization;Isomap;topology search,0,11.732,0.000,,https://openreview.net/forum?id=0ST7MDmzPL,,offline_iclr,,"The study of topological properties in data and their application to machine learning is a growing research area. While most methods operate in Euclidean space, alternative topologies (e.g., hyperbolic embeddings for recommender systems) often yield superior performance. However, real-world data set"
110,25HMCfbzOC,Learning Complex Geometric Structures from Data with Deep Riemannian Manifolds,Aaron Lou; Maximilian Nickel; Mustafa Mukadam; Brandon Amos,2022,ICLR 2022,main,Withdraw,,manifold;geometry;graph embedding;geodesic;differential equations;BVP;differentiable programming,0,11.666,0.000,,https://openreview.net/forum?id=25HMCfbzOC,,offline_iclr,,"We present Deep Riemannian Manifolds, a new class of neural network parameterized Riemannian manifolds that can represent and learn complex geometric structures. To do this, we first construct a neural network which outputs symmetric positive definite matrices and show that the induced metric can un"
111,-P7G-8dmSh4,Formal Mathematics Statement Curriculum Learning,Stanislas Polu; Jesse Michael Han; Kunhao Zheng; Mantas Baksys; Igor Babuschkin,2023,ICLR 2023,main,Top-25%,,neural theorem proving;formal mathematics;language modeling;expert iteration,0,11.575,0.000,,https://iclr.cc/virtual/2023/poster/11923,https://openreview.net/pdf?id=-P7G-8dmSh4,offline_iclr,,"We explore the use of expert iteration in the context of language modeling applied to formal mathematics. We show that at same compute budget, expert iteration, by which we mean proof search interleaved with learning, dramatically outperforms proof search only. We also observe that when applied to a"
112,18845,Sample complexity and effective dimension for regression on manifolds,Andrew McRae; Justin Romberg; Mark Davenport,2020,NIPS 2020,main,Poster,,,0,11.502,0.000,,https://nips.cc/virtual/2020/poster/18845,https://papers.nips.cc/paper_files/paper/2020/file/977f8b33d303564416bf9f4ab1c39720-Paper.pdf,offline_nips,,"We consider the theory of regression on a manifold using reproducing kernel Hilbert space methods. Manifold models arise in a wide variety of modern machine learning problems, and our goal is to help understand the effectiveness of various implicit and explicit dimensionality-reduction methods that "
113,ERJd7dMN6U,Riemannian Optimization on Relaxed Indicator Matrix Manifold,,2026,ICLR 2026,main,Active,"unsupervised, self-supervised, semi-supervised, and supervised representation learning",Optimization;Clustering;Graph Cut,0,11.497,0.000,,https://openreview.net/forum?id=ERJd7dMN6U,,offline_iclr,,"The indicator matrix plays an important role in machine learning, but optimizing it is an NP-hard problem. We propose a new relaxation of the indicator matrix and compared with other existing relaxations, it can flexibly incorporate class information. We prove that this relaxation forms a manifold, "
114,EhStXG4dCS,Wrapped Gaussian on the manifold of Symmetric Positive Definite Matrices,Thibault de Surrel; Fabien Lotte; Sylvain Chevallier; Florian Yger,2025,ICML 2025,main,Poster,probabilistic_methods,Gaussian distribution;Wrapped distributions;Symmetric positive definite matrices;estimation;classification;Riemannian geometry;density estimation,0,11.484,0.000,,https://icml.cc/virtual/2025/poster/45934,https://openreview.net/pdf?id=EhStXG4dCS,offline_icml,,"Circular and non-flat data distribution are prevalent across diverse domains of data science, yet their specific geometric structures often remain underutilized in machine learning frameworks.
A principled approach to accounting for the underlying geometry of such data is pivotal, particularly when "
115,5RIop1E1ga,Distributional Autoencoders Know the Score,Andrej Leban,2025,NIPS 2025,main,Poster,deep_learning,Generative Models;Unsupervised Learning Methods;Autoencoders;Nonlinear Dimensionality Reduction and Manifold Learning;Score Matching / Score-based Models;Scientific Machine Learning / AI for Science,0,11.379,0.000,,https://openreview.net/forum?id=5RIop1E1ga,,offline_nips,,"The Distributional Principal Autoencoder (DPA) combines distributionally correct reconstruction with principal-component-like interpretability of the encodings. In this work, we provide exact theoretical guarantees on both fronts. First, we derive a closed-form relation linking each optimal level-se"
116,ZarM_uLVyGw,Contrastive Reinforcement Learning of Symbolic Reasoning Domains,Gabriel Poesia; WenXin Dong; Noah Goodman,2021,NIPS 2021,main,Poster,,reinforcement learning;education;contrastive learning;symbolic reasoning,0,11.219,0.000,,https://nips.cc/virtual/2021/poster/26839,https://openreview.net/pdf?id=ZarM_uLVyGw,offline_nips,We propose a novel algorithm for reinforcement learning in discrete symbolic domains based on contrastive learning.,"Abstract symbolic reasoning, as required in domains such as mathematics and logic, is a key component of human intelligence. Solvers for these domains have important applications, especially to computer-assisted education. But learning to solve symbolic problems is challenging for machine learning a"
117,3rGLfR0dqp,Predicting Out-of-Domain Generalization with Local Manifold Smoothness,Nathan Hoyen Ng; Neha Hulkund; Kyunghyun Cho; Marzyeh Ghassemi,2023,ICLR 2023,main,Withdraw,,complexity measure;out of domain generalization;smoothness,0,11.196,0.000,,https://openreview.net/forum?id=3rGLfR0dqp,,offline_iclr,Local manifold smoothness is a novel complexity measure that can be used to predict generalization even on out-of-domain test sets without labels.,"Understanding how machine learning models generalize to new environments is a critical part of their safe deployment. Recent work has proposed a variety of complexity measures that directly predict or theoretically bound the generalization capacity of a model. However, these methods rely on a strong"
118,zO2dAQfvHf,Stabilized Neural Differential Equations for Learning Dynamics with Explicit Constraints,Alistair White; Niki Kilbertus; Maximilian Gelbrecht; Niklas Boers,2023,NIPS 2023,main,Poster,,neural differential equations;neural ordinary differential equations;constraints;conservation laws;stabilization;dynamical systems;dynamics;scientific machine learning;physics-informed machine learning,0,11.194,0.000,,https://nips.cc/virtual/2023/poster/69898,https://openreview.net/pdf?id=zO2dAQfvHf,offline_nips,,"Many successful methods to learn dynamical systems from data have recently been introduced. However, ensuring that the inferred dynamics preserve known constraints, such as conservation laws or restrictions on the allowed system states, remains challenging. We propose stabilized neural differential "
119,4IRYGvyevW,Beyond the Lazy versus Rich Dichotomy: Geometry Insights in Feature Learning from Task-Relevant Manifold Untangling,Chi-Ning Chou; Hang Le; Yichen Wang; SueYeon Chung,2025,ICLR 2025,main,Reject,applications to neuroscience & cognitive science,Computational neuroscience;storage capacity;neural manifolds;representational geometry;rich and lazy learning;training dynamics;feature learning,0,11.174,0.000,,https://openreview.net/forum?id=4IRYGvyevW,,offline_iclr,,The ability to integrate task-relevant information into neural representations is a fundamental aspect of both human and machine intelligence. Recent studies have explored the transition of neural networks from the *lazy* training regime (where the trained network is equivalent to a linear model of 
120,H1lug3R5FX,On the Geometry of Adversarial Examples,Marc Khoury; Dylan Hadfield-Menell,2019,ICLR 2019,main,Reject,,adversarial examples;high-dimensional geometry,0,11.111,0.000,,https://openreview.net/forum?id=H1lug3R5FX,,offline_iclr,We present a geometric framework for proving robustness guarantees and highlight the importance of codimension in adversarial examples. ,"Adversarial examples are a pervasive phenomenon of machine learning models where seemingly imperceptible perturbations to the input lead to misclassifications for otherwise statistically accurate models. We propose a geometric framework, drawing on tools from the manifold reconstruction literature, "
121,ChKCF75Ocd,PutnamBench: Evaluating Neural Theorem-Provers on the Putnam Mathematical Competition,George Tsoukalas; Jasper Lee; John Jennings; Jimmy Xin; Michelle Ding,2024,NIPS 2024,Datasets & Benchmarks,Poster,,neural theorem proving;formal methods;large language models;mathematical reasoning;theorem proving;Lean;Isabelle;Coq;AI for Math;formal reasoning,0,11.103,0.000,,https://neurips.cc/virtual/2024/poster/97811,https://openreview.net/pdf?id=ChKCF75Ocd,offline_nips,,"We present PutnamBench, a new multi-language benchmark for evaluating the ability of neural theorem-provers to solve competition mathematics problems. PutnamBench consists of 1692 hand-constructed formalizations of 640 theorems sourced from the William Lowell Putnam Mathematical Competition, the pre"
122,85BzB3WP-qj,Across-animal odor decoding by probabilistic manifold alignment,Pedro Herrero-Vidal; Dmitry Rinberg; Cristina Savin,2021,NIPS 2021,main,Spotlight,,neuroscience;probabilistic models;latent dynamical systems;decoding;neural alignment;across-animal neural analysis,0,11.092,0.000,,https://nips.cc/virtual/2021/poster/28393,https://openreview.net/pdf?id=85BzB3WP-qj,offline_nips,A novel probabilistic model can align neural responses and efficiently decode odors across animals.,"Identifying the common structure of neural dynamics across subjects is key for extracting unifying principles of brain computation and for many brain machine interface applications. Here, we propose a novel probabilistic approach for aligning stimulus-evoked responses from multiple animals in a comm"
123,18169,SpaceMAP: Visualizing High-Dimensional Data by Space Expansion,Xinrui Zu; Qian Tao,2022,ICML 2022,main,Spotlight,,,0,11.088,0.000,,https://icml.cc/virtual/2022/poster/18169,https://proceedings.mlr.press/v162/zu22a/zu22a.pdf,offline_icml,,"Dimensionality reduction (DR) of high-dimensional data is of theoretical and practical interest in machine learning. However, there exist intriguing, non-intuitive discrepancies between the geometry of high- and low-dimensional space. We look into such discrepancies and propose a novel visualization"
124,-itAMjwvDJC,Efficient neural representation in the cognitive neuroscience domain: Manifold Capacity in One-vs-rest Recognition Limit,Nga Yu Lo; SueYeon Chung,2023,ICLR 2023,main,Reject,,computational neuroscience;statistical physics of learning;representation geometry;perceptual manifolds;object recognition,0,11.079,0.000,,https://openreview.net/forum?id=-itAMjwvDJC,,offline_iclr,Our Sparse Replica Manifold Analysis enables a separability and geometric analysis of neural data by extending the scope of the theory to a realistic number of neurons and tasks more relevant to cognitive neuroscience.,"The structure in neural representations as manifolds has become a popular approach to study information encoding in neural populations. One particular interest is the connection between object recognition capability and the separability of neural representations for different objects, often called """
125,849,Developing Bug-Free Machine Learning Systems With Formal Mathematics,Daniel Selsam; Percy Liang; David L. Dill,2017,ICML 2017,main,Poster,,,0,11.060,0.000,,https://icml.cc/virtual/2017/poster/849,http://proceedings.mlr.press/v70/selsam17a/selsam17a.pdf,offline_icml,,"Noisy data, non-convex objectives, model misspecification, and numerical instability can all cause undesired behaviors in machine learning systems. As a result, detecting actual implementation errors can be extremely difficult. We demonstrate a methodology in which developers use an interactive proo"
126,6b53c45ef1,Geodesic Distance Function Learning via Heat Flow on Vector Fields,Binbin Lin; Ji Yang; Xiaofei He; Jieping Ye,2014,ICML 2014,main,Poster,,,0,11.057,0.000,,https://proceedings.mlr.press/v32/linb14.html,http://proceedings.mlr.press/v32/linb14.pdf,offline_icml,,"Learning a distance function or metric on a given data manifold is of great importance in machine learning and pattern recognition. Many of the previous works first embed the manifold to Euclidean space and then learn the distance function. However, such a scheme might not faithfully preserve the di"
127,0Q6BzWbvg0P,Less is More: Dimension Reduction Finds On-Manifold Adversarial Examples in Hard-Label Attacks,Washington Garcia; Pin-Yu Chen; Somesh Jha; Hamilton Scott Clouse; Kevin R. B. Butler,2022,ICLR 2022,main,Reject,,hard-label attacks;adversarial machine learning;generalization,0,10.975,0.000,,https://openreview.net/forum?id=0Q6BzWbvg0P,,offline_iclr,,"Designing deep networks robust to adversarial examples remains an open problem. Likewise, recent zeroth-order hard-label attacks on image classification models have shown comparable performance to their first-order, gradient-level alternatives. It was recently shown in the gradient-level setting tha"
128,zQGHxC6hr0,Usefulness-driven Learning of Formal Mathematics,,2026,ICLR 2026,main,Active,"neurosymbolic & hybrid AI systems (physics-informed, logic & formal reasoning, etc.)",reasoning;formal mathematics;logic;conjecturing;theorem proving;reinforcement learning,0,10.944,0.000,,https://openreview.net/forum?id=zQGHxC6hr0,,offline_iclr,,"Creating an AI that can truly ""do"" mathematics requires more than just solving isolated problems. It must mimic the creative, progressive nature of human mathematicians, who build upon previous work to generate new knowledge. A crucial part of this process is proposing theorems that serve as useful "
129,17931,A Statistical Manifold Framework for Point Cloud Data,Yonghyeon Lee; Seungyeon Kim; Jinwon Choi; Frank Park,2022,ICML 2022,main,Spotlight,,,0,10.897,0.000,,https://icml.cc/virtual/2022/poster/17931,https://proceedings.mlr.press/v162/lee22d/lee22d.pdf,offline_icml,,"Many problems in machine learning involve data sets in which each data point is a point cloud in $\mathbb{R}^D$. A growing number of applications require a means of measuring not only distances between point clouds, but also angles, volumes, derivatives, and other more advanced concepts. To formulat"
130,OEgWVhdom2,Diffeomorphic Optimization,,2026,ICLR 2026,main,Active,generative models,Diffusion Models;Geometric Machine Learning;Differentiable Geometry,0,10.894,0.000,,https://openreview.net/forum?id=OEgWVhdom2,,offline_iclr,,Optimization is a challenging task due to the rugged nature of the optimization landscape and the concentration of data on a low-dimensional manifold. Our approach starts from the observation that flow and diffusion models map the data manifold to a smooth and simple base space. We thus propose to r
131,d9a225d11a,Proximity Graphs for Clustering and Manifold Learning,Richard S. Zemel; Miguel Á. Carreira-Perpiñán,2004,NIPS 2004,main,Poster,,,0,10.859,0.000,,https://papers.nips.cc/paper_files/paper/2004/hash/dcda54e29207294d8e7e1b537338b1c0-Abstract.html,https://papers.nips.cc/paper_files/paper/2004/file/dcda54e29207294d8e7e1b537338b1c0-Paper.pdf,offline_nips,,"Many machine learning algorithms for clustering or dimensionality re- duction take as input a cloud of points in Euclidean space, and construct a graph with the input data points as vertices. This graph is then parti- tioned (clustering) or used to redeﬁne metric information (dimensional- ity reduct"
132,5b8c80abf4,Learning to Disentangle Factors of Variation with Manifold Interaction,Scott Reed; Kihyuk Sohn; Yuting Zhang; Honglak Lee,2014,ICML 2014,main,Poster,,,0,10.859,0.000,,https://proceedings.mlr.press/v32/reed14.html,http://proceedings.mlr.press/v32/reed14.pdf,offline_icml,,"Many latent factors of variation interact to generate sensory data; for example pose, morphology and expression in face images. We propose to learn manifold coordinates for the relevant factors of variation and to model their joint interaction. Most existing feature learning algorithms focus on a si"
133,uO53206oLJ,Nonconvex Federated Learning on Compact Smooth Submanifolds With Heterogeneous Data,Jiaojiao Zhang; Jiang Hu; Anthony Man-Cho So; Mikael Johansson,2024,NIPS 2024,main,Poster,optimization,Federated learning;manifold optimization;heterogeneous data,0,10.841,0.000,,https://neurips.cc/virtual/2024/poster/93275,https://openreview.net/pdf?id=uO53206oLJ,offline_nips,,"Many machine learning tasks, such as principal component analysis and low-rank matrix completion, give rise to manifold optimization problems. Although there is a large body of work studying the design and analysis of algorithms for manifold optimization in the centralized setting, there are current"
134,631,Tensor Balancing on Statistical Manifold,Mahito Sugiyama; Hiroyuki Nakahara; Koji Tsuda,2017,ICML 2017,main,Poster,,,0,10.820,0.000,,https://icml.cc/virtual/2017/poster/631,http://proceedings.mlr.press/v70/sugiyama17a/sugiyama17a.pdf,offline_icml,,"We solve tensor balancing, rescaling an Nth order nonnegative tensor by multiplying N tensors of order N - 1 so that every fiber sums to one. This generalizes a fundamental process of matrix balancing used to compare matrices in a wide range of applications from biology to economics. We present an e"
135,QLtxj3erlJ,Optimization without Retraction on the Random Generalized Stiefel Manifold,Simon Vary; Pierre Ablin; Bin Gao; Pierre-Antoine Absil,2024,ICML 2024,main,Poster,,,0,10.820,0.000,,https://icml.cc/virtual/2024/poster/34087,https://openreview.net/pdf?id=QLtxj3erlJ,offline_icml,,"Optimization over the set of matrices $X$ that satisfy $X^\top B X = I_p$, referred to as the generalized Stiefel manifold, appears in many applications involving sampled covariance matrices such as the canonical correlation analysis (CCA), independent component analysis (ICA), and the generalized e"
136,OxHeFPz2Wr,$\texttt{RNAGenScape}$: Property-Guided Optimization and Interpolation of mRNA Sequences with Manifold Langevin Dynamics,,2026,ICLR 2026,main,Active,"applications to physical sciences (physics, chemistry, biology, etc.)",biological sequence optimization,0,10.768,0.000,,https://openreview.net/forum?id=OxHeFPz2Wr,,offline_iclr,,"mRNA design and optimization are important in synthetic biology and therapeutic development, but remain understudied in machine learning. Systematic optimization of mRNAs is hindered by the scarce and imbalanced data as well as complex sequence-function relationships. We present $\texttt{RNAGenScape"
137,--qiQPsCV94,Unsupervised Manifold Linearizing and Clustering,Tianjiao Ding; Shengbang Tong; Kwan Ho Ryan Chan; Xili Dai; Yi Ma,2023,ICLR 2023,main,Withdraw,,Clustering;Manifold Embedding;Manifold Clustering,0,10.765,0.000,,https://openreview.net/forum?id=--qiQPsCV94,,offline_iclr,,"Clustering data lying close to a union of low-dimensional manifolds, with each manifold as a cluster, is a fundamental problem in machine learning. When the manifolds are assumed to be linear subspaces, many methods succeed using low-rank and sparse priors, which have been studied extensively over t"
138,HkljfjFee,Support Regularized Sparse Coding and Its Fast Encoder,Yingzhen Yang; Jiahui Yu; Pushmeet Kohli; Jianchao Yang; Thomas S. Huang,2017,ICLR 2017,main,Poster,,,0,10.722,0.000,,https://openreview.net/forum?id=HkljfjFee,,offline_iclr,"We present Support Regularized Sparse Coding (SRSC) to improve the regular sparse coding, and propose a feed-forward neural network termed Deep Support Regularized Sparse Coding (Deep-SRSC) as its fast encoder.","Sparse coding represents a signal by a linear combination of only a few atoms of a learned over-complete dictionary. While sparse coding exhibits compelling performance for various machine learning tasks, the process of obtaining sparse code with fixed dictionary is independent for each data point w"
139,xJ7YWXQOrg,Mathematical Capabilities of ChatGPT,Simon Frieder; Luca Pinchetti; Alexis Chevalier; Ryan-Rhys Griffiths; Tommaso Salvatori,2023,NIPS 2023,Datasets & Benchmarks,Poster,,datasets;LLMs;ChatGPT;mathematical capabilities;evaluation;benchmarking,0,10.663,0.000,,https://nips.cc/virtual/2023/poster/73421,https://openreview.net/pdf?id=xJ7YWXQOrg,offline_nips,,"We investigate the mathematical capabilities of two versions of ChatGPT (released 9-January-2023 and 30-January-2023) and of GPT-4 by testing them on publicly available datasets, as well as hand-crafted ones, using a novel evaluation scheme. In contrast to formal mathematics, where large databases o"
140,rJL6pz-CZ,Transfer Learning on Manifolds via Learned Transport Operators,Marissa Connor; Christopher Rozell,2018,ICLR 2018,main,Reject,,manifold learning;transfer learning,0,10.659,0.000,,https://openreview.net/forum?id=rJL6pz-CZ,,offline_iclr,Learning transport operators on manifolds forms a valuable representation for doing tasks like transfer learning.,"Within-class variation in a high-dimensional dataset can be modeled as being on a low-dimensional manifold due to the constraints of the physical processes producing that variation (e.g., translation, illumination, etc.). We desire a method for learning a representation of the manifolds induced by i"
141,GP30inajOt,Retraction-free optimization over the Stiefel manifold with application to the LoRA fine-tuning,Yuan Zhang; Jiang Hu; Jiaxi Cui; Lin Lin; Zaiwen Wen,2024,NIPS 2024,main,Reject,optimization_for_deep_networks,Manfold;Landing;LoRA;fine-tuning,0,10.653,0.000,,https://openreview.net/forum?id=GP30inajOt,,offline_nips,,"Optimization over the Stiefel manifold has played a significant role in various machine learning tasks. Many existing algorithms either use the retraction operator to keep each iterate staying on the manifold, or solve an unconstrained quadratic penalized problem. The retraction operator in the form"
142,39a93707a5,"Humans Learn Using Manifolds, Reluctantly",Tim Rogers; Chuck Kalish; Joseph Harrison; Xiaojin Zhu; Bryan R. Gibson,2010,NIPS 2010,main,Poster,,,0,10.638,0.000,,https://papers.nips.cc/paper_files/paper/2010/hash/996009f2374006606f4c0b0fda878af1-Abstract.html,https://papers.nips.cc/paper_files/paper/2010/file/996009f2374006606f4c0b0fda878af1-Paper.pdf,offline_nips,,"When the distribution of unlabeled data in feature space lies along a manifold, the information it provides may be used by a learner to assist classification in a semi-supervised setting. While manifold learning is well-known in machine learning, the use of manifolds in human learning is largely uns"
143,,A Nonlinear Regression Technique for Manifold Valued Data With Applications to Medical Image Analysis,Monami Banerjee; Rudrasis Chakraborty; Edward Ofori; Michael S. Okun; David E. Viallancourt,2016,CVPR 2016,main,Poster,,,0,10.616,0.000,,,https://openaccess.thecvf.com/content_cvpr_2016/papers/Banerjee_A_Nonlinear_Regression_CVPR_2016_paper.pdf,offline_cvpr,,"Regression is an essential tool in Statistical analysis of data with many applications in Computer Vision, Machine Learning, Medical Imaging and various disciplines of Science and Engineering. Linear and nonlinear regression in a vector space setting has been well studied in literature. However, gen"
144,JsfFpJhI4BV,Learning Identity-Preserving Transformations on Data Manifolds,Marissa Catherine Connor; Kion Fallah; Christopher John Rozell,2022,ICLR 2022,main,Reject,,manifold learning;unsupervised learning;generative models;lie groups;transport operators;transformation learning,0,10.605,0.000,,https://openreview.net/forum?id=JsfFpJhI4BV,,offline_iclr,,"Many machine learning techniques incorporate identity-preserving transformations into their models to generalize their performance to previously unseen data. These transformations are typically selected from a set of functions that are known to maintain the identity of an input when applied (e.g., r"
145,Oomuu63IqO,HARDMath2: A Benchmark for Applied Mathematics Built by Students as Part of a Graduate Class,James V Roggeveen; Erik Y. Wang; David Ettel; Will Flintoft; Peter Donets,2025,NIPS 2025,Datasets & Benchmarks,Poster,evaluation,math;benchmark;dataset;AI for education,0,10.604,0.000,,https://openreview.net/forum?id=Oomuu63IqO,,offline_nips,,"Large language models (LLMs) have shown remarkable progress in mathematical problem-solving, but evaluation has largely focused on problems that have exact analytical solutions or involve formal proofs, often overlooking approximation-based problems ubiquitous in applied science and engineering. To "
146,,Grassmannian Manifold Optimization Assisted Sparse Spectral Clustering,Qiong Wang; Junbin Gao; Hong Li,2017,CVPR 2017,main,Poster,,,0,10.585,0.000,,,https://openaccess.thecvf.com/content_cvpr_2017/papers/Wang_Grassmannian_Manifold_Optimization_CVPR_2017_paper.pdf,offline_cvpr,,Spectral Clustering is one of pioneered clustering methods in machine learning and pattern recognition field. It relies on the spectral decomposition criterion to learn a low-dimensonal embedding of data for a basic clustering algorithm such as the k-means. The recent sparse Spectral clustering (SSC
147,RwCxxaHvyp,"Manifold Learning via Foliations, and Knowledge Transfer",Eliot Tron; Rita Fioresi,2025,ICLR 2025,main,Reject,"unsupervised, self-supervised, semi-supervised, and supervised representation learning",Foliation Theory;Riemaniann Geometry;Fisher Information;Manifold Learning;Knowledge Transfer,0,10.579,0.000,,https://openreview.net/forum?id=RwCxxaHvyp,,offline_iclr,,"Understanding how real data is distributed in high dimensional spaces is the key to many tasks in machine learning. We want to provide a natural geometric structure on the space of data employing a deep ReLU neural network trained as a classifier. Through the data information matrix (DIM), a variati"
148,11848,A Statistical Recurrent Model on the Manifold of Symmetric Positive Definite Matrices,Rudrasis Chakraborty; Chun-Hao Yang; Xingjian Zhen; Monami Banerjee; Derek Archer,2018,NIPS 2018,main,Poster,,,0,10.518,0.000,,https://nips.cc/virtual/2018/poster/11848,https://papers.nips.cc/paper_files/paper/2018/file/7070f9088e456682f0f84f815ebda761-Paper.pdf,offline_nips,,"In a number of disciplines, the data (e.g., graphs, manifolds) to be
analyzed are non-Euclidean in nature.  Geometric deep learning
corresponds to techniques that generalize deep neural network models
to such non-Euclidean spaces. Several recent papers have shown how
convolutional neural networks (C"
149,eTgXolhWCH,Contrastive Self-Supervised Learning As Neural Manifold Packing,Guanming Zhang; David Heeger; Stefano Martiniani,2025,NIPS 2025,main,Poster,general_machine_learning,self-supervised learning;neural manifold;vision;statistical physics in learning;computational neural science,0,10.500,0.000,,https://openreview.net/forum?id=eTgXolhWCH,,offline_nips,,"Contrastive self-supervised learning based on point-wise comparisons has been widely studied for vision tasks. In the visual cortex of the brain, neuronal responses to distinct stimulus classes are organized into geometric structures known as neural manifolds. Accurate classification of stimuli can "
150,wmQCFqV9r8L,SpaceMAP: Visualizing Any Data in 2-dimension by Space Expansion,Xinrui Zu; Qian Tao,2022,ICLR 2022,main,Reject,,dimensionality reduction;data embedding;manifold learning,0,10.390,0.000,,https://openreview.net/forum?id=wmQCFqV9r8L,,offline_iclr,,"Dimensionality reduction (DR) and visualization of high-dimensional data is of theoretical and practical value in machine learning and related fields. In theory, there exists an intriguing, non-intuitive discrepancy between the geometry of high-dimensional space and low-dimensional space. Based on t"
151,HJerDj05tQ,Optimization on Multiple Manifolds,Mingyang Yi; Huishuai Zhang; Wei Chen; Zhi-ming Ma; Tie-yan Liu,2019,ICLR 2019,main,Reject,,Optimization;Multiple constraints;Manifold,0,10.369,0.000,,https://openreview.net/forum?id=HJerDj05tQ,,offline_iclr,This paper introduces an algorithm to handle optimization problem with multiple constraints under vision of manifold.,"Optimization on manifold has been widely used in machine learning, to handle optimization problems with constraint. Most previous works focus on the case with a single manifold. However, in practice it is quite common that the optimization problem involves more than one constraints, (each constraint"
152,prGV5dvPYy,Gradient flows on the feature-Gaussian manifold,Truyen Nguyen; Xinru Hua; Tam Le; Jose Blanchet; Viet Anh Nguyen,2022,ICLR 2022,main,Withdraw,,gradient flow;feature-Gaussian manifold;MMD;hierarchical optimal transport,0,10.272,0.000,,https://openreview.net/forum?id=prGV5dvPYy,,offline_iclr,,"The scarcity of labeled data is a long-standing challenge for cross-domain machine learning tasks. This paper leverages the existing dataset (i.e., source) to augment new samples that are close to the dataset of interest (i.e., target). To relieve the need to learn a metric on the feature-label spac"
153,fkYZKArFLF,BrainFlow: A Holistic Pathway of Dynamic Neural System on Manifold,Zhixuan Zhou; Tingting Dan; Guorong Wu,2025,NIPS 2025,main,Poster,neuroscience_and_cognitive_science,brain network analysis; flow matching; neuroimaging analysis,0,10.258,0.000,,https://openreview.net/forum?id=fkYZKArFLF,,offline_nips,,"A fundamental challenge in cognitive neuroscience is understanding how cognition emerges from the interplay between structural connectivity (SC) and dynamic functional connectivity (FC) in the brain. 
Network neuroscience has emerged as a powerful framework to understand brain function through a hol"
154,OZ_2rF2D4Nw,Kokoyi: Executable LaTeX for End-to-end Deep Learning,Minjie Wang; Haoming Lu; Yu Gai; Lesheng Jin; Zihao Ye,2022,ICLR 2022,main,Reject,,,0,10.137,0.000,,https://openreview.net/forum?id=OZ_2rF2D4Nw,,offline_iclr,,"Despite substantial efforts from the deep learning system community to relieve researchers and practitioners from the burden of implementing models with ever-growing complexity, a considerable lingual gap remains between developing models in the language of mathematics and implementing them in the l"
155,SYZzABI1ns,CS-Bench: A Comprehensive Benchmark for Large Language Models towards Computer Science Mastery,Xiaoshuai Song; Muxi Diao; Guanting Dong; Zhengyang Wang; Yujia Fu,2024,NIPS 2024,Datasets & Benchmarks,Reject,,large language model;evaluation;computer science,0,10.006,0.000,,https://openreview.net/forum?id=SYZzABI1ns,,offline_nips,,"Computer Science (CS) stands as a testament to the intricacies of human intelligence, profoundly advancing the development of artificial intelligence and modern society. However, the current community of large language models (LLMs) overly focuses on benchmarks for analyzing specific foundational sk"
156,KBknLdXxTa,From Abstract to Contextual: What LLMs Still Cannot Do in Mathematics,,2026,ICLR 2026,main,Active,datasets and benchmarks,Large Language Models;Mathematical Reasoning;Evaluation,0,10.006,0.000,,https://openreview.net/forum?id=KBknLdXxTa,,offline_iclr,,"Large language models now solve many benchmark math problems at near‑expert levels, yet this progress has not fully translated into reliable performance in real‑world applications. We study this gap through contextual mathematical reasoning, where the mathematical core must be formulated from descri"
157,WvH8ZVw3m9,CombiGraph-Vis: A Multimodal Olympiad Benchmark for Discrete Mathematical Reasoning,Hamed Mahdavi; Pouria Mahdavinia; Alireza Farhadi; Pegah Mohammadipour; Samira Malek,2026,ICLR 2026,main,Withdraw,datasets and benchmarks,Mathematical reasoning;Multimodal benchmark;Discrete mathematics Benchmark;Olympiad Benchmark,0,9.983,0.000,,https://openreview.net/forum?id=WvH8ZVw3m9,,offline_iclr,,"Progress on math-reasoning benchmarks such as GSM8K and MATH500 has eroded their ability to discriminate among strong systems, motivating harder tests that separate capabilities more sharply. We introduce CombiGraph-Vis, an Olympiad-style benchmark of 1,135 short-answer, multiple-choice, and yes/no "
158,yubwSWol6K,Canonical normalizing flows for manifold learning,Kyriakos Flouris; Ender Konukoglu,2023,NIPS 2023,main,Poster,,manifold learning flows;normalizing flows;optimization;orthogonalization;sparsity;sparse learning;generative modeling;Riemannian manifold;geometry;metric tensor;orthogonal basis,0,9.880,0.000,,https://nips.cc/virtual/2023/poster/69924,https://openreview.net/pdf?id=yubwSWol6K,offline_nips,,"Manifold learning flows are a class of generative modelling techniques that assume a low-dimensional manifold description of the data. The embedding of such a manifold into the high-dimensional space of the data is achieved via learnable invertible transformations. Therefore, once the manifold is pr"
159,859646c55f,Learning a Manifold as an Atlas,Nikolaos Pitelis; Chris Russell; Lourdes Agapito,2013,CVPR 2013,main,Poster,,,0,9.878,0.000,,https://openaccess.thecvf.com/content_cvpr_2013/html/Pitelis_Learning_a_Manifold_2013_CVPR_paper.html,https://openaccess.thecvf.com/content_cvpr_2013/papers/Pitelis_Learning_a_Manifold_2013_CVPR_paper.pdf,offline_cvpr,,"In this work, we return to the underlying mathematical definition of a manifold and directly characterise learning a manifold as finding an atlas, or a set of overlapping charts, that accurately describe local structure. We formulate the problem of learning the manifold as an optimisation that simul"
160,KZjSvE2mJz,MLFMF: Data Sets for Machine Learning for Mathematical Formalization,Andrej Bauer; Matej Petković; Ljupco Todorovski,2023,NIPS 2023,Datasets & Benchmarks,Poster,,recommendation system;formalized mathematics;proof assistant;Lean;Agda;link prediction;graph learning,0,9.836,0.000,,https://nips.cc/virtual/2023/poster/73626,https://openreview.net/pdf?id=KZjSvE2mJz,offline_nips,,"We introduce MLFMF, a collection of data sets for benchmarking recommendation systems used to support formalization of mathematics with proof assistants. These systems help humans identify which previous entries (theorems, constructions, datatypes, and postulates) are relevant in proving a new theor"
161,11994,The Sparse Manifold Transform,Yubei Chen; Dylan Paiton; Bruno Olshausen,2018,NIPS 2018,main,Poster,,,0,9.831,0.000,,https://nips.cc/virtual/2018/poster/11994,https://papers.nips.cc/paper_files/paper/2018/file/8e19a39c36b8e5e3afd2a3b2692aea96-Paper.pdf,offline_nips,,"We present a signal representation framework called the sparse manifold transform that combines key ideas from sparse coding, manifold learning, and slow feature analysis. It turns non-linear transformations in the primary sensory signal space into linear interpolations in a representational embeddi"
162,,Manifold Learning Benefits GANs,Yao Ni; Piotr Koniusz; Richard Hartley; Richard Nock,2022,CVPR 2022,main,Poster,,,0,9.831,0.000,,,https://openaccess.thecvf.com/content/CVPR2022/papers/Ni_Manifold_Learning_Benefits_GANs_CVPR_2022_paper.pdf,offline_cvpr,,"In this paper, we improve Generative Adversarial Networks by incorporating a manifold learning step into the discriminator. We consider locality-constrained linear and subspace-based manifolds, and locality-constrained non-linear manifolds. In our design, the manifold learning and coding steps are i"
163,e979a4d03a,Learning Multiple Tasks using Manifold Regularization,Arvind Agarwal; Samuel Gerber; Hal Daume,2010,NIPS 2010,main,Poster,,,0,9.784,0.000,,https://papers.nips.cc/paper_files/paper/2010/hash/2cbca44843a864533ec05b321ae1f9d1-Abstract.html,https://papers.nips.cc/paper_files/paper/2010/file/2cbca44843a864533ec05b321ae1f9d1-Paper.pdf,offline_nips,,We present a novel method for multitask learning (MTL) based on {\it manifold regularization}: assume that all task parameters lie on a manifold. This is the generalization of a common assumption made in the existing literature: task parameters share a common {\it linear} subspace. One proposed meth
164,f5df8ead11,Video Motion Segmentation Using New Adaptive Manifold Denoising Model,Dijun Luo; Heng Huang,2014,CVPR 2014,main,Poster,,,0,9.765,0.000,,https://openaccess.thecvf.com/content_cvpr_2014/html/Luo_Video_Motion_Segmentation_2014_CVPR_paper.html,https://openaccess.thecvf.com/content_cvpr_2014/papers/Luo_Video_Motion_Segmentation_2014_CVPR_paper.pdf,offline_cvpr,,Video motion segmentation techniques automatically segment and track objects and regions from videos or image sequences as a primary processing step for many computer vision applications. We propose a novel motion segmentation approach for both rigid and non-rigid objects using adaptive manifold den
165,B1xfElrKPr,Enhancing the Transformer with explicit relational encoding for math problem solving,Imanol Schlag; Paul Smolensky; Roland Fernandez; Nebojsa Jojic; Jürgen Schmidhuber,2020,ICLR 2020,main,Reject,,Tensor Product Representation;Transformer;Mathematics Dataset;Attention,0,9.697,0.000,,https://openreview.net/forum?id=B1xfElrKPr,,offline_iclr,Our Tensor-Product Transformer sets a new state of the art on the recently-introduced Mathematics Dataset containing 56 categories of free-form math word-problems. ,"We incorporate Tensor-Product Representations within the Transformer in order to better support the explicit representation of relation structure.
Our Tensor-Product Transformer (TP-Transformer) sets a new state of the art on the recently-introduced Mathematics Dataset containing 56 categories of fr"
166,4617,Generalized Unsupervised Manifold Alignment,Zhen Cui; Hong Chang; Shiguang Shan; Xilin Chen,2014,NIPS 2014,main,Poster,,,0,9.685,0.000,,https://nips.cc/virtual/2014/poster/4617,https://papers.nips.cc/paper_files/paper/2014/file/f306a2961c3dcdd21904a759d51f4e22-Paper.pdf,offline_nips,,"In this paper, we propose a generalized Unsupervised Manifold Alignment (GUMA) method to build the connections between different but correlated datasets without any known correspondences. Based on the assumption that datasets of the same theme usually have similar manifold structures, GUMA is formul"
167,17120,Flows for simultaneous manifold learning and density estimation,Johann Brehmer; Kyle Cranmer,2020,NIPS 2020,main,Poster,,,0,9.679,0.000,,https://nips.cc/virtual/2020/poster/17120,https://papers.nips.cc/paper_files/paper/2020/file/051928341be67dcba03f0e04104d9047-Paper.pdf,offline_nips,,"We introduce manifold-learning flows (ℳ-flows), a new class of generative models that simultaneously learn the data manifold as well as a tractable probability density on that manifold. Combining aspects of normalizing flows, GANs, autoencoders, and energy-based models, they have the potential to re"
168,17185,Neural Manifold Ordinary Differential Equations,Aaron Lou; Derek Lim; Isay Katsman; Leo Huang; Qingxuan Jiang,2020,NIPS 2020,main,Poster,,,0,9.666,0.000,,https://nips.cc/virtual/2020/poster/17185,https://papers.nips.cc/paper_files/paper/2020/file/cbf8710b43df3f2c1553e649403426df-Paper.pdf,offline_nips,,"To better conform to data geometry, recent deep generative modelling techniques adapt Euclidean constructions to non-Euclidean spaces. In this paper, we study normalizing flows on manifolds. Previous work has developed flow models for specific cases; however, these advancements hand craft layers on "
169,9f3c5cfac4,Charting a Manifold,Matthew Brand,2002,NIPS 2002,main,Poster,,,0,9.662,0.000,,https://papers.nips.cc/paper_files/paper/2002/hash/8929c70f8d710e412d38da624b21c3c8-Abstract.html,https://papers.nips.cc/paper_files/paper/2002/file/8929c70f8d710e412d38da624b21c3c8-Paper.pdf,offline_nips,,"We construct a nonlinear mapping from a high-dimensional sample space to a low-dimensional vector space, effectively recovering a Cartesian coordinate system for the manifold from which the data is sampled. The mapping preserves local geometric relations in the manifold and is pseudo-invertible. We "
170,yxj33c6NuX,Minimum Curvature Manifold Learning,Yonghyeon Lee; Frank C. Park,2023,ICLR 2023,main,Reject,,Autoencoder;Manifold;Curvature;Riemannian geometry,0,9.654,0.000,,https://openreview.net/forum?id=yxj33c6NuX,,offline_iclr,"We propose a minimum extrinsic curvature principle for manifold regularization and Minimum Curvature Autoencoder (MCAE), a graph-free coordinate-invariant extrinsic curvature minimization framework for autoencoder regularization.","It is widely observed that vanilla autoencoders can have low manifold learning accuracy given a noisy or small training dataset. 
Recent work has discovered that it is important to regularize the decoder that explicitly parameterizes the manifold, 
where a neighborhood graph is employed for decoder "
171,aX7X9z3vQS,Recovering Manifold Structure Using Ollivier Ricci Curvature,Tristan Luca Saidi; Abigail Hickok; Andrew J. Blumberg,2025,ICLR 2025,main,Spotlight,learning on graphs and other geometries & topologies,Manifold Learning;Persistent Homology;Ollivier-Ricci Curvature;Pruning;Nearest-Neighbor Graphs,0,9.646,0.000,,https://iclr.cc/virtual/2025/poster/29161,https://openreview.net/pdf?id=aX7X9z3vQS,offline_iclr,,"We introduce ORC-ManL, a new algorithm to prune spurious edges from nearest neighbor graphs using a criterion based on Ollivier-Ricci curvature and estimated metric distortion. Our motivation comes from manifold learning: we show that when the data generating the nearest-neighbor graph consists of n"
172,B1uvH_gC-,Parametric Manifold Learning Via Sparse Multidimensional Scaling,Gautam Pai; Ronen Talmon; Ron Kimmel,2018,ICLR 2018,main,Reject,,Manifold Learning;Non-linear Dimensionality Reduction;Neural Networks;Unsupervised Learning,0,9.634,0.000,,https://openreview.net/forum?id=B1uvH_gC-,,offline_iclr,Parametric Manifold Learning with Neural Networks in a Geometric Framework ,We propose a metric-learning framework for computing distance-preserving maps that generate low-dimensional embeddings for a certain class of manifolds. We employ Siamese networks to solve the problem of least squares multidimensional scaling for generating mappings that preserve geodesic distances 
173,82296c464f,Human Body Shape Estimation Using a Multi-Resolution Manifold Forest,Frank Perbet; Sam Johnson; Minh-Tri Pham; Bjorn Stenger,2014,CVPR 2014,main,Poster,,,0,9.634,0.000,,https://openaccess.thecvf.com/content_cvpr_2014/html/Perbet_Human_Body_Shape_2014_CVPR_paper.html,https://openaccess.thecvf.com/content_cvpr_2014/papers/Perbet_Human_Body_Shape_2014_CVPR_paper.pdf,offline_cvpr,,"This paper proposes a method for estimating the 3D body shape of a person with robustness to clothing. We formulate the problem as optimization over the manifold of valid depth maps of body shapes learned from synthetic training data. The manifold itself is represented using a novel data structure, "
174,v3DwQlyGbv,Paramanu-Ganita: An Efficient Pre-trained Generative Mathematics Language Model with Chain-of-Thought Instruction Fine-Tuning,Mitodru Niyogi; Arnab Bhattacharya,2025,ICLR 2025,main,Reject,"foundation or frontier models, including LLMs",reasoning;language models;pretraining;CoT fine-tuning;AI4Math,0,9.628,0.000,,https://openreview.net/forum?id=v3DwQlyGbv,,offline_iclr,,"In this paper, we pose the following question: whether domain specific pretraining of tiny generative language models from scratch with domain specialized tokenizer and Chain-of-Thought (CoT) instruction fine-tuning results in very competitive performance on mathematical reasoning than LLMs which ar"
175,40f1211589,An Information Geometry of Statistical Manifold Learning,Ke Sun; Stéphane Marchand-Maillet,2014,ICML 2014,main,Poster,,,0,9.627,0.000,,https://proceedings.mlr.press/v32/suna14.html,http://proceedings.mlr.press/v32/suna14.pdf,offline_icml,,Manifold learning seeks low-dimensional representations of high-dimensional data. The main tactics have been exploring the geometry in an input data space and an output embedding space. We develop a manifold learning theory in a hypothesis space consisting of models. A model means a specific instanc
176,ZDYhm_o8MX,Neural Manifold Clustering and Embedding,ZENGYI LI; Yubei Chen; Yann LeCun; Friedrich Sommer,2022,ICLR 2022,main,Reject,,Self-supervised Learning;Clustering;Subspace Clustering;Manifold Learning;Deep Subspace Clustering,0,9.609,0.000,,https://openreview.net/forum?id=ZDYhm_o8MX,,offline_iclr,,"Given a union of non-linear manifolds, non-linear subspace clustering or manifold clustering aims to cluster data points based on manifold structures and also learn to parameterize each manifold as a linear subspace in a feature space. Deep neural networks have the potential to achieve this goal und"
177,TfwePIKzXJ,Scaling up Multi-Turn Off-Policy RL and Multi-Agent Tree Search for LLM Step-Provers,,2026,ICLR 2026,main,Active,"neurosymbolic & hybrid AI systems (physics-informed, logic & formal reasoning, etc.)",Large Language Models; Expert Iteration; Tree Search; Theorem Proving; Formal Mathematics,0,9.598,0.000,,https://openreview.net/forum?id=TfwePIKzXJ,,offline_iclr,,"The integration of Large Language Models (LLMs) with automated theorem proving has shown immense promise, yet is constrained by challenges in scaling up both training-time reinforcement learning (RL) and inference-time compute. This paper introduces BFS-Prover-V2, a step-level theorem proving system"
178,ad8c5bbd1c,Sparse Representation Classification With Manifold Constraints Transfer,Baochang Zhang; Alessandro Perina; Vittorio Murino; Alessio Del Bue,2015,CVPR 2015,main,Poster,,,0,9.589,0.000,,https://openaccess.thecvf.com/content_cvpr_2015/html/Zhang_Sparse_Representation_Classification_2015_CVPR_paper.html,https://openaccess.thecvf.com/content_cvpr_2015/papers/Zhang_Sparse_Representation_Classification_2015_CVPR_paper.pdf,offline_cvpr,,The fact that image data samples lie on a manifold has been successfully exploited in many learning and inference problems. In this paper we leverage the specific structure of data in order to improve recognition accuracies in general recognition tasks. In particular we propose a novel framework tha
179,7b471755dd,MKPLS: Manifold Kernel Partial Least Squares for Lipreading and Speaker Identification,Amr Bakry; Ahmed Elgammal,2013,CVPR 2013,main,Poster,,,0,9.565,0.000,,https://openaccess.thecvf.com/content_cvpr_2013/html/Bakry_MKPLS_Manifold_Kernel_2013_CVPR_paper.html,https://openaccess.thecvf.com/content_cvpr_2013/papers/Bakry_MKPLS_Manifold_Kernel_2013_CVPR_paper.pdf,offline_cvpr,,"Visual speech recognition is a challenging problem, due to confusion between visual speech features. The speaker identification problem is usually coupled with speech recognition. Moreover, speaker identification is important to several applications, such as automatic access control, biometrics, aut"
180,,A hybrid machine learning framework by incorporating categorical boosting and manifold learning for financial analysis,Yuyang Zhao; Hongbo Zhao,2025,Intell. Syst. Appl.,,,,,0,0.000,0.000,10.1016/J.ISWA.2024.200473,https://dblp.org/rec/journals/iswa/ZhaoZ25,,dblp,,
181,,Privacy Preservation for Machine Learning in IIoT Data via Manifold Learning and Elementary Row Operations,Emrullah Fatih Yetkin; Tugçe Balli,2025,ICISSP,,,,,0,0.000,0.000,10.5220/0013275000003899,https://dblp.org/rec/conf/icissp/YetkinB25,,dblp,,
182,,Manifold Learning of Neural Representations for Efficient Machine Learning Systems,Kion Fallah,2024,,,,,,0,0.000,0.000,,https://dblp.org/rec/phd/basesearch/Fallah24,,dblp,,
183,,Homogeneous ensemble extreme learning machine autoencoder with mutual representation learning and manifold regularization for medical datasets,Wenjian Chen; Xiaoyun Chen; Yanming Lin,2023,Appl. Intell.,,,,,0,0.000,0.000,10.1007/S10489-022-04284-8,https://dblp.org/rec/journals/apin/ChenCL23,,dblp,,
184,,Hybrid Precoding Design in MmWave MIMO Systems Using Manifold Learning-Based Extreme Learning Machine Framework,Meng Wang; Chen Liu 0005; Yunchao Song; Huibin Liang; Zheng Huang,2023,ICCT,,,,,0,0.000,0.000,10.1109/ICCT59356.2023.10419685,https://dblp.org/rec/conf/icct/Wang0SLH23,,dblp,,
185,,Towards more reliable machine learning: conceptual insights and practical approaches for unsupervised manifold learning and supervised benchmark studies,Moritz Herrmann,2022,,,,,,0,0.000,0.000,,https://dblp.org/rec/phd/dnb/Herrmann22,,dblp,,
186,,Manifold semi-supervised learning for aluminum electrolysis temperature identification based on regularized hierarchical extreme learning machine,Yongxiang Lei; Fang Liu; Hamid Reza Karimi; Xiaofang Chen,2022,J. Syst. Control. Eng.,,,,,0,0.000,0.000,10.1177/09596518221082857,https://dblp.org/rec/journals/jsce/LeiLKC22,,dblp,,
187,,Regularizing extreme learning machine by dual locally linear embedding manifold learning for training multi-label neural network classifiers,Mohammad Rezaei-Ravari; Mahdi Eftekhari; Farid Saberi Movahed,2021,Eng. Appl. Artif. Intell.,,,,,0,0.000,0.000,10.1016/J.ENGAPPAI.2020.104062,https://dblp.org/rec/journals/eaai/Rezaei-RavariEM21,,dblp,,
188,,Identifying high-risk pregnancies in rural areas with machine-manifold learning,Ignacio Prieto-Egido; Alicia Guerrero-Curieses; Andrés Martínez-Fernández; José Luis Rojo-Álvarez,2026,Eng. Appl. Artif. Intell.,,,,,0,0.000,0.000,10.1016/J.ENGAPPAI.2025.112852,https://dblp.org/rec/journals/eaai/PrietoEgidoGMR26,,dblp,,
189,,Filtering and machine learning on Riemannian manifolds and Lie groups,Samy Labsir; Sara El Bouch; Claudio J. Bordin; Marcelo G. S. Bruno,2026,Signal Process.,,,,,0,0.000,0.000,10.1016/J.SIGPRO.2025.110114,https://dblp.org/rec/journals/sigpro/LabsirBBB26,,dblp,,
190,,Link Scheduling in Satellite Networks via Machine Learning Over Riemannian Manifolds,Joarder Jafor Sadique; Imtiaz Nasim; Ahmed S. Ibrahim 0001,2025,IEEE Open J. Commun. Soc.,,,,,0,0.000,0.000,10.1109/OJCOMS.2025.3533296,https://dblp.org/rec/journals/ojcs/SadiqueNI25,,dblp,,
191,,Machine Learning Gravity Compactifications on Negatively Curved Manifolds,Giuseppe Bruno De Luca,2025,CoRR,,,,,0,0.000,0.000,10.48550/ARXIV.2501.00093,https://dblp.org/rec/journals/corr/abs-2501-00093,,dblp,,
192,,Physics-consistent machine learning: output projection onto physical manifolds,Matilde Valente Rosa; Tiago C. Dias; Vasco Guerra; Rodrigo M. M. Ventura,2025,CoRR,,,,,0,0.000,0.000,10.48550/ARXIV.2502.15755,https://dblp.org/rec/journals/corr/abs-2502-15755,,dblp,,
193,,Analytical Discovery of Manifold with Machine Learning,Yafei Shen; Huan-Fei Ma 0001; Ling Yang,2025,CoRR,,,,,0,0.000,0.000,10.48550/ARXIV.2504.02511,https://dblp.org/rec/journals/corr/abs-2504-02511,,dblp,,
194,,"Categorical and geometric methods in statistical, manifold, and machine learning",Hông Vân Lê; Hà Quang Minh; Frédéric Protin; Wilderich Tuschmann,2025,CoRR,,,,,0,0.000,0.000,10.48550/ARXIV.2505.03862,https://dblp.org/rec/journals/corr/abs-2505-03862,,dblp,,
195,,A new methodology to decompose a parametric domain using reduced order data manifold in machine learning,Chetra Mang; Axel Tahmasebimoradi; Mouadh Yagoubi,2025,CoRR,,,,,0,0.000,0.000,10.48550/ARXIV.2505.08497,https://dblp.org/rec/journals/corr/abs-2505-08497,,dblp,,
196,,Optimizing Flamelet Generated Manifold Models: A Machine Learning Performance Study,Reza Lotfi Navaei; Mohammad Safarzadeh; Seyed Mohammad Jafar Sobhani,2025,CoRR,,,,,0,0.000,0.000,10.48550/ARXIV.2507.01030,https://dblp.org/rec/journals/corr/abs-2507-01030,,dblp,,
197,,Atlas-based Manifold Representations for Interpretable Riemannian Machine Learning,Ryan A. Robinett; Sophia A. Madejski; Kyle Ruark; Samantha J. Riesenfeld; Lorenzo Orecchia,2025,CoRR,,,,,0,0.000,0.000,10.48550/ARXIV.2510.17772,https://dblp.org/rec/journals/corr/abs-2510-17772,,dblp,,
198,,Parametric Nonlinear Model Reduction Using Machine Learning on Grassmann Manifold with an Application on a Flow Simulation,Norapon Sukuntee; Saifon Chaturantabut,2024,J. Nonlinear Sci.,,,,,0,0.000,0.000,10.1007/S00332-024-10039-1,https://dblp.org/rec/journals/jns/SukunteeC24,,dblp,,
199,,"Terrain-Based Coverage Manifold Estimation: Machine Learning, Stochastic Geometry, or Simulation?",Ruibo Wang; Washim Uddin Mondal; Mustafa A. Kishk; Vaneet Aggarwal; Mohamed-Slim Alouini,2024,IEEE Open J. Commun. Soc.,,,,,0,0.000,0.000,10.1109/OJCOMS.2023.3340222,https://dblp.org/rec/journals/ojcs/WangMKAA24,,dblp,,
200,,Slow Invariant Manifolds of Singularly Perturbed Systems via Physics-Informed Machine Learning,Dimitrios G. Patsatzis; Gianluca Fabiani; Lucia Russo; Constantinos I. Siettos,2024,SIAM J. Sci. Comput.,,,,,0,0.000,0.000,10.1137/23M1602991,https://dblp.org/rec/journals/siamsc/PatsatzisFRS24,,dblp,,
201,,Radar Sensing via Geometric Machine Learning Over Riemannian Manifolds,Joarder Jafor Sadique; Imtiaz Nasim; Ahmed S. Ibrahim 0001,2024,ICCSPA,,,,,0,0.000,0.000,10.1109/ICCSPA61559.2024.10794182,https://dblp.org/rec/conf/iccspa/SadiqueN024,,dblp,,
202,,Kuramoto Oscillators and Swarms on Manifolds for Geometry Informed Machine Learning,Vladimir Jacimovic,2024,CoRR,,,,,0,0.000,0.000,10.48550/ARXIV.2405.09453,https://dblp.org/rec/journals/corr/abs-2405-09453,,dblp,,
203,,Robust discriminant latent variable manifold learning for rotating machinery fault diagnosis,Changyuan Yang; Sai Ma; Qinkai Han,2023,Eng. Appl. Artif. Intell.,,,,,0,0.000,0.000,10.1016/J.ENGAPPAI.2023.106996,https://dblp.org/rec/journals/eaai/YangMH23,,dblp,,
204,,Semi-supervised machinery health assessment framework via temporal broad learning system embedding manifold regularization with unlabeled data,Yudong Cao; Minping Jia; Xiaoli Zhao 0002; Xiaoan Yan; Zheng Liu 0002,2023,Expert Syst. Appl.,,,,,0,0.000,0.000,10.1016/J.ESWA.2023.119824,https://dblp.org/rec/journals/eswa/CaoJZYL23,,dblp,,
205,,Unified discriminant manifold learning for rotating machinery fault diagnosis,Changyuan Yang; Sai Ma; Qinkai Han,2023,J. Intell. Manuf.,,,,,0,0.000,0.000,10.1007/S10845-022-02011-1,https://dblp.org/rec/journals/jim/YangMH23,,dblp,,
206,,"Towards a Machine Learning Pipeline in Reduced Order Modelling for Inverse Problems: Neural Networks for Boundary Parametrization, Dimensionality Reduction and Solution Manifold Approximation",Anna Ivagnes; Nicola Demo; Gianluigi Rozza,2023,J. Sci. Comput.,,,,,0,0.000,0.000,10.1007/S10915-023-02142-4,https://dblp.org/rec/journals/jscic/IvagnesDR23,,dblp,,
207,,Fall Detection using Machine Learning Techniques and Frequency-Driven Riemannian Manifolds,Shan Suthaharan,2023,ICMLA,,,,,0,0.000,0.000,10.1109/ICMLA58977.2023.00035,https://dblp.org/rec/conf/icmla/Suthaharan23,,dblp,,
208,,Geometric Machine Learning Over Riemannian Manifolds for Wireless Link Scheduling,Rashed Shelim; Ahmed S. Ibrahim 0001,2022,IEEE Access,,,,,0,0.000,0.000,10.1109/ACCESS.2022.3153324,https://dblp.org/rec/journals/access/ShelimI22,,dblp,,
209,,Towards a classification of sustainable software development process using manifold machine learning techniques,Mohammed Hamdi,2022,J. Intell. Fuzzy Syst.,,,,,0,0.000,0.000,10.3233/JIFS-212600,https://dblp.org/rec/journals/jifs/Hamdi22,,dblp,,
210,,Prototype Regularized Manifold Regularization Technique for Semi-Supervised Online Extreme Learning Machine,Muhammad Zafran Bin Muhammad Zaly Shah; Anazida Binti Zainal; Fuad A. Ghaleb; Abdulrahman Alqarafi; Faisal Saeed,2022,Sensors,,,,,0,0.000,0.000,10.3390/S22093113,https://dblp.org/rec/journals/sensors/ShahZGAS22,,dblp,,
211,,3-Dimensional Manifold and Machine Learning Based Localization Algorithm for Wireless Sensor Networks,Y. Harold Robinson; S. Vimal 0001; Eanoch Golden Julie; K. Lakshmi Narayanan; Seungmin Rho,2022,Wirel. Pers. Commun.,,,,,0,0.000,0.000,10.1007/S11277-021-08291-9,https://dblp.org/rec/journals/wpc/RobinsonVJNR22,,dblp,,
212,,Machine Learning on generalized Complete Intersection Calabi-Yau Manifolds,Wei Cui; Xin Gao; Juntao Wang,2022,CoRR,,,,,0,0.000,0.000,10.48550/ARXIV.2209.10157,https://dblp.org/rec/journals/corr/abs-2209-10157,,dblp,,
213,,Motifs and Manifolds Statistical and Topological Machine Learning for Characterising and Classifying Biomedical Time Series,Christian Bock,2021,,,,,,0,0.000,0.000,10.3929/ETHZ-B-000524042,https://dblp.org/rec/phd/basesearch/Bock21,,dblp,,
214,,Manifold regularization ensemble clustering with many objectives using unsupervised extreme learning machines,Haleh Homayouni; Eghbal G. Mansoori,2021,Intell. Data Anal.,,,,,0,0.000,0.000,10.3233/IDA-205362,https://dblp.org/rec/journals/ida/HomayouniM21,,dblp,,
215,,Novel Convolutional Restricted Boltzmann Machine manifold learning inspired dynamic user clustering hybrid precoding for millimeter-wave massive multiple-input multiple-output systems,Xiaoping Zhou; Haichao Liu; Bin Wang 0052; Qian Zhang 0033; Yang Wang 0060,2021,Int. J. Distributed Sens. Networks,,,,,0,0.000,0.000,10.1177/15501477211055376,https://dblp.org/rec/journals/ijdsn/ZhouLWZW21,,dblp,,
216,,Fusion of 2.5D Face Recognition through Extreme Learning Machine via Manifold Flattening,Lee-Ying Chong; Siew Chin Chong,2021,ICSIPA,,,,,0,0.000,0.000,10.1109/ICSIPA52582.2021.9576768,https://dblp.org/rec/conf/icsipa/ChongC21,,dblp,,
217,,Solving PDEs on Unknown Manifolds with Machine Learning,Senwei Liang; Shixiao W. Jiang; John Harlim; Haizhao Yang,2021,CoRR,,,,,0,0.000,0.000,,https://dblp.org/rec/journals/corr/abs-2106-06682,,dblp,,
218,,The Dimpled Manifold Model of Adversarial Examples in Machine Learning,Adi Shamir; Odelia Melamed; Oriel BenShmuel,2021,CoRR,,,,,0,0.000,0.000,,https://dblp.org/rec/journals/corr/abs-2106-10151,,dblp,,
219,,Machine learning a manifold,Sean Craven; Djuna Croon; Daniel Cutting; Rachel Houtz,2021,CoRR,,,,,0,0.000,0.000,,https://dblp.org/rec/journals/corr/abs-2112-07673,,dblp,,
220,,Differential Evolution Based Manifold Gaussian Process Machine Learning for Microwave Filter&apos;s Parameter Extraction,Xuezhi Chen; Yubo Tian; Tianliang Zhang; Jing Gao,2020,IEEE Access,,,,,0,0.000,0.000,10.1109/ACCESS.2020.3015043,https://dblp.org/rec/journals/access/ChenTZG20,,dblp,,
221,,Manifold for machine learning assurance,Taejoon Byun; Sanjai Rayadurgam,2020,ICSE,,,,,0,0.000,0.000,10.1145/3377816.3381734,https://dblp.org/rec/conf/icse/ByunR20,,dblp,,
222,,Machine learning for complete intersection Calabi-Yau manifolds: a methodological study,Harold Erbin; Riccardo Finotello,2020,CoRR,,,,,0,0.000,0.000,,https://dblp.org/rec/journals/corr/abs-2007-15706,,dblp,,
223,,An Updated Efficient Galaxy Morphology Classification Model Based on ConvNeXt Encoding with UMAP Dimensionality Reduction,Guanwen Fang; Shiwei Zhu; Jun Xu; Shiying Lu; Chichun Zhou,2026,The Astronomical Journal,,,,,0,0.000,0.000,10.3847/1538-3881/ae2324,https://openalex.org/W7117995338,https://doi.org/10.3847/1538-3881/ae2324,openalex,,"Abstract We present an enhanced unsupervised machine learning (UML) module within our previous USmorph classification framework featuring two components: (1) hierarchical feature extraction via a pretrained ConvNeXt convolutional neural network with transfer learning, and (2) nonlinear manifold lear"
224,,Estimación de emisiones por fallos en motores Otto mediante redes neuronales convolucionales,Elmer I. Arias-Montaño; Rogelio S. León-Japa; Pedro García-Jaramillo; José Maldonado Ortega,2026,Ingenius,,,,,0,0.000,0.000,10.17163/ings.n35.2026.07,https://openalex.org/W7117975556,https://doi.org/10.17163/ings.n35.2026.07,openalex,,"This study applies a machine learning technique, specifically Convolutional Neural Networks (CNNs), to predict pollutant emissions resulting from failures in actuators and components of Otto engines. The work addresses the current lack of non-intrusive methods that exploit signals already available "
225,,Quantum Interaction Manifolds for Cancer Genomics: A Theoretical Framework and Proof-of-Concept Quantum Machine Learning for Early Diagnosis and Drug Response Modeling,Parham Ghayour,2025,,,,,,0,0.000,0.000,10.21203/rs.3.rs-8378659/v1,https://openalex.org/W7117670692,https://www.researchsquare.com/article/rs-8378659/latest.pdf,openalex,,"<title>Abstract</title> Understanding and predicting cancer phenotypes from genomic data requires models capableof capturing high-order interactions among genes and biological pathways. We introduce Quantum Interaction Manifolds (QIMs), a theoretical framework that represents gene expression profile"
226,,Extreme Dimensional Expansion: Topological Manifold Projections from 15-Dimensional to 700+ Dimensional Spaces with Near-Perfect Efficiency and Preservation,Alex Kim,2025,Zenodo (CERN European Organization for Nuclear Research),,,,,0,0.000,0.000,10.5281/zenodo.18094236,https://openalex.org/W7117664405,https://doi.org/10.5281/zenodo.18094236,openalex,,This paper presents a rigorous mathematical framework for extreme dimensional expansion operations that transform 15-dimensional mathematical structures into 700+ dimensional spaces while maintaining exceptional efficiency and information preservation. We establish the theoretical foundation for top
227,,Information Geometry and the Variational Structure of Physical Dynamics: A Rigorous Foundation,Anthony L Perry,2025,Zenodo (CERN European Organization for Nuclear Research),,,,,0,0.000,0.000,10.5281/zenodo.18102165,https://openalex.org/W7117868491,https://doi.org/10.5281/zenodo.18102165,openalex,,"We develop a mathematically rigorous variational principle on statistical manifolds equipped with the Fisher information metric. Starting from seven axioms characterizingdistinguishability between probability distributions, we prove that the Fisher metric is the unique (up to scaling) Riemannian str"
228,,Machine learning–driven analysis of celiac disease to elucidate shared transcriptomic signatures with diffuse large B-cell lymphoma,Amir Mahdi Taghizadeh,2025,,,,,,0,0.000,0.000,10.21203/rs.3.rs-8427947/v1,https://openalex.org/W7117481645,https://doi.org/10.21203/rs.3.rs-8427947/v1,openalex,,"<title>Abstract</title> Celiac disease is an immune-mediated disorder primarily affecting the small intestine, while diffuse large B-cell lymphoma (DLBCL) is the most common subtype of non-Hodgkin lymphoma. Although clinical and epidemiological observations suggest an increased risk of lymphoma amon"
229,,"Schrodinger AI: A Unified Spectral-Dynamical Framework for Classification, Reasoning, and Operator-Based Generalization",Truong Son Nguyen,2025,arXiv (Cornell University),,,,,0,0.000,0.000,10.48550/arxiv.2512.22774,https://openalex.org/W7117771426,https://doi.org/10.48550/arxiv.2512.22774,openalex,,"We introduce \textbf{Schrödinger AI}, a unified machine learning framework inspired by quantum mechanics. The system is defined by three tightly coupled components: (1) a {time-independent wave-energy solver} that treats perception and classification as spectral decomposition under a learned Hamilto"
230,,Algorithmic Induction via Structural Weight Transfer,Gris Iscomeback,2025,Zenodo (CERN European Organization for Nuclear Research),,,,,0,0.000,0.000,10.5281/zenodo.18072858,https://openalex.org/W7117484323,https://doi.org/10.5281/zenodo.18072858,openalex,,"# Structural Weight Transfer for Grokked Algorithmic Cassettes: A Unified Framework for Zero-Shot Transfer of Physical and Logical Laws **grisun0** --- ## Abstract We present Grokkit, a unified framework for extracting, expanding, composing, and fusing neural networks that have grokked compact algor"
231,,Geometric Contraction on an Invariant-Constrained Manifold: A 42-Step Folding Trajectory for the Villin Headpiece HP35,Dimitrios Christodoulou,2025,Zenodo (CERN European Organization for Nuclear Research),,,,,0,0.000,0.000,10.5281/zenodo.18061111,https://openalex.org/W7117353830,https://doi.org/10.5281/zenodo.18061111,openalex,,"This record provides the reproducibility package accompanying a deterministic geometric model of protein folding applied to the villin headpiece HP35. Folding is formulated as a constraint-based geometric contraction on an invariant-constrained admissible manifold, without explicit energetic potenti"
232,,Iterative Entropic Renormalization: A Geometric Framework for Distributional Convergence and Spectral Stabilization,Mark Lindenhayn,2025,Zenodo (CERN European Organization for Nuclear Research),,,,,0,0.000,0.000,10.5281/zenodo.18064194,https://openalex.org/W7117362562,https://doi.org/10.5281/zenodo.18064194,openalex,,"This paper introduces the concept of Iterative Entropic Renormalization (IER), a geometric and operator-based framework describing how probability distributions self-stabilize through successive truncation, normalization, and entropy rebalancing. The process formalizes the transition from heavy-tail"
233,,SMART METADATA MANAGEMENT FOR PRINT ARCHIVES,Rohit Chandwaskar; Sathyabalaji Kannan; Srikanta Kumar Sahoo; Rashmi Manhas; Takveer Singh,2025,ShodhKosh Journal of Visual and Performing Arts,,,,,0,0.000,0.000,10.29121/shodhkosh.v6.i4s.2025.6839,https://openalex.org/W7117448697,https://www.granthaalayahpublication.org/Arts-Journal/ShodhKosh/article/download/6839/6324,openalex,,"Metacognitive metadata management of print archives is one of the essential steps that must be taken to integrate the old archival methodology with the new digital intelligence. With the shift of the cultural institution and libraries towards dynamic digital environments, replacing the static catalo"
234,,Protein Interaction Prediction via Spectral Thermodynamics: A Linear Algebra Revolution achieving 99% Accuracy on the Human Proteome (Project Resonance),Pirolo Andres Sebastian,2025,Zenodo (CERN European Organization for Nuclear Research),,,,,0,0.000,0.000,10.5281/zenodo.18042675,https://openalex.org/W7117233043,https://doi.org/10.5281/zenodo.18042675,openalex,,"Abstract The prediction of Protein-Protein Interactions (PPI) is a central problem in systems biology. Current paradigms are inefficient: biophysical simulations are computationally intractable for interactome-wide screening, while Deep Learning architectures suffer from opacity and reliance on proh"
235,,Protein Interaction Prediction via Spectral Thermodynamics: A Linear Algebra Revolution achieving 92% Accuracy without GPUs (Project Resonance),Pirolo Andres Sebastian,2025,Zenodo (CERN European Organization for Nuclear Research),,,,,0,0.000,0.000,10.5281/zenodo.18042120,https://openalex.org/W7117239461,https://doi.org/10.5281/zenodo.18042120,openalex,,"Abstract The prediction of Protein-Protein Interactions (PPI) is a central problem in systems biology. Current paradigms are inefficient: biophysical simulations are computationally intractable for interactome-wide screening, while Deep Learning architectures suffer from opacity and reliance on proh"
236,,Protein Interaction Prediction via Spectral Thermodynamics: A Linear Algebra Revolution achieving 92% Accuracy without GPUs,Pirolo Andres Sebastian,2025,Zenodo (CERN European Organization for Nuclear Research),,,,,0,0.000,0.000,10.5281/zenodo.18042287,https://openalex.org/W7117243299,https://doi.org/10.5281/zenodo.18042287,openalex,,"Abstract The prediction of Protein-Protein Interactions (PPI) is a central problem in systems biology. Current paradigms are inefficient: biophysical simulations are computationally intractable for interactome-wide screening, while Deep Learning architectures suffer from opacity and reliance on proh"
237,,"Unified Optimization Framework: Integrating 15-Dimensional Exponential Meta Theorem, Computational Pattern Detection, and Dimensional Folding for Exponential Complexity Reduction",Alex Kim,2025,Zenodo (CERN European Organization for Nuclear Research),,,,,0,0.000,0.000,10.5281/zenodo.18005508,https://openalex.org/W7116677780,https://doi.org/10.5281/zenodo.18005508,openalex,,"We present a unified optimization framework that integrates the 15-Dimensional Exponential Meta Theorem, five computational pattern types, and dimensional folding algorithms to achieve exponential complexity reduction. The framework combines pattern detection through 15-D dimension analysis, optimal"
238,,UTHA: Unified Theory of Human Agency. The Anthropomorphic Instance (Class A) of the General Theory of Physical Agency.,C Valdepenas,2025,Zenodo (CERN European Organization for Nuclear Research),,,,,0,0.000,0.000,10.5281/zenodo.17994553,https://openalex.org/W7116366922,https://doi.org/10.5281/zenodo.17994553,openalex,,"Abstract This document presents the Unified Theory of Human Agency (UTHA) as the rigorous layer-4 instantiation of the General Theory of Physical Agency (GTPA). Operating within the dynamical constraints of TECD and the geometric substrate of UFD, UTHA redefines the human condition not as a collecti"
239,,NYCH: A Canonical Kernel and Oracle-Based Protocol for Latent Manifold Navigation,Nicholas Hartman,2025,Zenodo (CERN European Organization for Nuclear Research),,,,,0,0.000,0.000,10.5281/zenodo.17984059,https://openalex.org/W7116687015,https://doi.org/10.5281/zenodo.17984059,openalex,,"This preprint introduces NYCH, a deterministic protocol for latent manifold navigation in existing machine learning models. The framework defines a canonical set of transcription kernels that map gate-state trajectories into geometric manifolds, along with an Oracle layer that performs policy-driven"
240,,Alzheimer's Disease Brain Network Mining,Alireza Moayedikia; Sara Fin,2025,arXiv (Cornell University),,,,,0,0.000,0.000,10.48550/arxiv.2512.17276,https://openalex.org/W7117036528,https://doi.org/10.48550/arxiv.2512.17276,openalex,,"Machine learning approaches for Alzheimer's disease (AD) diagnosis face a fundamental challenges. Clinical assessments are expensive and invasive, leaving ground truth labels available for only a fraction of neuroimaging datasets. We introduce Multi view Adaptive Transport Clustering for Heterogeneo"
241,,j-IR-vis: Vision model for Infrared spectroscopy embeddings,Rudra Sondhi; E. CHACKO; Rodrigo A. Vargas–Hernández,2025,,,,,,0,0.000,0.000,10.26434/chemrxiv-2025-d0j2v,https://openalex.org/W4417452223,https://doi.org/10.26434/chemrxiv-2025-d0j2v,openalex,,"Infrared (IR) spectroscopy provides rich structural information but interpreting spectra at scale remains challenging. Here we introduce j-IR-vis, a vision-based neural model that learns chemically interpretable representations directly from IR spectra for functional-group prediction and downstream "
242,,The Universe Learning Itself: On the Evolution of Dynamics from the Big Bang to Machine Intelligence,"Singh, Pradeep; Rushikesh, Mudasani; Anurag, Bezawada Sri Sai; Raman, Balasubramanian",2025,arXiv (Cornell University),,,,,0,0.000,0.000,10.48550/arxiv.2512.16515,https://openalex.org/W4417530730,https://arxiv.org/pdf/2512.16515,openalex,,"We develop a unified, dynamical-systems narrative of the universe that traces a continuous chain of structure formation from the Big Bang to contemporary human societies and their artificial learning systems. Rather than treating cosmology, astrophysics, geophysics, biology, cognition, and machine i"
243,,An Energetic Account of Linguistic Structure,"Grimes, J. R.",2025,Zenodo (CERN European Organization for Nuclear Research),,,,,0,0.000,0.000,10.5281/zenodo.17978566,https://openalex.org/W7116069717,https://doi.org/10.5281/zenodo.17978566,openalex,,"Human languages appear unnecessarily complex under classical information theory: they contain redundancy, layered grammatical cues, long-distance dependencies, and predictable syntactic channels that seemingly reduce compression efficiency. Recent work by Futrell and Hahn (2025) shows that this appa"
244,,High-order expansion of neural ordinary differential equation flows,Dario Izzo; Sebastien Origer; Giacomo Acciarini; Francesco Biscani,2025,Science Advances,,,,,0,0.000,0.000,10.1126/sciadv.ady1348,https://openalex.org/W4417439398,https://doi.org/10.1126/sciadv.ady1348,openalex,,"Artificial neural networks, widely recognized for their role in machine learning, are also transforming the study of ordinary differential equations (ODEs), bridging data-driven modeling with classical dynamical systems as well as enabling the development of infinitely deep neural models. However, t"
245,,Accelerating High-Throughput Catalyst Screening by Direct Generation of Equilibrium Adsorption Structures,"Huo, Songze; Cao, Xiao-Ming",2025,arXiv (Cornell University),,,,,0,0.000,0.000,10.48550/arxiv.2512.15228,https://openalex.org/W7116045001,https://doi.org/10.48550/arxiv.2512.15228,openalex,,"The adsorption energy serves as a crucial descriptor for the large-scale screening of catalysts. Nevertheless, the limited distribution of training data for the extensively utilised machine learning interatomic potential (MLIP), predominantly sourced from near-equilibrium structures, results in unre"
246,,"Optimal control, quantification and machine learning in spin dynamics",Uluk Rasulov,2025,ePrints Soton (University of Southampton),,,,,0,0.000,0.000,,https://openalex.org/W7116634299,,openalex,,"Control and simulation of spin dynamics face two persistent bottlenecks: instrument-induced distortions that warp optimised pulses, and the near universal piecewise-constant approximation of the Hamiltonian. The latter is the lowest order Lie-solver that degrades under fast timing and realistic hard"
247,,EARTHQUAKE FAULT MECHANISM PREDICTION USING AI ALGORITHMS APPLIED TO STRONG MOTION RECORDS,F. Y épez; D. Benítez; N. Perez; F. Grijalva,2025,World Conference of Earthquake Engineering,,,,,0,0.000,0.000,10.71846/18-wcee-0835,https://openalex.org/W7115780426,https://doi.org/10.71846/18-wcee-0835,openalex,,"Earthquake mechanisms are the results of a moment tensor solution for the earthquake, and several methods such as the first motions polarity, waveform inversion, etc., are applied to seismograms for understanding the earthquake rupture and the slip direction, including strike, dip, and rake angles. "
248,,Modeling treatment effect heterogeneity in prophylactic lumbar drainage: a Double Machine Learning reanalysis of EARLYDRAIN,Shrinit Babel; Syed R. H. Peeran; Gandham Edmond Jonathan,2025,Artificial Intelligence Surgery,,,,,0,0.000,0.000,10.20517/ais.2025.75,https://openalex.org/W4417313676,https://f.oaes.cc/xmlpdf/published/article/37cb1c3c3e7d1199cc52ef302240a8b2/ais5075.pdf,openalex,,"Aim: The EARLYDRAIN trial illustrated that prophylactic lumbar drainage (LD) could reduce poor outcomes in patients with aneurysmal subarachnoid hemorrhage, although not uniformly. We aim to reanalyze trial data using Double Machine Learning (DML) to estimate individualized treatment effects and ide"
249,,QFED-MAZARI: A Unified Architecture for Privacy-Preserving Quantum Federated Learning with the Mazari Quantum Ordering,"MAZARI, Ilyes Tarik; Mazari, Yanis; Mazari, Ilyan",2025,Zenodo (CERN European Organization for Nuclear Research),,,,,0,0.000,0.000,10.5281/zenodo.17929441,https://openalex.org/W7115167251,https://doi.org/10.5281/zenodo.17929441,openalex,,"Quantum federated learning (QFL) promises to combine the computational advantages of quantum machine learning with the privacy benefits of federated architectures. However, existing QFL approaches fundamentally misapply classical federated learning techniques to quantum systems, treating quantum par"
250,,Compression Complementarity in Dual-Frame Information Theory,"Wells, A.R.",2025,Zenodo (CERN European Organization for Nuclear Research),,,,,0,0.000,0.000,10.5281/zenodo.17926720,https://openalex.org/W7115167445,https://doi.org/10.5281/zenodo.17926720,openalex,,"Modern artificial intelligence systems and cognitive models routinely rely on both discrete symbolic structures (such as tokens, clusters, or categories) and continuous geometric or harmonic structures (such as embeddings, manifolds, and spectral coherence). Despite their ubiquity, there is no widel"
251,,A Biologically Grounded Structural Causal Model Enables cfRNA Specific In-Context Learning,Ryan Kim; Beomsoo Kim; Hyunjin Kim; Sang-Don Lee,2025,,,,,,0,0.000,0.000,10.64898/2025.12.10.693604,https://openalex.org/W4417302888,https://doi.org/10.64898/2025.12.10.693604,openalex,,"Abstract Cell-free RNA (cfRNA) in human plasma provides a minimally invasive readout of tissue physiology, yet its extreme sparsity, heavy-tailed abundance distributions, and weak but structured correlation patterns create major challenges for machine learning. Conventional tabular foundation models"
252,,Neutrosophic MR-Metric Spaces: A Topos-Theoretic Framework with Applications,Abed Al-Rahman Malkawi; Ayat Rabaiah,2025,International Journal of Analysis and Applications,,,,,0,0.000,0.000,10.28924/2291-8639-23-2025-333,https://openalex.org/W4417272097,https://etamaths.com/index.php/ijaa/article/download/4613/1553,openalex,,"This paper introduces and systematically investigates the category of Neutrosophic MR-Metric Spaces (NMR-MS), which generalizes classical metric spaces by incorporating neutrosophic logic to model truth (T), indeterminacy (I), and falsity (F). We define the category NMRMS and construct sheaves of NM"
253,,Product Manifold Machine Learning for Physics,Nathaniel Woodward; Sang Eon Park; Gaia Grosso; Jeffrey Krupa; Philip C. Harris,2024,,,,,,1,0.000,0.000,,https://www.semanticscholar.org/paper/b4fdf35acb9e61aca98d76a0ede2be31959189cd,,semantic_scholar,,"Physical data are representations of the fundamental laws governing the Universe, hiding complex compositional structures often well captured by hierarchical graphs. Hyperbolic spaces are endowed with a non-Euclidean geometry that naturally embeds those structures. To leverage the benefits of non-Eu"
254,,Analyzing Large-Scale Twitter Real Time Streaming Data with Manifold Machine Learning Algorithms in Apache SPARK,M. Abhineswari; R. Priyadarshini,2023,"2023 International Conference on Data Science, Agents & Artificial Intelligence (ICDSAAI)",,,,,9,0.000,0.000,10.1109/ICDSAAI59313.2023.10452549,https://www.semanticscholar.org/paper/0ba211175390d3217569f49bb990987a9611e643,,semantic_scholar,,"With the rapid growth of social media platforms, Twitter has emerged as a valuable source that provides real-time data on public opinion, sentiment, and trends through approximately 7500 tweets per second, enabling individuals, brand organizations, and public influencers to express thoughts, opinion"
255,,Unipolar and Bipolar Depression Detection and Classification Based on Actigraphic Registration of Motor Activity Using Machine Learning and Uniform Manifold Approximation and Projection Methods,Mohammed Zakariah; Y. Alotaibi,2023,Diagnostics,,,,,18,0.000,0.000,10.3390/diagnostics13142323,https://www.semanticscholar.org/paper/192334ca0eeab5c696439409ee51900b536f4abe,https://www.mdpi.com/2075-4418/13/14/2323/pdf?version=1688966966,semantic_scholar,,"Modern technology frequently uses wearable sensors to monitor many aspects of human behavior. Since continuous records of heart rate and activity levels are typically gathered, the data generated by these devices have a lot of promise beyond counting the number of daily steps or calories expended. D"
256,,Combining Flamelet-Generated Manifold and Machine Learning Models in Simulation of a Non-Premixed Diffusion Flame,Kaimeng Li; P. Rahnama; R. Novella; B. Somers,2023,Energy and AI,,,,,11,0.000,0.000,10.1016/j.egyai.2023.100266,https://www.semanticscholar.org/paper/733517f3ea1040b20536ed59e09f2df85607048c,https://doi.org/10.1016/j.egyai.2023.100266,semantic_scholar,,
257,,Task-oriented machine learning surrogates for tipping points of agent-based models,Gianluca Fabiani; N. Evangelou; Tianqi Cui; J. Bello-Rivas; Cristina P. Martin-Linares,2024,Nature Communications,,,,,27,0.000,0.000,10.1038/s41467-024-48024-7,https://www.semanticscholar.org/paper/d63afa9ac9d835d94e1d88390467934811db53a5,https://www.nature.com/articles/s41467-024-48024-7.pdf,semantic_scholar,,"We present a machine learning framework bridging manifold learning, neural networks, Gaussian processes, and Equation-Free multiscale approach, for the construction of different types of effective reduced order models from detailed agent-based simulators and the systematic multiscale numerical analy"
258,,Comparison of Manifold Learning Algorithms for Rapid Circuit Defect Extraction in SPICE-Augmented Machine Learning,Vasu Eranki; T. Lu; H. Wong,2022,Workshop on Microelectronics and Electron Devices,,,,,6,0.000,0.000,10.1109/wmed55302.2022.9758032,https://www.semanticscholar.org/paper/6be1dd29cd0b2bc15e654dfe6bdd32053a5f4bc8,,semantic_scholar,,"Identifying the source of integrated circuit (IC) degradation and being able to track its degradation via its electrical characteristics (e.g. the Voltage Transfer Characteristics, VTC, of an inverter) is very useful in failure analysis. This is because the electrical measurement is non-destructive,"
259,,Application of machine learning in low-order manifold representation of chemistry in turbulent flames,Arash Mousemi; M. Jadidi; S. Dworkin; W. Bushe,2022,Combustion theory and modelling,,,,,9,0.000,0.000,10.1080/13647830.2022.2153740,https://www.semanticscholar.org/paper/1ff1c8f5701e93a7ec892a548389e7ae8a5aa9bd,,semantic_scholar,,The Uniform Conditional State (UCS) and the Multidimensional Flamelet Manifold (MFM) models are methods for the tabulation of chemistry in simulations of turbulent flames. The high-dimensionality of the tables these models generate and many possible combinations of the values for the input variables
260,,"Deciphering Abnormal Platelet Subpopulations in COVID-19, Sepsis and Systemic Lupus Erythematosus through Machine Learning and Single-Cell Transcriptomics",Xinru Qiu; Meera G Nair; L. Jaroszewski; Adam Godzik,2024,International Journal of Molecular Sciences,,,,,21,0.000,0.000,10.3390/ijms25115941,https://www.semanticscholar.org/paper/831b1c4f55860935d9fcab1e58cdbe5683041444,https://www.mdpi.com/1422-0067/25/11/5941/pdf?version=1716978473,semantic_scholar,,"This study focuses on understanding the transcriptional heterogeneity of activated platelets and its impact on diseases such as sepsis, COVID-19, and systemic lupus erythematosus (SLE). Recognizing the limited knowledge in this area, our research aims to dissect the complex transcriptional profiles "
261,,A Nonlinear Manifold Embedding Extreme Learning Machine to Improve the Gas Recognition of Electronic Noses,Yutong Tian; Tao Liu; Tingjun Li; Haining Yang; Jia Yan,2024,IEEE Sensors Journal,,,,,8,0.000,0.000,10.1109/JSEN.2024.3375644,https://www.semanticscholar.org/paper/b600fef8bd8fed036f4069407d7ccdb085969f67,,semantic_scholar,,"The drift compensation of gas sensor systems is an important topic in the artificial olfactory community. The drift is arisen by multiple factors, i.e., the change of temperature and moisture, poison effect, manufacture repeatability, and so on. It would arise the bias, distortion, and offset of dat"
262,,Surface-Enhanced Raman Scattering Combined with Machine Learning for Rapid and Sensitive Detection of Anti-SARS-CoV-2 IgG,Thais De Andrade Silva; G. F. D. dos Santos; Adilson Ribeiro Prado; D. Cavalieri; Arnaldo Gomes Leal Junior,2024,Biosensors,,,,,13,0.000,0.000,10.3390/bios14110523,https://www.semanticscholar.org/paper/5611c33f849a3a460bebc74a0ebf02c309aa3942,https://doi.org/10.3390/bios14110523,semantic_scholar,,"This work reports an efficient method to detect SARS-CoV-2 antibodies in blood samples based on SERS combined with a machine learning tool. For this purpose, gold nanoparticles directly conjugated with spike protein were used in human blood samples to identify anti-SARS-CoV-2 antibodies. The compreh"
263,,Differential Evolution Based Manifold Gaussian Process Machine Learning for Microwave Filter’s Parameter Extraction,Xuezhi Chen; Yubo Tian; Tianliang Zhang; Jing Gao,2020,IEEE Access,,,,,25,0.000,0.000,10.1109/ACCESS.2020.3015043,https://www.semanticscholar.org/paper/8741962ca6f4a01ca57665b7fbb9ac75e570705f,https://ieeexplore.ieee.org/ielx7/6287639/8948470/09162106.pdf,semantic_scholar,,"Gaussian process (GP) is a rapidly developing supervised machine learning (ML) method in recent years, which has been widely used in the establishment of surrogate models in the field of electromagnetics. However, it has the problems of large sample demand, high computational complexity and low accu"
264,,Manifold Modeling in Machine Learning,E. Burnaev; A. Bernstein,2021,Journal of communications technology & electronics,,,,,2,0.000,0.000,10.1134/S106422692106005X,https://www.semanticscholar.org/paper/8222b403531fc43acda226b90515cea6f0a8ea1c,,semantic_scholar,,
265,,Applications of Machine Learning (ML) and Mathematical Modeling (MM) in Healthcare with Special Focus on Cancer Prognosis and Anticancer Therapy: Current Status and Challenges,Jasmin Hassan; Safiya Mohammed Saeed; Lipika Deka; Md Jasim Uddin; D. B. Das,2024,Pharmaceutics,,,,,11,0.000,0.000,10.3390/pharmaceutics16020260,https://www.semanticscholar.org/paper/3416a38727ad5ea33328f2b6b8652aeda6b46f51,https://www.mdpi.com/1999-4923/16/2/260/pdf?version=1707490260,semantic_scholar,,"The use of data-driven high-throughput analytical techniques, which has given rise to computational oncology, is undisputed. The widespread use of machine learning (ML) and mathematical modeling (MM)-based techniques is widely acknowledged. These two approaches have fueled the advancement in cancer "
266,,Beyond Language Barriers: Allowing Multiple Languages in Postsecondary Chemistry Classes Through Multilingual Machine Learning,Paul P. Martin; Nicole Graulich,2024,Journal of Science Education and Technology,,,,,11,0.000,0.000,10.1007/s10956-023-10087-4,https://www.semanticscholar.org/paper/12fd1dc226419c12dd6306f7df00d9a2c4ade1c9,https://link.springer.com/content/pdf/10.1007/s10956-023-10087-4.pdf,semantic_scholar,,"Students who learn the language of instruction as an additional language represent a heterogeneous group with varying linguistic and cultural backgrounds, contributing to classroom diversity. Because of the manifold challenges these students encounter while learning the language of instruction, addi"
267,,Unsupervised Machine Learning for Data-Driven Rock Mass Classification: Addressing Limitations in Existing Systems Using Drilling Data,T. F. Hansen; A. Aarset,2024,Rock Mechanics and Rock Engineering,,,,,7,0.000,0.000,10.1007/s00603-024-04280-z,https://www.semanticscholar.org/paper/6a36d0c378df7f3bb0a176f13506afbb0f971e01,https://link.springer.com/content/pdf/10.1007/s00603-024-04280-z.pdf,semantic_scholar,,"Rock mass classification systems are crucial for assessing stability and risk in underground construction globally and guiding support and excavation design. However, these systems, developed primarily in the 1970 s, lack access to modern high-resolution data and advanced statistical techniques, lim"
268,,Using machine learning techniques for exploration and classification of laboratory data,Inga Trulson; Stefan Holdenrieder; G. Hoffmann,2024,Journal of Laboratory Medicine,,,,,6,0.000,0.000,10.1515/labmed-2024-0100,https://www.semanticscholar.org/paper/0e5a989383cd5d4c60c179d9b6a5a63c947a6975,https://doi.org/10.1515/labmed-2024-0100,semantic_scholar,,"Abstract Objectives The study aims to acquaint readers with six widely used machine learning (ML) techniques (Principal Component Analysis (PCA), Uniform Manifold Approximation and Projection (UMAP), k-means, hierarchical clustering and the decision tree models (rpart and random forest)) that might "
269,,Robust estimation of the intrinsic dimension of data sets with quantum cognition machine learning,Luca Candelori; A. Abanov; Jeffrey Berger; Cameron J. Hogan; Vahagn Kirakosyan,2024,Scientific Reports,,,,,6,0.000,0.000,10.1038/s41598-025-91676-8,https://www.semanticscholar.org/paper/84bc40c4b643d6fb1b0c0f9642487c3842b08deb,https://doi.org/10.1038/s41598-025-91676-8,semantic_scholar,,"We propose a new data representation method based on Quantum Cognition Machine Learning and apply it to manifold learning, specifically to the estimation of intrinsic dimension of data sets. The idea is to learn a representation of each data point as a quantum state, encoding both local properties o"
270,,Hunting for Polluted White Dwarfs and Other Treasures with Gaia XP Spectra and Unsupervised Machine Learning,Malia L. Kao; Keith Hawkins; Laura K. Rogers; A. Bonsor; Bart H. Dunlap,2024,Astrophysical Journal,,,,,5,0.000,0.000,10.3847/1538-4357/ad5d6e,https://www.semanticscholar.org/paper/c5634cfd4000ed7ab51bfb0fcddf802667aff0e7,https://doi.org/10.3847/1538-4357/ad5d6e,semantic_scholar,,"White dwarfs (WDs) polluted by exoplanetary material provide the unprecedented opportunity to directly observe the interiors of exoplanets. However, spectroscopic surveys are often limited by brightness constraints, and WDs tend to be very faint, making detections of large populations of polluted WD"
271,,Distinguishing Calabi-Yau Topology using Machine Learning,Yang-Hui He; Zhigang Yao; S. Yau,2024,,,,,,4,0.000,0.000,,https://www.semanticscholar.org/paper/d3a402cfcdeea6e19db9d4900497d49acb616684,,semantic_scholar,,"While the earliest applications of AI methodologies to pure mathematics and theoretical physics began with the study of Hodge numbers of Calabi-Yau manifolds, the topology type of such manifold also crucially depend on their intersection theory. Continuing the paradigm of machine learning algebraic "
272,,Dietary patterns associated with the incidence of hypertension among adult Japanese males: application of machine learning to a cohort study,Longfei Li; H. Momma; Haili Chen; S. S. Nawrin; Yidan Xu,2024,European Journal of Nutrition,,,,,5,0.000,0.000,10.1007/s00394-024-03342-w,https://www.semanticscholar.org/paper/47f8618e0c34307bf96de68ea5ea30164f516a36,https://link.springer.com/content/pdf/10.1007/s00394-024-03342-w.pdf,semantic_scholar,,"The previous studies that examined the effectiveness of unsupervised machine learning methods versus traditional methods in assessing dietary patterns and their association with incident hypertension showed contradictory results. Consequently, our aim is to explore the correlation between the incide"
273,,Unsupervised Machine Learning‐Derived Anion‐Exchange Membrane Polymers Map: A Guideline for Polymers Exploration and Design,Yin Kan Phua; Nana Terasoba; Manabu Tanaka; T. Fujigaya; Koichiro Kato,2024,ChemElectroChem,,,,,5,0.000,0.000,10.1002/celc.202400252,https://www.semanticscholar.org/paper/c2f10d82a92bed96e160fa4def5d1d2fa6bf4ab8,https://onlinelibrary.wiley.com/doi/pdfdirect/10.1002/celc.202400252,semantic_scholar,,"Although anion‐exchange membranes (AEMs) are commonly used in fuel cells and water electrolyzers, their widespread commercialization is hindered by problems such as low anion conductivity and durability. Moreover, the development of high‐performance AEMs remains complex and time consuming. Here, we "
274,,Mechanical dissimilarity of defects in welded joints via Grassmann manifold and machine learning,D. Ryckelynck; Thibault Goessel; F. N'guyen,2020,Comptes rendus. Mecanique,,,,,8,0.000,0.000,10.5802/CRMECA.51,https://www.semanticscholar.org/paper/071c0dc4f3d834a7dde3bb7442b6ab66a5f3aea8,https://comptes-rendus.academie-sciences.fr/mecanique/item/10.5802/crmeca.51.pdf,semantic_scholar,,Assessing the harmfulness of defects based on images is becoming more and more common in industry. Today these defects can be insert in digital twins that aim to replicated in a mechanical model what is observed on a component. We propose a methodology for defect classification and defect labeling i
275,,Designing Poisson Integrators Through Machine Learning,M. Vaquero; David Mart'in de Diego; Jorge Cort'es,2024,IFAC-PapersOnLine,,,,,3,0.000,0.000,10.48550/arXiv.2403.20139,https://www.semanticscholar.org/paper/7dfed0d91681828f8554f5547f7cccf87a7151e7,,semantic_scholar,,"This paper presents a general method to construct Poisson integrators, i.e., integrators that preserve the underlying Poisson geometry. We assume the Poisson manifold is integrable, meaning there is a known local symplectic groupoid for which the Poisson manifold serves as the set of units. Our cons"
276,,Executable QR codes with Machine Learning for Industrial Applications,S. Scanzio; Francesco Velluto; Matteo Rosani; Lukasz Wisniewski; G. Cena,2024,IEEE International Conference on Emerging Technologies and Factory Automation,,,,,3,0.000,0.000,10.1109/ETFA61755.2024.10710739,https://www.semanticscholar.org/paper/1839ebce5da3023b495c5a28598b0ae01615f98b,,semantic_scholar,,"Executable QR codes, also known as eQR codes or just sQRy, are a special kind of QR codes that embed programs conceived to run on mobile devices like smartphones. Since the program is directly encoded in binary form within the QR code, it can be executed even when the reading device is not provided "
277,,Detection of defects in composite insulators based on laser‐induced plasma combined with machine learning,Shuaiqi Xu; Changjin Che,2024,Microwave and optical technology letters (Print),,,,,3,0.000,0.000,10.1002/mop.34298,https://www.semanticscholar.org/paper/9dcb44bcc3a5e58671ff63be62be0f289afbb85f,,semantic_scholar,,"Due to Prolonged operation and external environmental factors, composite insulators may develop various defects, which can potentially lead to serious accidents in power systems. Detecting and analyzing these defects is critically important. In this study, we combine machine learning with laser‐indu"
278,,The “Collections as ML Data” checklist for machine learning and cultural heritage,Benjamin Charles Germain Lee,2023,J. Assoc. Inf. Sci. Technol.,,,,,25,0.000,0.000,10.1002/asi.24765,https://www.semanticscholar.org/paper/e7a3617f7c9e8fb3d1d9b6333b5ee8e906beec12,,semantic_scholar,,"Within cultural heritage, there has been a growing and concerted effort to consider a critical sociotechnical lens when applying machine learning techniques to digital collections. Though the cultural heritage community has collectively developed an emerging body of work detailing responsible operat"
279,,Evaluation of nutritional status and clinical depression classification using an explainable machine learning method,Payam Hosseinzadeh Kasani; J. E. Lee; Chihyun Park; Cheol-Heui Yun; Jae-Won Jang,2023,Frontiers in Nutrition,,,,,22,0.000,0.000,10.3389/fnut.2023.1165854,https://www.semanticscholar.org/paper/d6dcd51d23905b4d3f8abe7969e4d6ebf1ff8d4f,https://www.frontiersin.org/articles/10.3389/fnut.2023.1165854/pdf,semantic_scholar,,"Introduction Depression is a prevalent disorder worldwide, with potentially severe implications. It contributes significantly to an increased risk of diseases associated with multiple risk factors. Early accurate diagnosis of depressive symptoms is a critical first step toward management, interventi"
280,,Identification of coumarin-based food additives using terahertz spectroscopy combined with manifold learning and improved support vector machine.,Tao Chen; Lingjie Ma; Zongqing Tang; Ling Xiao Yu,2022,Journal of Food Science,,,,,20,0.000,0.000,10.1111/1750-3841.16064,https://www.semanticscholar.org/paper/03d05c0196d0577a32d8172033ea8c612143308b,,semantic_scholar,,The purpose of this paper is to use terahertz (THz) spectroscopy combined with manifold learning and improved support vector machine (SVM) model to identify the coumarin-based food additives. The 216 THz absorbance spectra (144 for calibration set and 72 for prediction set) of six coumarin-based foo
281,,Graph machine learning classification using architectural 3D topological models,Abdulrahman Alymani; W. Jabi; Padraig Corcoran,2023,International Conference on Advances in System Simulation,,,,,12,0.000,0.000,10.1177/00375497221105894,https://www.semanticscholar.org/paper/109d6bb5069267e29c7a6260f1a2ff0fd4c80796,https://doi.org/10.1177/00375497221105894,semantic_scholar,,Some architects struggle to choose the best form of how the building meets the ground and may benefit from a suggestion based on precedents. This paper presents a novel proof of concept workflow that enables machine learning (ML) to automatically classify three-dimensional (3D) prototypes with respe
282,,Automating the Detection of IV Fluid Contamination Using Unsupervised Machine Learning.,N. C. Spies; Zita M L Hubler; V. Azimi; Ray Zhang; Ronald Jackups,2023,Clinical Chemistry,,,,,10,0.000,0.000,10.1093/clinchem/hvad207,https://www.semanticscholar.org/paper/a5f62b90ab64e873777681de43acf6bfa4c68ec2,,semantic_scholar,,"BACKGROUND
Intravenous (IV) fluid contamination is a common cause of preanalytical error that can delay or misguide treatment decisions, leading to patient harm. Current approaches for detecting contamination rely on delta checks, which require a prior result, or manual technologist intervention, wh"
283,,Cross-domain manifold structure preservation for transferable and cross-machine fault diagnosis,Can Li; Guangbin Wang; Shubiao Zhao; Zhixian Zhong; Ying Lv,2024,Journal of Vibroengineering,,,,,1,0.000,0.000,10.21595/jve.2024.24067,https://www.semanticscholar.org/paper/a21bff2124aea17275ceafb2322f84ad13b62249,https://doi.org/10.21595/jve.2024.24067,semantic_scholar,,"To address the decline or failure in the autonomous learning capability of traditional transfer learning methods when training and test samples come from different machines, resulting in low cross-machine fault diagnosis rates, we propose a cross-domain manifold structure preservation (CDMSP) method"
284,,Unsupervised machine learning classification of fermi gamma-ray bursts using spectral parameters,Jia-Ming Chen; K. Zhu; Zhao-Yang Peng; Li Zhang,2023,Monthly notices of the Royal Astronomical Society,,,,,7,0.000,0.000,10.1093/mnras/stad3407,https://www.semanticscholar.org/paper/6a615f1d2c9c30fb95c0f2b9cd4a0978d0e82666,https://academic.oup.com/mnras/advance-article-pdf/doi/10.1093/mnras/stad3407/52953769/stad3407.pdf,semantic_scholar,,"
 A thorough analysis of 2297 gamma-ray bursts (GRBs) in the Fermi catalog is performed by using unsupervised machine learning algorithms in this paper. In our analysis, for two spectral parameter samples, namely for the peak-flux and time-integrated spectral fits, two dimensionality reduction algor"
285,,A Study on Detection of Malicious Behavior Based on Host Process Data Using Machine Learning,Ryeobin Han; Kookjin Kim; Byunghun Choi; Young-Sik Jeong,2023,Applied Sciences,,,,,8,0.000,0.000,10.3390/app13074097,https://www.semanticscholar.org/paper/62e8bd721e53479c827ffef041426246b796a42a,https://www.mdpi.com/2076-3417/13/7/4097/pdf?version=1679572600,semantic_scholar,,"With the rapid increase in the number of cyber-attacks, detecting and preventing malicious behavior has become more important than ever before. In this study, we propose a method for detecting and classifying malicious behavior in host process data using machine learning algorithms. One of the chall"
286,,Monkeypox Virus Crosstalk with HIV: An Integrated Skin Transcriptome and Machine Learning Study,Xueyao Cai; Tianyi Zhou; Wenjun Shi; Yuchen Cai; Jianda Zhou,2023,ACS Omega,,,,,7,0.000,0.000,10.1021/acsomega.3c07687,https://www.semanticscholar.org/paper/ab5974275652e41ea91d64195b0e59fd4548936f,https://doi.org/10.1021/acsomega.3c07687,semantic_scholar,,"The emergence of the monkeypox virus (MPXV) outbreak presents a formidable challenge to human health. Emerging evidence suggests that individuals with HIV have been disproportionately affected by MPXV, with adverse clinical outcomes and higher mortality rates. However, the shared molecular mechanism"
287,,Machine learning-based signal quality assessment for cardiac volume monitoring in electrical impedance tomography,Chang Min Hyun; Tae Jun Jang; Jeong-Hyeon Nam; H. Kwon; Kiwan Jeon,2023,Machine Learning: Science and Technology,,,,,6,0.000,0.000,10.1088/2632-2153/acc637,https://www.semanticscholar.org/paper/a8f209bbda2e288f4d7db8f1e449228d3f8c8a6a,https://iopscience.iop.org/article/10.1088/2632-2153/acc637/pdf,semantic_scholar,,"Owing to recent advances in thoracic electrical impedance tomography (EIT), a patient’s hemodynamic function can be noninvasively and continuously estimated in real-time by surveilling a cardiac volume signal (CVS) associated with stroke volume and cardiac output. In clinical applications, however, "
288,,Cryptocurrency Price Prediction Using Supervised Machine Learning Algorithms,Divya Chaudhary; Sushil Kumar Saroj,2023,Advances in Distributed Computing and Artificial Intelligence Journal,,,,,4,0.000,0.000,10.14201/adcaij.31490,https://www.semanticscholar.org/paper/9e7d653545e25b26755458b3ec3e5daf108623c3,,semantic_scholar,,"

As a consequence of rising geo-economic issues, global currency values have declined during the last two years, stock markets have performed poorly, and investors have lost money. Consequently, there is a renewed interest in digital currencies. Cryptocurrency is a fresh kind of asset that has evol"
289,,Deep carbonate reservoir characterization using multi seismic attributes:A comparison of unsupervised machine learning approaches,Luanxiao Zhao; Xuanying Zhu; Xiangyuan Zhao; Yuchun You; Minghui Xu,2023,Geophysics,,,,,5,0.000,0.000,10.1190/geo2023-0199.1,https://www.semanticscholar.org/paper/def48cedd2acd5a25793d3618fcb23fc9454b58c,,semantic_scholar,,"Seismic reservoir characterization is of great interest for sweet spot identification, reservoir quality assessment, and geological model building. The sparsity of the labeled samples often limit the application of supervised machine learning for seismic reservoir characterization. Unsupervised lear"
290,,"Classifying a frequently repeating fast radio burst, FRB 20201124A, with unsupervised machine learning",B. Chen; T. Hashimoto; T. Goto; B. J. Raquel; Y. Uno,2023,,,,,,5,0.000,0.000,10.1093/mnras/stad930,https://www.semanticscholar.org/paper/c643fb6952938a7a7fe35e1b695fa3129f5f8fe9,https://arxiv.org/pdf/2303.17133,semantic_scholar,,"Fast radio bursts (FRBs) are astronomical transients with millisecond timescales. Although most of the FRBs are not observed to repeat, a few of them are detected to repeat more than hundreds of times. There exist a large variety of physical properties among these bursts, suggesting heterogeneous me"
291,,Integrating Machine Learning and Social Sensing in Smart City Digital Twin for Citizen Feedback,Sandra Kumi; Richard K. Lomotey; R. Deters,2023,"2023 IEEE International Conference on High Performance Computing & Communications, Data Science & Systems, Smart City & Dependability in Sensor, Cloud & Big Data Systems & Application (HPCC/DSS/SmartCity/DependSys)",,,,,5,0.000,0.000,10.1109/HPCC-DSS-SmartCity-DependSys60770.2023.00141,https://www.semanticscholar.org/paper/8a89c8d3854755a46ca876237007828568ee1146,,semantic_scholar,,"Smart City Digital Twin (SCDT), a virtual representation of a physical city, is an emerging technology for optimizing urban services and enhancing urban planning and decision-making. The integration of Machine Learning (ML) and social sensing provides valuable insights into public feedback to policy"
292,,Application and Challenges of Machine Learning in Healthcare,Krishna Kumar Yadav; Ankush Gaurav,2023,International Journal for Research in Applied Science and Engineering Technology,,,,,4,0.000,0.000,10.22214/ijraset.2023.55678,https://www.semanticscholar.org/paper/2bccc6fddfc4ff7f9d8dbbb49ca33596f9adbab8,https://doi.org/10.22214/ijraset.2023.55678,semantic_scholar,,"Abstract: The integration of machine learning (ML) techniques into healthcare has emerged as a transformative force, revolutionizing various aspects of patient care, disease management, and healthcare operations. This research paper explores the manifold applications and accompanying challenges asso"
293,,A combinatorial machine-learning-driven approach for predicting glass transition temperature based on numerous molecular descriptors,Dazi Li; Caibo Dong; Zhudan Chen; Yining Dong; Jun Liu,2023,Molecular Simulation,,,,,5,0.000,0.000,10.1080/08927022.2023.2181019,https://www.semanticscholar.org/paper/d01e9da36a410b8990cfc086955dd403e8881561,,semantic_scholar,,"ABSTRACT
 Glass transition temperature (Tg ) is one of the most significant thermophysical property which is hard to measure experimentally. With the development of machine learning, many molecular presentation methods and prediction algorithms have been proposed for predicting Tg . However, most de"
294,,SpaceTimePilot: Generative Rendering of Dynamic Scenes Across Space and Time,Zhening Huang; Hyeonho Jeong; Xuelin Chen; Yulia Gryaditskaya; Tuanfeng Y. Wang,2025,arXiv,,,,,0,0.000,0.000,,http://arxiv.org/abs/2512.25075v1,https://arxiv.org/pdf/2512.25075v1,arxiv,,"We present SpaceTimePilot, a video diffusion model that disentangles space and time for controllable generative rendering. Given a monocular video, SpaceTimePilot can independently alter the camera viewpoint and the motion sequence within the generative process, re-rendering the scene for continuous"
295,,Coordinated Humanoid Manipulation with Choice Policies,Haozhi Qi; Yen-Jen Wang; Toru Lin; Brent Yi; Yi Ma,2025,arXiv,,,,,0,0.000,0.000,,http://arxiv.org/abs/2512.25072v1,https://arxiv.org/pdf/2512.25072v1,arxiv,,"Humanoid robots hold great promise for operating in human-centric environments, yet achieving robust whole-body coordination across the head, hands, and legs remains a major challenge. We present a system that combines a modular teleoperation interface with a scalable learning framework to address t"
296,,Scaling Open-Ended Reasoning to Predict the Future,Nikhil Chandak; Shashwat Goel; Ameya Prabhu; Moritz Hardt; Jonas Geiping,2025,arXiv,,,,,0,0.000,0.000,,http://arxiv.org/abs/2512.25070v1,https://arxiv.org/pdf/2512.25070v1,arxiv,,"High-stakes decision making involves reasoning under uncertainty about the future. In this work, we train language models to make predictions on open-ended forecasting questions. To scale up training data, we synthesize novel forecasting questions from global events reported in daily news, using a f"
297,,From Inpainting to Editing: A Self-Bootstrapping Framework for Context-Rich Visual Dubbing,Xu He; Haoxian Zhang; Hejia Chen; Changyuan Zheng; Liyang Chen,2025,arXiv,,,,,0,0.000,0.000,,http://arxiv.org/abs/2512.25066v1,https://arxiv.org/pdf/2512.25066v1,arxiv,,"Audio-driven visual dubbing aims to synchronize a video's lip movements with new speech, but is fundamentally challenged by the lack of ideal training data: paired videos where only a subject's lip movements differ while all other visual conditions are identical. Existing methods circumvent this wit"
298,,Many Minds from One Model: Bayesian Transformers for Population Intelligence,Diji Yang; Yi Zhang,2025,arXiv,,,,,0,0.000,0.000,,http://arxiv.org/abs/2512.25063v1,https://arxiv.org/pdf/2512.25063v1,arxiv,,"Despite their scale and success, modern transformers are almost universally trained as single-minded systems: optimization produces one deterministic set of parameters, representing a single functional hypothesis about the data. Motivated by the idea that intelligence emerge from many minds, we prop"
299,,Melting curve of correlated iron at Earth's core conditions from machine-learned DFT+DMFT,Rishi Rao; Li Zhu,2025,arXiv,,,,,0,0.000,0.000,,http://arxiv.org/abs/2512.25061v1,https://arxiv.org/pdf/2512.25061v1,arxiv,,"Reliable constraints on iron's melting curve at Earth's inner-core boundary require accurate finite-temperature electronic correlations, yet DFT+DMFT calculations remain too costly for large-scale thermodynamic sampling. Here, we develop a machine-learning accelerator for charge self-consistent DFT+"
300,,On the geometry and topology of representations: the manifolds of modular addition,Gabriela Moisescu-Pareja; Gavin McCracken; Harley Wiltzer; Vincent Létourneau; Colin Daniels,2025,arXiv,,,,,0,0.000,0.000,,http://arxiv.org/abs/2512.25060v1,https://arxiv.org/pdf/2512.25060v1,arxiv,,"The Clock and Pizza interpretations, associated with architectures differing in either uniform or learnable attention, were introduced to argue that different architectural designs can yield distinct circuits for modular addition. In this work, we show that this is not the case, and that both unifor"
301,,Reliable and Resilient Collective Communication Library for LLM Training and Serving,Wei Wang; Nengneng Yu; Sixian Xiong; Zaoxing Liu,2025,arXiv,,,,,0,0.000,0.000,,http://arxiv.org/abs/2512.25059v1,https://arxiv.org/pdf/2512.25059v1,arxiv,,"Modern ML training and inference now span tens to tens of thousands of GPUs, where network faults can waste 10--15\% of GPU hours due to slow recovery. Common network errors and link fluctuations trigger timeouts that often terminate entire jobs, forcing expensive checkpoint rollback during training"
302,,Fluid dynamics as intersection problem,Nikita Nekrasov; Paul Wiegmann,2025,arXiv,,,,,0,0.000,0.000,,http://arxiv.org/abs/2512.25053v1,https://arxiv.org/pdf/2512.25053v1,arxiv,,"We formulate the covariant hydrodynamics equations describing the fluid dynamics as the problem of intersection theory on the infinite dimensional symplectic manifold associated with spacetime. This point of view separates the structures related to the equation of state, the geometry of spacetime, a"
303,,Compound Estimation for Binomials,Yan Chen; Lihua Lei,2025,arXiv,,,,,0,0.000,0.000,,http://arxiv.org/abs/2512.25042v1,https://arxiv.org/pdf/2512.25042v1,arxiv,,"Many applications involve estimating the mean of multiple binomial outcomes as a common problem -- assessing intergenerational mobility of census tracts, estimating prevalence of infectious diseases across countries, and measuring click-through rates for different demographic groups. The most standa"
304,,Generative Classifiers Avoid Shortcut Solutions,Alexander C. Li; Ananya Kumar; Deepak Pathak,2025,arXiv,,,,,0,0.000,0.000,,http://arxiv.org/abs/2512.25034v1,https://arxiv.org/pdf/2512.25034v1,arxiv,,"Discriminative approaches to classification often learn shortcuts that hold in-distribution but fail even under minor distribution shift. This failure mode stems from an overreliance on features that are spuriously correlated with the label. We show that generative classifiers, which use class-condi"
305,,Testing Monotonicity in a Finite Population,Jiafeng Chen; Jonathan Roth; Jann Spiess,2025,arXiv,,,,,0,0.000,0.000,,http://arxiv.org/abs/2512.25032v1,https://arxiv.org/pdf/2512.25032v1,arxiv,,"We consider the extent to which we can learn from a completely randomized experiment whether everyone has treatment effects that are weakly of the same sign, a condition we call monotonicity. From a classical sampling perspective, it is well-known that monotonicity is untestable. By contrast, we sho"
306,,ResponseRank: Data-Efficient Reward Modeling through Preference Strength Learning,Timo Kaufmann; Yannick Metz; Daniel Keim; Eyke Hüllermeier,2025,arXiv,,,,,0,0.000,0.000,,http://arxiv.org/abs/2512.25023v1,https://arxiv.org/pdf/2512.25023v1,arxiv,,"Binary choices, as often used for reinforcement learning from human feedback (RLHF), convey only the direction of a preference. A person may choose apples over oranges and bananas over grapes, but which preference is stronger? Strength is crucial for decision-making under uncertainty and generalizat"
307,,Approximation Algorithms for Fair Repetitive Scheduling,Danny Hermelin; Danny Segev; Dvir Shabtay,2025,arXiv,,,,,0,0.000,0.000,,http://arxiv.org/abs/2512.25020v1,https://arxiv.org/pdf/2512.25020v1,arxiv,,"We consider a recently introduced fair repetitive scheduling problem involving a set of clients, each asking for their associated job to be daily scheduled on a single machine across a finite planning horizon. The goal is to determine a job processing permutation for each day, aiming to minimize the"
308,,Convergence of the generalization error for deep gradient flow methods for PDEs,Chenguang Liu; Antonis Papapantoleon; Jasper Rou,2025,arXiv,,,,,0,0.000,0.000,,http://arxiv.org/abs/2512.25017v1,https://arxiv.org/pdf/2512.25017v1,arxiv,,The aim of this article is to provide a firm mathematical foundation for the application of deep gradient flow methods (DGFMs) for the solution of (high-dimensional) partial differential equations (PDEs). We decompose the generalization error of DGFMs into an approximation and a training error. We f
309,,Diffusion Language Models are Provably Optimal Parallel Samplers,Haozhe Jiang; Nika Haghtalab; Lijie Chen,2025,arXiv,,,,,0,0.000,0.000,,http://arxiv.org/abs/2512.25014v1,https://arxiv.org/pdf/2512.25014v1,arxiv,,Diffusion language models (DLMs) have emerged as a promising alternative to autoregressive models for faster inference via parallel token generation. We provide a rigorous foundation for this advantage by formalizing a model of parallel sampling and showing that DLMs augmented with polynomial-length
310,,At the intersection of Numerical Analysis and Spectral Geometry,Nilima Nigam,2025,arXiv,,,,,0,0.000,0.000,,http://arxiv.org/abs/2512.25012v1,https://arxiv.org/pdf/2512.25012v1,arxiv,,"How do the geometric properties of a domain impact the spectrum of an operator defined on it? How do we compute accurate and reliable approximations of these spectra? The former question is studied in spectral geometry, and the latter is a central concern in numerical analysis. In this short exposit"
311,,FoundationSLAM: Unleashing the Power of Depth Foundation Models for End-to-End Dense Visual SLAM,Yuchen Wu; Jiahe Li; Fabio Tosi; Matteo Poggi; Jin Zheng,2025,arXiv,,,,,0,0.000,0.000,,http://arxiv.org/abs/2512.25008v1,https://arxiv.org/pdf/2512.25008v1,arxiv,,"We present FoundationSLAM, a learning-based monocular dense SLAM system that addresses the absence of geometric consistency in previous flow-based approaches for accurate and robust tracking and mapping. Our core idea is to bridge flow estimation with geometric reasoning by leveraging the guidance f"
312,,Bi-C2R: Bidirectional Continual Compatible Representation for Re-indexing Free Lifelong Person Re-identification,Zhenyu Cui; Jiahuan Zhou; Yuxin Peng,2025,arXiv,,,,,0,0.000,0.000,,http://arxiv.org/abs/2512.25000v1,https://arxiv.org/pdf/2512.25000v1,arxiv,,"Lifelong person Re-IDentification (L-ReID) exploits sequentially collected data to continuously train and update a ReID model, focusing on the overall performance of all data. Its main challenge is to avoid the catastrophic forgetting problem of old knowledge while training on new data. Existing L-R"
313,,Basic Inequalities for First-Order Optimization with Applications to Statistical Risk Analysis,Seunghoon Paik; Kangjie Zhou; Matus Telgarsky; Ryan J. Tibshirani,2025,arXiv,,,,,0,0.000,0.000,,http://arxiv.org/abs/2512.24999v1,https://arxiv.org/pdf/2512.24999v1,arxiv,,"We introduce \textit{basic inequalities} for first-order iterative optimization algorithms, forming a simple and versatile framework that connects implicit and explicit regularization. While related inequalities appear in the literature, we isolate and highlight a specific form and develop it as a w"
314,,Manifold classification from the descriptive viewpoint,Jeffrey Bergfalk; Iian B. Smythe,2025,arXiv,,,,,0,0.000,0.000,,http://arxiv.org/abs/2512.24996v1,https://arxiv.org/pdf/2512.24996v1,arxiv,,"We consider classification problems for manifolds and discrete subgroups of Lie groups from a descriptive set-theoretic point of view. This work is largely foundational in conception and character, recording both a framework for general study and Borel complexity computations for some of the most fu"
315,,Efficiently Estimating Data Efficiency for Language Model Fine-tuning,Gyung Hyun Je; Colin Raffel,2025,arXiv,,,,,0,0.000,0.000,,http://arxiv.org/abs/2512.24991v1,https://arxiv.org/pdf/2512.24991v1,arxiv,,"While large language models (LLMs) demonstrate reasonable zero-shot capability across many downstream tasks, fine-tuning is a common practice to improve their performance. However, a task's data efficiency--i.e., the number of fine-tuning examples needed to achieve a desired level of performance--is"
316,,DarkEQA: Benchmarking Vision-Language Models for Embodied Question Answering in Low-Light Indoor Environments,Yohan Park; Hyunwoo Ha; Wonjun Jo; Tae-Hyun Oh,2025,arXiv,,,,,0,0.000,0.000,,http://arxiv.org/abs/2512.24985v1,https://arxiv.org/pdf/2512.24985v1,arxiv,,"Vision Language Models (VLMs) are increasingly adopted as central reasoning modules for embodied agents. Existing benchmarks evaluate their capabilities under ideal, well-lit conditions, yet robust 24/7 operation demands performance under a wide range of visual degradations, including low-light cond"
317,,Optical Spiking Neural Networks via Rogue-Wave Statistics,Bahadır Utku Kesgin; Gülsüm Yaren Durdu; Uğur Teğin,2025,arXiv,,,,,0,0.000,0.000,,http://arxiv.org/abs/2512.24983v1,https://arxiv.org/pdf/2512.24983v1,arxiv,,"Optical computing could reduce the energy cost of artificial intelligence by leveraging the parallelism and propagation speed of light. However, implementing nonlinear activation, essential for machine learning, remains challenging in low-power optical systems dominated by linear wave physics. Here,"
318,,SymSeqBench: a unified framework for the generation and analysis of rule-based symbolic sequences and datasets,Barna Zajzon; Younes Bouhadjar; Maxime Fabre; Felix Schmidt; Noah Ostendorf,2025,arXiv,,,,,0,0.000,0.000,,http://arxiv.org/abs/2512.24977v1,https://arxiv.org/pdf/2512.24977v1,arxiv,,"Sequential structure is a key feature of multiple domains of natural cognition and behavior, such as language, movement and decision-making. Likewise, it is also a central property of tasks to which we would like to apply artificial intelligence. It is therefore of great importance to develop framew"
319,,Attribution-Guided Distillation of Matryoshka Sparse Autoencoders,Cristina P. Martin-Linares; Jonathan P. Ling,2025,arXiv,,,,,0,0.000,0.000,,http://arxiv.org/abs/2512.24975v1,https://arxiv.org/pdf/2512.24975v1,arxiv,,"Sparse autoencoders (SAEs) aim to disentangle model activations into monosemantic, human-interpretable features. In practice, learned features are often redundant and vary across training runs and sparsity levels, which makes interpretations difficult to transfer and reuse. We introduce Distilled Ma"
320,,Evaluating the Impact of Compression Techniques on the Robustness of CNNs under Natural Corruptions,Itallo Patrick Castro Alves Da Silva; Emanuel Adler Medeiros Pereira; Erick de Andrade Barboza; Baldoino Fonseca dos Santos Neto; Marcio de Medeiros Ribeiro,2025,arXiv,,,,,0,0.000,0.000,,http://arxiv.org/abs/2512.24971v1,https://arxiv.org/pdf/2512.24971v1,arxiv,,"Compressed deep learning models are crucial for deploying computer vision systems on resource-constrained devices. However, model compression may affect robustness, especially under natural corruption. Therefore, it is important to consider robustness evaluation while validating computer vision syst"
321,,Large language models and the entropy of English,Colin Scheibner; Lindsay M. Smith; William Bialek,2025,arXiv,,,,,0,0.000,0.000,,http://arxiv.org/abs/2512.24969v1,https://arxiv.org/pdf/2512.24969v1,arxiv,,"We use large language models (LLMs) to uncover long-ranged structure in English texts from a variety of sources. The conditional entropy or code length in many cases continues to decrease with context length at least to $N\sim 10^4$ characters, implying that there are direct dependencies or interact"
322,,Semi-overlapping Multi-bandit Best Arm Identification for Sequential Support Network Learning,András Antos; András Millinghoffer; Péter Antal,2025,arXiv,,,,,0,0.000,0.000,,http://arxiv.org/abs/2512.24959v1,https://arxiv.org/pdf/2512.24959v1,arxiv,,"Many modern AI and ML problems require evaluating partners' contributions through shared yet asymmetric, computationally intensive processes and the simultaneous selection of the most beneficial candidates. Sequential approaches to these problems can be unified under a new framework, Sequential Supp"
323,,MSACL: Multi-Step Actor-Critic Learning with Lyapunov Certificates for Exponentially Stabilizing Control,Yongwei Zhang; Yuanzhe Xing; Quan Quan; Zhikun She,2025,arXiv,,,,,0,0.000,0.000,,http://arxiv.org/abs/2512.24955v1,https://arxiv.org/pdf/2512.24955v1,arxiv,,"Achieving provable stability in model-free reinforcement learning (RL) remains a challenge, particularly in balancing exploration with rigorous safety. This article introduces MSACL, a framework that integrates exponential stability theory with maximum entropy RL through multi-step Lyapunov certific"
324,,ProDM: Synthetic Reality-driven Property-aware Progressive Diffusion Model for Coronary Calcium Motion Correction in Non-gated Chest CT,Xinran Gong; Gorkem Durak; Halil Ertugrul Aktas; Vedat Cicek; Jinkui Hao,2025,arXiv,,,,,0,0.000,0.000,,http://arxiv.org/abs/2512.24948v1,https://arxiv.org/pdf/2512.24948v1,arxiv,,"Coronary artery calcium (CAC) scoring from chest CT is a well-established tool to stratify and refine clinical cardiovascular disease risk estimation. CAC quantification relies on the accurate delineation of calcified lesions, but is oftentimes affected by artifacts introduced by cardiac and respira"
325,,RAIR: A Rule-Aware Benchmark Uniting Challenging Long-Tail and Visual Salience Subset for E-commerce Relevance Assessment,Chenji Lu; Zhuo Chen; Hui Zhao; Zhenyi Wang; Pengjie Wang,2025,arXiv,,,,,0,0.000,0.000,,http://arxiv.org/abs/2512.24943v1,https://arxiv.org/pdf/2512.24943v1,arxiv,,"Search relevance plays a central role in web e-commerce. While large language models (LLMs) have shown significant results on relevance task, existing benchmarks lack sufficient complexity for comprehensive model assessment, resulting in an absence of standardized relevance evaluation metrics across"
326,,Iterative Deployment Improves Planning Skills in LLMs,Augusto B. Corrêa; Yoav Gelberg; Luckeciano C. Melo; Ilia Shumailov; André G. Pereira,2025,arXiv,,,,,0,0.000,0.000,,http://arxiv.org/abs/2512.24940v1,https://arxiv.org/pdf/2512.24940v1,arxiv,,"We show that iterative deployment of large language models (LLMs), each fine-tuned on data carefully curated by users from the previous models' deployment, can significantly change the properties of the resultant models. By testing this mechanism on various planning domains, we observe substantial i"
327,,"Vibe Coding, Interface Flattening",Hongrui Jin,2025,arXiv,,,,,0,0.000,0.000,,http://arxiv.org/abs/2512.24939v1,https://arxiv.org/pdf/2512.24939v1,arxiv,,"Large language models are reshaping programming by enabling 'vibe coding': the development of softwares through natural-language interaction with model-driven toolchains. This article argues that vibe coding is best understood as interface flattening, a reconfiguration in which previously distinct m"
328,,Adaptive Dependency-aware Prompt Optimization Framework for Multi-Step LLM Pipeline,Minjun Zhao; Xinyu Zhang; Shuai Zhang; Deyang Li; Ruifeng Shi,2025,arXiv,,,,,0,0.000,0.000,,http://arxiv.org/abs/2512.24933v1,https://arxiv.org/pdf/2512.24933v1,arxiv,,"Multi-step LLM pipelines invoke large language models multiple times in a structured sequence and can effectively solve complex tasks, but their performance heavily depends on the prompts used at each step. Jointly optimizing these prompts is difficult due to missing step-level supervision and inter"
329,,Generalised Hermite-Einstein Fibre Metrics and Slope Stability for Holomorphic Vector Bundles,Dan Popovici,2025,arXiv,,,,,0,0.000,0.000,,http://arxiv.org/abs/2512.24932v1,https://arxiv.org/pdf/2512.24932v1,arxiv,,"Let $X$ be a compact complex manifold of dimension $n$ and let $m$ be a positive integer with $m\leq n$. Assume that $X$ admits a Kähler metric $ω$ and a weakly positive, $\partial\bar\partial$-closed, smooth $(n-m,\,n-m)$-form $Ω$. We introduce the notions of $(ω,\,Ω)$-Hermite-Einstein holomorphic "
330,,Are First-Order Diffusion Samplers Really Slower? A Fast Forward-Value Approach,Yuchen Jiao; Na Li; Changxiao Cai; Gen Li,2025,arXiv,,,,,0,0.000,0.000,,http://arxiv.org/abs/2512.24927v1,https://arxiv.org/pdf/2512.24927v1,arxiv,,"Higher-order ODE solvers have become a standard tool for accelerating diffusion probabilistic model (DPM) sampling, motivating the widespread view that first-order methods are inherently slower and that increasing discretization order is the primary path to faster generation. This paper challenges t"
331,,Semi-Supervised Diversity-Aware Domain Adaptation for 3D Object detection,Bartłomiej Olber; Jakub Winter; Paweł Wawrzyński; Andrii Gamalii; Daniel Górniak,2025,arXiv,,,,,0,0.000,0.000,,http://arxiv.org/abs/2512.24922v1,https://arxiv.org/pdf/2512.24922v1,arxiv,,"3D object detectors are fundamental components of perception systems in autonomous vehicles. While these detectors achieve remarkable performance on standard autonomous driving benchmarks, they often struggle to generalize across different domains - for instance, a model trained in the U.S. may perf"
332,,Transgression in the primitive cohomology,Hao Zhuang,2025,arXiv,,,,,0,0.000,0.000,,http://arxiv.org/abs/2512.24920v1,https://arxiv.org/pdf/2512.24920v1,arxiv,,"We study the Chern-Weil theory for the primitive cohomology of a symplectic manifold. First, given a symplectic manifold, we review the superbundle-valued forms on this manifold and prove a primitive version of the Bianchi identity. Second, as the main result, we prove a transgression formula associ"
333,,Property (T) and Poincaré duality in dimension three,Cameron Gates Rudd,2025,arXiv,,,,,0,0.000,0.000,,http://arxiv.org/abs/2512.24919v1,https://arxiv.org/pdf/2512.24919v1,arxiv,,"We use a recent result of Bader and Sauer on coboundary expansion to prove residually finite three-dimensional Poincaré duality groups never have property (T). This implies such groups are never Kähler. The argument applies to fundamental groups of (possibly non-aspherical) compact 3-manifolds, givi"
334,,Frequent subgraph-based persistent homology for graph classification,Xinyang Chen; Amaël Broustet; Guoting Chen,2025,arXiv,,,,,0,0.000,0.000,,http://arxiv.org/abs/2512.24917v1,https://arxiv.org/pdf/2512.24917v1,arxiv,,"Persistent homology (PH) has recently emerged as a powerful tool for extracting topological features. Integrating PH into machine learning and deep learning models enhances topology awareness and interpretability. However, most PH methods on graphs rely on a limited set of filtrations, such as degre"
335,,AI-Driven Cloud Resource Optimization for Multi-Cluster Environments,Vinoth Punniyamoorthy; Akash Kumar Agarwal; Bikesh Kumar; Abhirup Mazumder; Kabilan Kannan,2025,arXiv,,,,,0,0.000,0.000,,http://arxiv.org/abs/2512.24914v1,https://arxiv.org/pdf/2512.24914v1,arxiv,,"Modern cloud-native systems increasingly rely on multi-cluster deployments to support scalability, resilience, and geographic distribution. However, existing resource management approaches remain largely reactive and cluster-centric, limiting their ability to optimize system-wide behavior under dyna"
336,,Spectral Graph Neural Networks for Cognitive Task Classification in fMRI Connectomes,Debasis Maji; Arghya Banerjee; Debaditya Barman,2025,arXiv,,,,,0,0.000,0.000,,http://arxiv.org/abs/2512.24901v1,https://arxiv.org/pdf/2512.24901v1,arxiv,,"Cognitive task classification using machine learning plays a central role in decoding brain states from neuroimaging data. By integrating machine learning with brain network analysis, complex connectivity patterns can be extracted from functional magnetic resonance imaging connectomes. This process "
337,,PRISM: A hierarchical multiscale approach for time series forecasting,Zihao Chen; Alexandre Andre; Wenrui Ma; Ian Knight; Sergey Shuvaev,2025,arXiv,,,,,0,0.000,0.000,,http://arxiv.org/abs/2512.24898v1,https://arxiv.org/pdf/2512.24898v1,arxiv,,"Forecasting is critical in areas such as finance, biology, and healthcare. Despite the progress in the field, making accurate forecasts remains challenging because real-world time series contain both global trends, local fine-grained structure, and features on multiple scales in between. Here, we pr"
338,,Self-Supervised Amortized Neural Operators for Optimal Control: Scaling Laws and Applications,Wuzhe Xu; Jiequn Han; Rongjie Lai,2025,arXiv,,,,,0,0.000,0.000,,http://arxiv.org/abs/2512.24897v1,https://arxiv.org/pdf/2512.24897v1,arxiv,,"Optimal control provides a principled framework for transforming dynamical system models into intelligent decision-making, yet classical computational approaches are often too expensive for real-time deployment in dynamic or uncertain environments. In this work, we propose a method based on self-sup"
339,,mHC: Manifold-Constrained Hyper-Connections,Zhenda Xie; Yixuan Wei; Huanqi Cao; Chenggang Zhao; Chengqi Deng,2025,arXiv,,,,,0,0.000,0.000,,http://arxiv.org/abs/2512.24880v1,https://arxiv.org/pdf/2512.24880v1,arxiv,,"Recently, studies exemplified by Hyper-Connections (HC) have extended the ubiquitous residual connection paradigm established over the past decade by expanding the residual stream width and diversifying connectivity patterns. While yielding substantial performance gains, this diversification fundame"
340,,Exact Identity Linking Entropy Production and Mutual Information,Doohyeong Cho; Hawoong Jeong,2025,arXiv,,,,,0,0.000,0.000,,http://arxiv.org/abs/2512.24877v1,https://arxiv.org/pdf/2512.24877v1,arxiv,,Linking entropy production (EP) to information is a key step toward data-driven nonequilibrium thermodynamics. We derive an exact identity for overdamped Langevin dynamics that equates the total EP rate to the mutual-information rate between an infinitesimal displacement and its time-symmetric midpo
341,,"Let It Flow: Agentic Crafting on Rock and Roll, Building the ROME Model within an Open Agentic Learning Ecosystem",Weixun Wang; XiaoXiao Xu; Wanhe An; Fangwen Dai; Wei Gao,2025,arXiv,,,,,0,0.000,0.000,,http://arxiv.org/abs/2512.24873v1,https://arxiv.org/pdf/2512.24873v1,arxiv,,"Agentic crafting requires LLMs to operate in real-world environments over multiple turns by taking actions, observing outcomes, and iteratively refining artifacts. Despite its importance, the open-source community lacks a principled, end-to-end ecosystem to streamline agent development. We introduce"
342,,Characterization of Transfer Using Multi-task Learning Curves,András Millinghoffer; Bence Bolgár; Péter Antal,2025,arXiv,,,,,0,0.000,0.000,,http://arxiv.org/abs/2512.24866v1,https://arxiv.org/pdf/2512.24866v1,arxiv,,"Transfer effects manifest themselves both during training using a fixed data set and in inductive inference using accumulating data. We hypothesize that perturbing the data set by including more samples, instead of perturbing the model by gradient updates, provides a complementary and more fundament"
343,,On a conjecture of Almgren II: area-minimizing submanifolds with fractal singular sets on almost any manifold,Zhenhua Liu,2025,arXiv,,,,,0,0.000,0.000,,http://arxiv.org/abs/2512.24859v1,https://arxiv.org/pdf/2512.24859v1,arxiv,,"This paper is the second in a two-part solution to Almgren's conjecture on the existence of area-minimizing submanifolds with fractal singular sets. In part one, we construct area-minimizing submanifolds with fractal singular sets on certain special manifolds. Here we continue our work and show that"
344,,"GenASiS Mathematics: Object-oriented manifolds, operations, and solvers for large-scale physics simulations (version 2)",Christian Y. Cardall; Reuben D. Budiardja,2023,Comput. Phys. Commun.,,,,,0,0.000,0.000,10.1016/J.CPC.2022.108518,https://dblp.org/rec/journals/cphysics/CardallB23,,dblp,,
345,,Persistent de Rham-Hodge Laplacians in Eulerian representation for manifold topological learning,Zhe Su; Yiying Tong; Guo-Wei Wei,2024,AIMS Mathematics,,,,,9,0.000,0.000,10.3934/math.20241333,https://www.semanticscholar.org/paper/853d0fc849efaae0e3faf5d47b2baf3ae0edf929,https://doi.org/10.3934/math.20241333,semantic_scholar,,"Recently, topological data analysis has become a trending topic in data science and engineering. However, the key technique of topological data analysis, i.e., persistent homology, is defined on point cloud data, which does not work directly for data on manifolds. Although earlier evolutionary de Rh"
346,,Comparative Analysis of Manifold Learning-Based Dimension Reduction Methods: A Mathematical Perspective,Wenting Yi; Siqi Bu; H. Lee; C. Chan,2024,Mathematics,,,,,5,0.000,0.000,10.3390/math12152388,https://www.semanticscholar.org/paper/98c4a46a65dc956e7190e875bc5c26011d317c0c,https://doi.org/10.3390/math12152388,semantic_scholar,,"Manifold learning-based approaches have emerged as prominent techniques for dimensionality reduction. Among these methods, t-Distributed Stochastic Neighbor Embedding (t-SNE) and Uniform Manifold Approximation and Projection (UMAP) stand out as two of the most widely used and effective approaches. W"
347,,Curves as slant submanifolds of an almost product Riemannian manifold,P. Alegre; A. Carriazo,2024,Turkish Journal of Mathematics,,,,,3,0.000,0.000,10.55730/1300-0098.3535,https://www.semanticscholar.org/paper/fced8a0501eef3d68f51780affa3df675bebc477,,semantic_scholar,,": In this paper, we show that in an almost product manifold there exist curves that are slant submanifolds. We characterize these curves and study them in two and three-dimensional locally product manifolds. Finally, we construct curves in a hypersurface of a Kaehler manifold"
348,,Riemannian Geodesic Discriminant Analysis–Minimum Riemannian Mean Distance: A Robust and Effective Method Leveraging a Symmetric Positive Definite Manifold and Discriminant Algorithm for Image Set Classification,Zigang Liu; Fayez F. M. El-Sousy; Nauman Ali Larik; Huan Quan; Tianyao Ji,2024,Mathematics,,,,,2,0.000,0.000,10.3390/math12142164,https://www.semanticscholar.org/paper/3861469db2c9e004582d917f5beb29db956928e4,,semantic_scholar,,"This study introduces a novel method for classifying sets of images, called Riemannian geodesic discriminant analysis–minimum Riemannian mean distance (RGDA-MRMD). This method first converts image data into symmetric positive definite (SPD) matrices, which capture important features related to the v"
349,,Solutions of the mean curvature equation with the Nehari manifold,J. V. C. Sousa; Daniela S. Oliveira; L. S. Tavares,2023,Computational and Applied Mathematics,,,,,16,0.000,0.000,10.1007/s40314-023-02534-0,https://www.semanticscholar.org/paper/43a76ffe431ca4316dc404239af1f4de205a8398,,semantic_scholar,,
350,,Manifold turnpikes of nonlinear port-Hamiltonian descriptor systems under minimal energy supply,A. Karsai,2023,"MCSS. Mathematics of Control, Signals and Systems",,,,,10,0.000,0.000,10.1007/s00498-024-00384-7,https://www.semanticscholar.org/paper/771d4df706b2dfd9a8219aff34cdfd5e8f6d48f8,https://link.springer.com/content/pdf/10.1007/s00498-024-00384-7.pdf,semantic_scholar,,"Turnpike phenomena of nonlinear port-Hamiltonian descriptor systems under minimal energy supply are studied. Under assumptions on the smoothness of the system nonlinearities, it is shown that the optimal control problem is dissipative with respect to a manifold. Then, under controllability assumptio"
351,,Tangent Bundles Endowed with Quarter-Symmetric Non-Metric Connection (QSNMC) in a Lorentzian Para-Sasakian Manifold,Rajesh Kumar; Lalnunenga Colney; Samesh Shenawy; Nasser Bin Turki,2023,Mathematics,,,,,7,0.000,0.000,10.3390/math11194163,https://www.semanticscholar.org/paper/d685b77709244b06cc00f660c226e7326f99858a,https://www.mdpi.com/2227-7390/11/19/4163/pdf?version=1696407427,semantic_scholar,,"The purpose of the present paper is to study the complete lifts of a QSNMC from an LP-Sasakian manifold to its tangent bundle. The lifts of the curvature tensor, Ricci tensor, projective Ricci tensor, and lifts of Einstein manifold endowed with QSNMC in an LP-Sasakian manifold to its tangent bundle "
352,,Existence and multiplicity for fractional Dirichlet problem with γ(ξ)-Laplacian equation and Nehari manifold,Vanterler da C. Sousa; D.S. Oliveira; Ravi Agarwal,2023,Applicable Analysis and Discrete Mathematics,,,,,7,0.000,0.000,10.2298/aadm220903017s,https://www.semanticscholar.org/paper/d09aa3b7840c707871e51b528def13919ee7956b,http://www.doiserbia.nb.rs/ft.aspx?id=1452-86302300017S,semantic_scholar,,"This paper is divided in two parts. In the first part, we prove coercivity
 results and minimization of the Euler energy functional. In the second part,
 we focus on the existence and multiplicity of a positive solution of
 fractional Dirichlet problem involving the ?(?)-Laplacian equation with
 non"
353,,A Theory of the NEPv Approach for Optimization on the Stiefel Manifold,Ren-Cang Li,2023,Foundations of Computational Mathematics,,,,,6,0.000,0.000,10.1007/s10208-024-09687-2,https://www.semanticscholar.org/paper/820a4e7aaf5c8f183e5cf753a73839e54a256e8d,,semantic_scholar,,"The NEPv approach has been increasingly used lately for optimization on the Stiefel manifold arising from machine learning. General speaking, the approach first turns the first order optimality condition, also known as the KKT condition, into a nonlinear eigenvalue problem with eigenvector dependenc"
354,,A collection of efficient retractions for the symplectic Stiefel manifold,H. Oviedo; Rafael Herrera,2023,Computational and Applied Mathematics,,,,,5,0.000,0.000,10.1007/s40314-023-02302-0,https://www.semanticscholar.org/paper/7059076c91fb3348438ccbc696074819f48a7fef,,semantic_scholar,,
355,,Semi-symmetric almost C(α)-manifold on some curvature tensors,T. Mert; M. Atc̣eken; Pakize Uygun,2023,Gulf Journal of Mathematics,,,,,3,0.000,0.000,10.56947/gjom.v14i2.1179,https://www.semanticscholar.org/paper/43e4975a60bd877d3bae6e2c301c2f559e5bad4f,https://gjom.org/index.php/gjom/article/download/1179/417,semantic_scholar,,"In this article, semi-symmetry of almost C(α)-manifold is investigated on some special curvature tensors. First, the behavior of the almost C(α)-manifold is investigated when the special curvature tensors discussed are flat. Then, for these special curvature tensors, the behavior of the manifold in "
356,,"CA-PCA: Manifold Dimension Estimation, Adapted for Curvature",Anna C. Gilbert; Kevin O'Neill,2023,SIAM Journal on Mathematics of Data Science,,,,,4,0.000,0.000,10.48550/arXiv.2309.13478,https://www.semanticscholar.org/paper/b6bcb0eba45ae1fca8b2117b6ae1910395c1787b,https://arxiv.org/pdf/2309.13478,semantic_scholar,,"The success of algorithms in the analysis of high-dimensional data is often attributed to the manifold hypothesis, which supposes that this data lie on or near a manifold of much lower dimension. It is often useful to determine or estimate the dimension of this manifold before performing dimension r"
357,,Applications of No-Collision Transportation Maps in Manifold Learning,Elisa Negrini; L. Nurbekyan,2023,SIAM Journal on Mathematics of Data Science,,,,,5,0.000,0.000,10.48550/arXiv.2304.00199,https://www.semanticscholar.org/paper/b9d4613c38ae58c23a5d5dbeb9379070e7f9c18d,http://arxiv.org/pdf/2304.00199,semantic_scholar,,"In this work, we investigate applications of no-collision transportation maps introduced in [Nurbekyan et. al., 2020] in manifold learning for image data. Recently, there has been a surge in applying transportation-based distances and features for data representing motion-like or deformation-like ph"
358,,Multifidelity Covariance Estimation via Regression on the Manifold of Symmetric Positive Definite Matrices,A. Maurais; Terrence Alsup; B. Peherstorfer; Y. Marzouk,2023,SIAM Journal on Mathematics of Data Science,,,,,5,0.000,0.000,10.48550/arXiv.2307.12438,https://www.semanticscholar.org/paper/69da9ebeb5511d4ed0a4ec1a1ba7a23d22ab72c5,https://arxiv.org/pdf/2307.12438,semantic_scholar,,"We introduce a multifidelity estimator of covariance matrices formulated as the solution to a regression problem on the manifold of symmetric positive definite matrices. The estimator is positive definite by construction, and the Mahalanobis distance minimized to obtain it possesses properties enabl"
359,,A data-driven surrogate modeling approach for time-dependent incompressible Navier-Stokes equations with dynamic mode decomposition and manifold interpolation,M. Hess; A. Quaini; G. Rozza,2022,Advances in Computational Mathematics,,,,,28,0.000,0.000,10.1007/s10444-023-10016-4,https://www.semanticscholar.org/paper/0ec273356401cf4799fbac0358e0e86ac05ba1b6,https://link.springer.com/content/pdf/10.1007/s10444-023-10016-4.pdf,semantic_scholar,,"This work introduces a novel approach for data-driven model reduction of time-dependent parametric partial differential equations. Using a multi-step procedure consisting of proper orthogonal decomposition, dynamic mode decomposition, and manifold interpolation, the proposed approach allows to accur"
360,,Lifts of a Quarter-Symmetric Metric Connection from a Sasakian Manifold to Its Tangent Bundle,Mohammad Nazrul Islam Khan; U. De; L. Velimirović,2022,Mathematics,,,,,20,0.000,0.000,10.3390/math11010053,https://www.semanticscholar.org/paper/991e1fc71c1c75e81063c5694fa3c467cc472160,https://www.mdpi.com/2227-7390/11/1/53/pdf?version=1671797401,semantic_scholar,,The objective of this paper is to explore the complete lifts of a quarter-symmetric metric connection from a Sasakian manifold to its tangent bundle. A relationship between the Riemannian connection and the quarter-symmetric metric connection from a Sasakian manifold to its tangent bundle was establ
361,,Wassmap: Wasserstein Isometric Mapping for Image Manifold Learning,Keaton Hamm; Nick Henscheid; Shujie Kang,2022,SIAM Journal on Mathematics of Data Science,,,,,21,0.000,0.000,10.48550/arXiv.2204.06645,https://www.semanticscholar.org/paper/08875dafcda6e1014a1ec349ad130d85c4b4fd37,http://arxiv.org/pdf/2204.06645,semantic_scholar,,"In this paper, we propose Wasserstein Isometric Mapping (Wassmap), a nonlinear dimensionality reduction technique that provides solutions to some drawbacks in existing global nonlinear dimensionality reduction algorithms in imaging applications. Wassmap represents images via probability measures in "
362,,A Grassmann manifold handbook: basic geometry and computational aspects,Thomas Bendokat; Ralf Zimmermann; P.-A. Absil,2020,Advances in Computational Mathematics,,,,,120,0.000,0.000,10.1007/s10444-023-10090-8,https://www.semanticscholar.org/paper/97d5a0203aeaae3d0e063317947d1d3d1fa92437,https://link.springer.com/content/pdf/10.1007/s10444-023-10090-8.pdf,semantic_scholar,,"The Grassmann manifold of linear subspaces is important for the mathematical modelling of a multitude of applications, ranging from problems in machine learning, computer vision and image processing to low-rank matrix optimization problems, dynamic low-rank decompositions and model reduction. With t"
363,,Existence Results for Double Phase Problem in Sobolev–Orlicz Spaces with Variable Exponents in Complete Manifold,A. Aberqi; J. Bennouna; O. Benslimane; M. Ragusa,2021,Mediterranean Journal of Mathematics,,,,,68,0.000,0.000,10.1007/s00009-022-02097-0,https://www.semanticscholar.org/paper/d05d4733bebb8a896845fe444bc43309d69e796c,https://link.springer.com/content/pdf/10.1007/s00009-022-02097-0.pdf,semantic_scholar,,"In this paper, we study the existence of non-negative non-trivial solutions for a class of double-phase problems where the source term is a Caratheodory function that satisfies the Ambrosetti–Rabinowitz type condition in the framework of Sobolev–Orlicz spaces with variable exponents in complete mani"
364,,CHARACTERIZATION OF SOME SPECIAL CURVATURE TENSOR ON ALMOST C(\(\alpha\))-MANIFOLD,T. Mert,2022,Asian journal of mathematics and computer research,,,,,10,0.000,0.000,10.56557/ajomcor/2022/v29i17629,https://www.semanticscholar.org/paper/bed03d921e240f77168880cc3413e2415305a3fd,,semantic_scholar,,"In this article, the behavior of the C (\(\alpha\))-manifold satisfying pseudo-symmetric and Ricci pseudosymmetric manifold on the \(\sigma\)1−curvature tensor, \(\sigma\)2−curvature tensor, \(\sigma\)3−curvature tensor, \(\sigma\)4−curvature tensor are investigated. In addition, the atness of these"
365,,Robust Inference of Manifold Density and Geometry by Doubly Stochastic Scaling,Boris Landa; Xiuyuan Cheng,2022,SIAM Journal on Mathematics of Data Science,,,,,9,0.000,0.000,10.48550/arXiv.2209.08004,https://www.semanticscholar.org/paper/41e4ebeb9f4b12a97de2f26684c31e5b765c5fd3,https://arxiv.org/pdf/2209.08004,semantic_scholar,,"The Gaussian kernel and its traditional normalizations (e.g., row-stochastic) are popular approaches for assessing similarities between data points. Yet, they can be inaccurate under high-dimensional noise, especially if the noise magnitude varies considerably across the data, e.g., under heterosked"
366,,"Correction: Alshehri, N.; Guediri, M. Projective Vector Fields on Semi-Riemannian Manifolds. Mathematics 2024, 12, 2914",Norah Alshehri; M. Guediri,2024,Mathematics,,,,,0,0.000,0.000,10.3390/math12243958,https://www.semanticscholar.org/paper/3bd9be41cfb9eff1affadb89ebb3ac8a622748c2,https://doi.org/10.3390/math12243958,semantic_scholar,,"In our recent paper [1], we stated in Theorem 10 that on an n-dimensional semi-Riemannian manifold (N,h) with n≥2, if P is a projective vector field that is also conformal, satisfying £Ph=2ψh, and the vector field ζ, dual to dψ, maintains a consistent causal character, then either P is homothetic or"
367,,Advanced Manifold–Metric Pairs,P. Ntelis,2025,Mathematics,,,,,0,0.000,0.000,10.3390/math13152510,https://www.semanticscholar.org/paper/fc8bf9cd78a85d65225b756f3c2ce67a5e0463fc,,semantic_scholar,,"This article presents a novel mathematical formalism for advanced manifold–metric pairs, enhancing the frameworks of geometry and topology. We construct various D-dimensional manifolds and their associated metric spaces using functional methods, with a focus on integrating concepts from mathematical"
368,,Soliton-Type Equations on a Riemannian Manifold,Nasser Bin Turki; A. Blaga; Sharief Deshmukh,2022,Mathematics,,,,,5,0.000,0.000,10.3390/math10040633,https://www.semanticscholar.org/paper/48903963f0593a49e60cd067b231b46d7ad3ed90,https://www.mdpi.com/2227-7390/10/4/633/pdf?version=1645176615,semantic_scholar,,"We study some particular cases of soliton-type equations on a Riemannian manifold. We give an estimation of the first nonzero eigenvalue of the Laplace operator and provide necessary and sufficient conditions for the manifold to be isometric to a sphere. Finally, we characterize trivial generalized "
369,,Multi-View Graph Clustering by Adaptive Manifold Learning,Penghui Zhao; Hongjie Wu; Shudong Huang,2022,Mathematics,,,,,4,0.000,0.000,10.3390/math10111821,https://www.semanticscholar.org/paper/bed4c825c12f323f6edf7ef18ca4ccdc27279f2e,https://www.mdpi.com/2227-7390/10/11/1821/pdf?version=1653554500,semantic_scholar,,"Graph-oriented methods have been widely adopted in multi-view clustering because of their efficiency in learning heterogeneous relationships and complex structures hidden in data. However, existing methods are typically investigated based on a Euclidean structure instead of a more suitable manifold "
370,,How is a graph not like a manifold?,A. Ayzenberg; M. Masuda; G. Solomadin,2022,Sbornik: Mathematics,,,,,6,0.000,0.000,10.4213/sm9798e,https://www.semanticscholar.org/paper/7e7701ce1c5b9ee4470492e4c0e71e2c3d87760e,https://arxiv.org/pdf/2203.10641,semantic_scholar,,For an equivariantly formal action of a compact torus $T$ on a smooth manifold $X$ with isolated fixed points we investigate the global homological properties of the graded poset $S(X)$ of face submanifolds. We prove that the condition of the $j$-independency of tangent weights at each fixed point i
371,,A vector field in a semi-riemannian manifold,Sherzodbek Ismoilov; Magrurbek Ergashaliyev,2025,UZBEKISTAN JOURNAL OF MATHEMATICS AND COMPUTER SCIENCE,,,,,0,0.000,0.000,10.56143/uzmcs.v1i1.17,https://www.semanticscholar.org/paper/f4a17b83ed3539c19c3de53bb3a308af1e39f158,,semantic_scholar,,"The study of vector fields in semi-Riemannian manifolds forms a critical component in differential geometry and mathematical physics. Semi-Riemannian manifolds generalize the concept of Riemannian manifolds by allowing the metric tensor to have indefinite signature, thus encompassing both Riemannian"
372,,Clearing function in the context of the invariant manifold method,Almaz Mustafin; Aliya Kantarbayeva,2022,Vestnik of Saint Petersburg University Applied Mathematics Computer Science Control Processes,,,,,0,0.000,0.000,10.21638/11701/spbu10.2023.205,https://www.semanticscholar.org/paper/37d901a7bb8f3b49f508bff28af3941d3e65dc6d,https://dspace.spbu.ru/bitstream/11701/43827/1/05.pdf,semantic_scholar,,"Clearing functions (CFs), which express a mathematical relationship between the expected throughput of a production facility in a planning period and its workload (or work-inprogress, WIP) in that period have shown considerable promise for modeling WIP-dependent cycle times in production planning. W"
373,,Landscape complexity beyond invariance and the elastic manifold,Gérard Ben Arous; P. Bourgade; Benjamin McKenna,2021,Communications on Pure and Applied Mathematics,,,,,24,0.000,0.000,10.1002/cpa.22146,https://www.semanticscholar.org/paper/2877b8ad9a2dc33c3d2e51e0cd2cc9010f7e5360,https://rss.onlinelibrary.wiley.com/doi/am-pdf/10.1002/cpa.22146,semantic_scholar,,"This paper characterizes the annealed, topological complexity (both of total critical points and of local minima) of the elastic manifold. This classical model of a disordered elastic system captures point configurations with self‐interactions in a random medium. We establish the simple versus glass"
374,,"Manifold turnpikes, trims, and symmetries",T. Faulwasser; K. Flaßkamp; S. Ober-Blöbaum; M. Schaller; K. Worthmann,2021,"MCSS. Mathematics of Control, Signals and Systems",,,,,17,0.000,0.000,10.1007/s00498-022-00321-6,https://www.semanticscholar.org/paper/6d38c7a356eb7eb5bdb9aabc209a0e289365912f,https://link.springer.com/content/pdf/10.1007/s00498-022-00321-6.pdf,semantic_scholar,,"Classical turnpikes correspond to optimal steady states which are attractors of infinite-horizon optimal control problems. In this paper, motivated by mechanical systems with symmetries, we generalize this concept to manifold turnpikes. Specifically, the necessary optimality conditions projected ont"
375,,Solving Optimization Problems over the Stiefel Manifold by Smooth Exact Penalty Functions,Nachuan Xiao; Xin Liu,2021,Journal of Computational Mathematics,,,,,11,0.000,0.000,10.4208/jcm.2307-m2021-0331,https://www.semanticscholar.org/paper/b97b0d860fbef410466f68b09c743008ea17e737,https://global-sci.org/intro/online/preview?online_id=2110&pdf=https://doc.global-sci.org/uploads/admin/article_pdf/20231027/8f975b0ce363b24d5d9f8f6989f776e4.pdf,semantic_scholar,,"In this paper, we present a novel penalty model called ExPen for optimization over the Stiefel manifold. Different from existing penalty functions for orthogonality constraints, ExPen adopts a smooth penalty function without using any first-order derivative of the objective function. We show that al"
376,,Data Classification Methodology for Electronic Noses Using Uniform Manifold Approximation and Projection and Extreme Learning Machine,Jersson X. Leon-Medina; N. Parés; Maribel Anaya; D. Tibaduiza; F. Pozo,2021,Mathematics,,,,,11,0.000,0.000,10.3390/math10010029,https://www.semanticscholar.org/paper/c74336676f630f3105de66f5baef1bece77d9ece,https://www.mdpi.com/2227-7390/10/1/29/pdf?version=1640231299,semantic_scholar,,"The classification and use of robust methodologies in sensor array applications of electronic noses (ENs) remain an open problem. Among the several steps used in the developed methodologies, data preprocessing improves the classification accuracy of this type of sensor. Data preprocessing methods, s"
377,,Lower Bound of Sectional Curvature of Fisher–Rao Manifold of Beta Distributions and Complete Monotonicity of Functions Involving Polygamma Functions,Feng Qi (祁锋),2021,Results in Mathematics,,,,,12,0.000,0.000,10.1007/s00025-021-01530-2,https://www.semanticscholar.org/paper/5546fb6c904f70eb28824d01f5d51f858ae5258b,https://www.preprints.org/manuscript/202011.0315/v1/download,semantic_scholar,,"In the paper, by virtue of convolution theorem for the Laplace transforms and analytic techniques, the author finds necessary and sufficient conditions for complete monotonicity, monotonicity, and inequalities of several functions involving polygamma functions. By these results, the author derives a"
378,,Uniform convergence and asymptotics for problems in domains finely perforated along a prescribed manifold in the case of the homogenized Dirichlet condition,D. Borisov; A. I. Mukhametrakhimova,2021,Sbornik: Mathematics,,,,,11,0.000,0.000,10.1070/SM9435,https://www.semanticscholar.org/paper/7b5cce50af37a304cca9013c1a4557d125528d45,,semantic_scholar,,"A boundary value problem for a second-order elliptic equation with variable coefficients is considered in a multidimensional domain which is perforated by small holes along a prescribed manifold. Minimal natural conditions are imposed on the holes. In particular, all of these are assumed to be of ap"
379,,Schwarz lemma from a Kähler manifold into a complex Finsler manifold,Jun Nie; Chunping Zhong,2021,Science China Mathematics,,,,,8,0.000,0.000,10.1007/s11425-021-1878-9,https://www.semanticscholar.org/paper/83ae14dafa553046365fa98be04ee4cf9b2e4292,https://arxiv.org/pdf/2105.08720,semantic_scholar,,Suppose that M is a complete Kähler manifold such that its holomorphic sectional curvature is bounded from below by a constant and its radial sectional curvature is also bounded from below. Suppose that N is a strongly pseudoconvex complex Finsler manifold such that its holomorphic sectional curvatu
380,,The Virasoro-Like Algebra of a Frobenius Manifold,Si‐Qi Liu; Di Yang; You-jin Zhang; Jian Zhou,2021,International mathematics research notices,,,,,5,0.000,0.000,10.1093/imrn/rnac209,https://www.semanticscholar.org/paper/5f5424aff060bbf57838522bb07e166e493978b9,https://arxiv.org/pdf/2112.07526,semantic_scholar,,"
 For an arbitrary calibrated Frobenius manifold, we construct an infinite dimensional Lie algebra, called the Virasoro-like algebra, which is a deformation of the Virasoro algebra of the Frobenius manifold. By using the Virasoro-like algebra we give a family of quadratic PDEs that are satisfied by "
381,,Anti-invariant submanifolds of a normal paracontact metric manifold,S. Dirik; M. Atc̣eken; Ü. Yıldırım,2021,Gulf Journal of Mathematics,,,,,5,0.000,0.000,10.56947/gjom.v10i2.475,https://www.semanticscholar.org/paper/34eec06dec7cb0a0d0f1e787886f403f4c6b7aea,https://doi.org/10.56947/gjom.v10i2.475,semantic_scholar,,"In this paper, anti-invariant submanifolds of a normal paracontact metric manifold are studied and characterizing the submanifold with respect to covariant derivative of the second fundamental form of anti-invariant submanifold. Furthermore, some special cases are also discussed and we give a non-tr"
382,,A general form of the Second Main Theorem for meromorphic mappings from a p-Parabolic manifold to a projective algebraic variety,Wei Chen; N. Thin,2021,Indian journal of pure and applied mathematics,,,,,6,0.000,0.000,10.1007/s13226-021-00095-8,https://www.semanticscholar.org/paper/838ddac6dc3b4b47b5d164913964eb06b89a4a4c,,semantic_scholar,,
383,,INVARIANT SPACES OF OSKOLKOV STOCHASTIC LINEAR EQUATIONS ON THE MANIFOLD,O. G. Kitaeva,2021,Bulletin of the South Ural State University series Mathematics Mechanics Physics,,,,,6,0.000,0.000,10.14529/mmph210201,https://www.semanticscholar.org/paper/1b74e6e05d20c062c66b88422b0c33a1bcb8116c,https://vestnik.susu.ru/mmph/article/download/10910/8496,semantic_scholar,,"The Oskolkov equation is obtained from the Oskolkov system of equations describing the dynamics of a viscoelastic fluid, after stopping one of the spatial variables and introducing a stream function. The article considers a stochastic analogue of the linear Oskolkov equation for plane-parallel flows"
384,,On a Metric Affine Manifold with Several Orthogonal Complementary Distributions,V. Rovenski; S. Stepanov,2021,Mathematics,,,,,4,0.000,0.000,10.3390/MATH9030229,https://www.semanticscholar.org/paper/96d1c18ccbac75c9447b4a1446f927ef350276c2,https://www.mdpi.com/2227-7390/9/3/229/pdf?version=1611558176,semantic_scholar,,"A Riemannian manifold endowed with k>2 orthogonal complementary distributions (called here an almost multi-product structure) appears in such topics as multiply twisted or warped products and the webs or nets composed of orthogonal foliations. In this article, we define the mixed scalar curvature of"
385,,On Hom-F-manifold algebras and quantization,Abdelkader Ben Hassin; T. Chtioui; Mohamed Ali Maalaoui; S. Mabrouk,2021,Turkish Journal of Mathematics,,,,,4,0.000,0.000,10.55730/1300-0098.3149,https://www.semanticscholar.org/paper/0784d7d3f086b86399a5972d5457b626ca649bb8,https://journals.tubitak.gov.tr/cgi/viewcontent.cgi?article=3149&context=math,semantic_scholar,,"The notion of a F-manifold algebras is an algebraic description of a F-manifold. In this paper, we introduce the notion of Hom-F-manifold algebras which is generalisation of F-manifold algebras and Hom-Poisson algebras. We develop the representation theory of Hom-F-manifold algebras and generalize t"
386,,Harmonic forms on the Kodaira-Thurston manifold,Tom Holt; Weiyi Zhang,2020,Advances in Mathematics,,,,,30,0.000,0.000,10.1016/j.aim.2022.108277,https://www.semanticscholar.org/paper/31f09630141a8f38c55b885caa280d9887cab10b,https://wrap.warwick.ac.uk/163162/1/WRAP-Harmonic-forms-Kodaira-Thurston-manifold-2022.pdf,semantic_scholar,,
387,,Multipliers Correction Methods for Optimization Problems over the Stiefel Manifold,Lei Wang; Bin Gao; Xin Liu,2020,CSIAM Transactions on Applied Mathematics,,,,,14,0.000,0.000,10.4208/csiam-am.SO-2020-0008,https://www.semanticscholar.org/paper/2de1d912a65d1a9608aa538a57a9b03676d45132,https://global-sci.org/intro/article_detail/auth/19448.html,semantic_scholar,,We propose a class of multipliers correction methods to minimize a differentiable function over the Stiefel manifold. The proposed methods combine a function value reduction step with a proximal correction step. The former one searches along an arbitrary descent direction in the Euclidean space inst
388,,"Existence Results for Fractional p(x, .)-Laplacian Problem Via the Nehari Manifold Approach",E. Azroul; A. Benkirane; A. Boumazourh; M. Shimi,2020,Applied Mathematics and Optimization,,,,,16,0.000,0.000,10.1007/s00245-020-09686-z,https://www.semanticscholar.org/paper/b16efe618d3bd0168fdf1de6c86ba03542254197,https://doi.org/10.1007/s00245-020-09725-9,semantic_scholar,,
389,,Study on generalised pseudo (Ricci) symmetric Sasakian manifold admitting general connection,K. Baishya; A. Biswas,2020,Mathematics and Computer Science,,,,,14,0.000,0.000,10.31926/but.mif.2019.12.61.2.4,https://www.semanticscholar.org/paper/7975d1598fe7251d322fd0129579322a44f223e6,https://doi.org/10.31926/but.mif.2019.12.61.2.4,semantic_scholar,,"The object of the present paper is to study the generalized pseudo (Ricci) symmetric Sasakian manifold with respect to a new connection named general connection. The general connection has the flavor of the quarter-symmetric connection, generalized Tanaka-Webster connection, Zamkovoy, and Schouten- "
390,,Uniformly strong convergence of Kähler-Ricci flows on a Fano manifold,Feng Wang; Xiaohua Zhu,2020,Science China Mathematics,,,,,11,0.000,0.000,10.1007/s11425-021-1928-1,https://www.semanticscholar.org/paper/e2f295d985f3e644a93ddbdccc17369f0e8abaca,https://link.springer.com/content/pdf/10.1007/s11425-021-1928-1.pdf,semantic_scholar,,"In this paper, we study the uniformly strong convergence of the Kähler-Ricci flow on a Fano manifold with varied initial metrics and smoothly deformed complex structures. As an application, we prove the uniqueness of Kähler-Ricci solitons in the sense of diffeomorphism orbits. The result generalizes"
391,,Hypersurfaces of a Sasakian Manifold,Haila Alodan; Sharief Deshmukh; N. Turki; G. Vîlcu,2020,Mathematics,,,,,10,0.000,0.000,10.3390/math8060877,https://www.semanticscholar.org/paper/234706cad618fad57f656188c8a903b122813e67,https://www.mdpi.com/2227-7390/8/6/877/pdf?version=1591000307,semantic_scholar,,"We extend the study of orientable hypersurfaces in a Sasakian manifold initiated by Watanabe. The Reeb vector field ξ of the Sasakian manifold induces a vector field ξ T on the hypersurface, namely the tangential component of ξ to hypersurface, and it also gives a smooth function ρ on the hypersurfa"
392,,A Manifold of Planar Triangular Meshes with Complete Riemannian Metric,Roland Herzog; Estefanía Loayza-Romero,2020,Mathematics of Computation,,,,,9,0.000,0.000,,https://www.semanticscholar.org/paper/0d51edf820a7384d3086ec36bae8a2a468939888,,semantic_scholar,,"Shape spaces are fundamental in a variety of applications including image registration, morphing, matching, interpolation, and shape optimization. In this work, we consider two-dimensional shapes represented by triangular meshes of a given connectivity. We show that the collection of admissible conf"
393,,Proposed theorems for lifts of the extended almost complex structures on the complex manifold,Mohammad Nazrul Islam Khan,2020,Asian-European Journal of Mathematics,,,,,5,0.000,0.000,10.1142/s179355712250200x,https://www.semanticscholar.org/paper/11b7559690bac1cd07e49b7665e17f6b2d9236e8,https://arxiv.org/pdf/2008.06970,semantic_scholar,,It is well known that the tensor field [Formula: see text] of type [Formula: see text] on the manifold [Formula: see text] is an almost complex structure if [Formula: see text] is an identity tensor field and the manifold [Formula: see text] is called the complex manifold. Let kM be the [Formula: se
394,,Manifold Learning for Financial Market Visualization,Y. Huang,2020,Proceedings of the 2020 5th International Conference on Mathematics and Artificial Intelligence,,,,,4,0.000,0.000,10.1145/3395260.3395297,https://www.semanticscholar.org/paper/d15bef859e12c07c8e1ed46cfeecf560d554e21a,,semantic_scholar,,"Financial market is a nonlinear complex system. It is notably hard to construct an integral mathematical model to characterize the financial system. The aim of this paper is to present financial market states by visualization approach, to explore the essential information hidden in the financial dat"
395,,Methods and Mathematical Foundations of the Tau Universe: The Tav Topology,Ernest Gatlin; Grok 4 (xAI),2026,Zenodo (CERN European Organization for Nuclear Research),,,,,0,0.000,0.000,10.5281/zenodo.18047767,https://openalex.org/W7117247735,https://doi.org/10.5281/zenodo.18047767,openalex,,"This paper details the mathematical and methodological foundations of the Tav (Tau Advanced Version) framework, an extension of the Tau Universe model. We focus on the 5D topological structure R3,1 × S1, multi-scale fractional compactification, Casimir-derived dark energy, partial computability of K"
396,,Standard Model Parameters as Spectral Invariants of G2 Geometry: A Spectral Geometry Framework for Fundamental Physics,Joseph Churchwell,2026,Zenodo (CERN European Organization for Nuclear Research),,,,,0,0.000,0.000,10.5281/zenodo.18025025,https://openalex.org/W7116899320,https://doi.org/10.5281/zenodo.18025025,openalex,,Make sure you are using the latest version which is currently version 4. This has updated derivation and simulation results. The Octonionic Cosmological Rotation Hypothesis (OCRH) proposes that the fundamental dimensionless parameters of the Standard Model are not arbitrary inputs but spectral invar
397,,SpaceDecay (RRGM): Hierarchical Field Dynamics of Motivational Architecture: From Optimization Pressure to Emergent Ethics via Identity Coupling,D. Rozon,2026,Zenodo (CERN European Organization for Nuclear Research),,,,,0,0.000,0.000,10.5281/zenodo.18072276,https://openalex.org/W7117465780,https://doi.org/10.5281/zenodo.18072276,openalex,,"This paper presents a field-theoretic treatment of motivational architecture in systems possessing conserved identity, utilizing the Rozon Recursive Gravity Model (RRGM) framework. The research derives three hierarchical stages of motivational organization: Curiosity/Want: Base exploration and optim"
398,,Metric Diophantine Approximation on Manifolds and the Hausdorff Dimension of Singular Vectors,Zen Revista; 10 MFC,2026,Zenodo (CERN European Organization for Nuclear Research),,,,,0,0.000,0.000,10.5281/zenodo.18112144,https://openalex.org/W7117893070,https://doi.org/10.5281/zenodo.18112144,openalex,,"Mathematical Applications of Science Fiction We present a rigorous derivation of the Hausdorff di-mension of the set of singular vectors on non-degenerateRiemannian manifolds, extending the classical Khintchine-Groshev theory into the domain of transfinite geometry.By establishing a functorial corre"
399,,Neural Dissipative Structures A Non-Quantum Framework for Metastable Cognition,Luigi Usai,2026,Zenodo (CERN European Organization for Nuclear Research),,,,,0,0.000,0.000,10.5281/zenodo.18117280,https://openalex.org/W7117964418,https://doi.org/10.5281/zenodo.18117280,openalex,,"English Description:This paper introduces a new scientific paradigm: Neural Dissipative Structures (NDS). It challenges the traditional ""Computational Theory of Mind"" by defining cognition not as an algorithmic process, but as a sequence of thermodynamic phase transitions. Grounded in Prigogine’s no"
400,,The Bounded Quantum Reality: Integrating the Infinite Gap (ε∞) with  Spacetime Constraints Against Ontological Branching,Ayoub Taoussi,2026,Zenodo (CERN European Organization for Nuclear Research),,,,,0,0.000,0.000,10.5281/zenodo.18112297,https://openalex.org/W7117964422,https://doi.org/10.5281/zenodo.18112297,openalex,,This work presents a revolutionary unified framework that fundamentally challenges the Many-Worlds Interpretation (MWI) of quantum mechanics through two complementary and mutually reinforcing approaches: the information-theoretic Infinite Gap (ε∞) analysis and the spacetime-constrained single-outcom
401,,Geometric Vacuum Selection in the Standard Model: A Two-Anchor Principle from Grassmannian Geometry,Amin Al Yaquob,2026,Preprints.org,,,,,0,0.000,0.000,10.20944/preprints202512.2839.v1,https://openalex.org/W7117965017,https://www.preprints.org/frontend/manuscript/a64b298079f77f360bafca690e7fefa9/download_pub,openalex,,"We present a geometric framework for understanding the parameter structure of the StandardModel. Starting from the Grassmannian manifold Gr(k,N)—the space of k-dimensional subspaces inan N-dimensional vector space—we demonstrate that two fundamental observables, the weak mixingangle and the gauge-gr"
402,,EAST-GP Framework: Review to M-Theory Approach For Topological Dark Matter and the Cosmological Dynamic Constant in the Proposed Theory of Quantum Gravity,Ahmed Ali,2026,Preprints.org,,,,,0,0.000,0.000,10.20944/preprints202601.0003.v1,https://openalex.org/W7117965642,https://www.preprints.org/frontend/manuscript/35e7d422ee627542577e513ecc50818c/download_pub,openalex,,"In this work, we explore the possibility that low-energy physics arises from a dynamic dimensionality reduction of M-theory on a topologically defined Calabi-Yau manifold. We propose that dark matter consists of stable topological configurations (Majorana gluons) of primordial gluon plasma, and that"
403,,"Synthesizing Shape, Information, and Complexity via Ismail A Mageed's Legendary Septem Framework (Part 23): The Phenomenal Septimised Next Generation Geometric Morphometrics",Ismail A Mageed,2026,Zenodo (CERN European Organization for Nuclear Research),,,,,0,0.000,0.000,10.5281/zenodo.18115705,https://openalex.org/W7117973813,https://doi.org/10.5281/zenodo.18115705,openalex,,"Traditional Geometric Morphometrics (GM) has revolutionized biological shape analysis through multivariate statistical assessment of landmark coordinates. However, conventional GM often struggles with highly complex, self-similar structures and the computational demands of high-throughput 3D imaging"
404,,"SATOSHI'S WAGER: PRIME OS PRINCIPIA FOR TESLIUM HYDRODYNAMIC OSMOTIC CELESTIAL SEA UNIVERSE SOLVING RIEMANN, FALSIFYING STANDARD MODEL AND OFFERING ONE MILLION FOR ANYONE WHO CAN FALSIFY THIS GRAND UNIFIED THEOREM",T PATRICK MURRAY; SATOSHI NAKAMOTO,2026,Zenodo (CERN European Organization for Nuclear Research),,,,,0,0.000,0.000,10.5281/zenodo.18112987,https://openalex.org/W7117975723,https://doi.org/10.5281/zenodo.18112987,openalex,,"The Ultimate Zero Manifesto The Dramatic Abstract for The Riemann Clay Millennium Cathedral ABSTRACT: On the eve of all old certainty, the cathedral doors unseal. Here—at the golden midnight of January 1, 2026—the universe finds itself not split, but sung: oscillating on the razor’s edge between pro"
405,,Calabi–Yau Holonomy and the Primordial Potential in G-MaTT: A Geometric Foundation for 3D Space Emergence and Coherence Stability,Soon Hee@Bungsuh Yeo,2026,Zenodo (CERN European Organization for Nuclear Research),,,,,0,0.000,0.000,10.5281/zenodo.18114310,https://openalex.org/W7117997907,https://doi.org/10.5281/zenodo.18114310,openalex,,Abstract We propose that the primordial potential \(\mathcal{M}_\mu\) in Generalized Mass as Twisted Time (G-MaTT) can be formally characterized as having Calabi–Yau-like holonomy in its phase space. The 2025 proof of the three-dimensional Kakeya conjecture (Wang & Zahl) and the known properties of 
406,,"SDRIS: The Geometric Origin of Special Relativity – Recovering the Speed of Light, Time Dilation, and E=mc² from Unitary Graph Dynamics (Series: Paper 104)",Jan Patrick Maier-Lutz,2026,Zenodo (CERN European Organization for Nuclear Research),,,,,0,0.000,0.000,10.5281/zenodo.18120039,https://openalex.org/W7117999926,https://doi.org/10.5281/zenodo.18120039,openalex,,"Special Relativity is conventionally understood as a geometric property of a continuous spacetime manifold. In this paper, we recover its fundamental laws—the causal speed limit ($c$), time dilation, and the energy-momentum relation—strictly from the information-theoretic axioms of the Static-Dynami"
407,,"Time Geometrization of Manifold G: A Research Roadmap for High-Dimensional Gauge Theories, Lattice QCD, and the Early Universe",changzheng zhou; ziqing zhou,2026,Zenodo (CERN European Organization for Nuclear Research),,,,,0,0.000,0.000,10.5281/zenodo.18114389,https://openalex.org/W7118003083,https://doi.org/10.5281/zenodo.18114389,openalex,,"This paper proposes a systematic research program within the framework oftime-structured manifolds, integrating high-dimensional gauge theories, non-perturbativelattice computations, and early universe cosmology. The core idea is to treat timegeometry as a dynamical entity whose curvature and topolo"
408,,The Atemporal Tablet Framework: A Geometric Approach to Emergent Spacetime and Quantum Mechanics,Amir Hameed Mir,2026,Preprints.org,,,,,0,0.000,0.000,10.20944/preprints202512.2765.v1,https://openalex.org/W7118009008,https://www.preprints.org/frontend/manuscript/728c0d2233eb7c4cc7d9e8571114e687/download_pub,openalex,,"We present the Atemporal Tablet Framework (ATF), a complete geometric ontology that derives spacetime, quantum mechanics, and gravity from a single mathematical structure. The universe is modeled as a fiber bundle T -&amp;gt;(π) M where T is a static higher-dimensional manifold and M is emergent 3+1"
409,,"Unified Physical Interpretation of the Cn Spectrum II: Energy, Spin, and Topology in Phase Geometry",BORA AKTAŞ,2026,Zenodo (CERN European Organization for Nuclear Research),,,,,0,0.000,0.000,10.5281/zenodo.18119486,https://openalex.org/W7118013394,https://doi.org/10.5281/zenodo.18119486,openalex,,"Abstract This work presents a comprehensive expansion of the phase-geometric interpretation developed in the first paper of this series. Whereas the initial article established the foundations of the Cₙ phase algebra and demonstrated the unification of energy, spin, and topological winding through t"
410,,Ontological Motion from Analytic Protection,Y.Y.N. Li,2026,Zenodo (CERN European Organization for Nuclear Research),,,,,0,0.000,0.000,10.5281/zenodo.18115221,https://openalex.org/W7118013519,https://doi.org/10.5281/zenodo.18115221,openalex,,"This work introduces the Ontological Topol, a theoretical framework in which nonlocal transport emerges as a consequence of analytic protection, rather than force-driven motion or spacetime traversal. The central result is that persistent, non-collapse motion is realizable if and only if system evol"
411,,"Generative Manifolds: Null-Mode Injection, Light-Cones, and Dimensional Unfolding",Y.Y.N. Li,2025,Zenodo (CERN European Organization for Nuclear Research),,,,,0,0.000,0.000,10.5281/zenodo.18028613,https://openalex.org/W7117144615,https://doi.org/10.5281/zenodo.18028613,openalex,,"This paper proposes that the Eighteenth Vow of Amitabha Buddha should not be interpreted as a supernatural intervention, but rather as a holographic analytic protocol required for universal realizability. By integrating the Veneziano amplitude and crossing symmetry from string theory, we demonstrate"
412,,The Geometric Generation of Subjective Time under Irreversible State Evolution,Fan Weng,2025,Zenodo (CERN European Organization for Nuclear Research),,,,,0,0.000,0.000,10.5281/zenodo.18053774,https://openalex.org/W7117304633,https://doi.org/10.5281/zenodo.18053774,openalex,,"Context and Significance This work provides a mathematically explicit realization of how first-person temporal structure can arise from irreversible informational and thermodynamic costs associated with state updates. Rather than relying on specific physical dynamics, neural implementations, or perc"
413,,"The General Theory of Correspondence (Parts I-V): The Unified Hydrodynamic Solution, the Cunha Grain, and the -70mV Stationary Solution",Jeffrey Cunha,2025,Zenodo (CERN European Organization for Nuclear Research),,,,,0,0.000,0.000,10.5281/zenodo.18062468,https://openalex.org/W7117359928,https://doi.org/10.5281/zenodo.18062468,openalex,,"ABSTRACT: Current cosmological models face fundamental discrepancies at the Planck and Galactic scales: the ""Vacuum Catastrophe"" (10^122 error), anomalous galactic rotation, and the mass hierarchy. This collection introduces The General Theory of Correspondence, proving that the universe operates as"
414,,Symplectic Holonomy and Non-Archimedean Spectral Invariants: A Synthetic Differential Formalism in the Internal Logic of Warp Manifold Topoi,Zen Revista; 10 MFC,2025,Zenodo (CERN European Organization for Nuclear Research),,,,,0,0.000,0.000,10.5281/zenodo.18101770,https://openalex.org/W7117699795,https://doi.org/10.5281/zenodo.18101770,openalex,,"Mathematical Applications of Science Fiction We present a rigorous construction of non-Archimedeanspectral invariants associated with Hamiltonian deforma-tions in the context of Warp Manifolds, formalized withinthe internal logic of a smooth topos EW . By utilizingSynthetic Differential Geometry (SD"
415,,The Necessary Universe,Suhail Bachani,2025,International Journal For Multidisciplinary Research,,,,,0,0.000,0.000,10.36948/ijfmr.2025.v07i06.64467,https://openalex.org/W7117783017,https://www.ijfmr.com/papers/2025/6/64467.pdf,openalex,,"Modern physics confronts a crisis of arbitrariness: the Standard Model requires approximately 19 'free parameters' that must be measured experimentally and inserted by hand, offering no explanation for their provenance. To the physicist, these numbers appear accidental; to the theologian, this appar"
416,,Optimal 8196D→32D Dimensional Folding,Christian Kilpatrick,2025,Zenodo (CERN European Organization for Nuclear Research),,,,,0,0.000,0.000,10.5281/zenodo.18102374,https://openalex.org/W7117867824,https://doi.org/10.5281/zenodo.18102374,openalex,,"We establish the existence and optimality of a dimensional folding map from 8196-dimensional Euclidean space to 32-dimensional space with remarkable efficiency and preservation properties. Specifically, we prove the existence of a Lipschitz-continuous folding map φ: ℝ^8196 → ℝ^32 with compression ra"
417,,Time is the Author of Space: The KnoWellian Resolution to the Paradox of Being and Becoming,David Noel Lynch,2025,Zenodo (CERN European Organization for Nuclear Research),,,,,0,0.000,0.000,10.5281/zenodo.18110681,https://openalex.org/W7117868040,https://doi.org/10.5281/zenodo.18110681,openalex,,"This paper presents a unified cosmological framework resolving the foundational impasse of modern physics: the ""KnoWellian Schizophrenia"" arising from the mismatch between static mathematical abstractions (Being) and dynamic physical reality (Becoming). We introduce the KnoWellian Universe Theory (K"
418,,Phase–Geometric Interpretation of Mercury's Orbit: From Relativistic Precession to C3/C4 Curvature Dynamics,BORA AKTAŞ,2025,Zenodo (CERN European Organization for Nuclear Research),,,,,0,0.000,0.000,10.5281/zenodo.18111385,https://openalex.org/W7117868821,https://doi.org/10.5281/zenodo.18111385,openalex,,"Abstract The orbital motion of Mercury has long served as a benchmark for testing gravitational theories. While Newtonian mechanics predicts an elliptical trajectory, the observed perihelion precession requires relativistic corrections as described by Einstein’s field equations. In this paper, we pr"
419,,The Fundamental Equivalence Between Differential Geometry and Autonomous Dynamical Systems,Mircea BULINSKI,2025,Zenodo (CERN European Organization for Nuclear Research),,,,,0,0.000,0.000,10.5281/zenodo.18104679,https://openalex.org/W7117869535,https://doi.org/10.5281/zenodo.18104679,openalex,,"We establish a rigorous equivalence between the mathematical frameworks of differential geometry and autonomous dynamical systems, without requiring Hamiltonian or Lagrangian structure. Given a smooth manifold M^n equipped with a pseudo-Riemannian metric BG_{AB}, we show that the associated geometri"
420,,Harmonic Resolution of the Hodge Conjecture,Cynthia Steger,2025,Zenodo (CERN European Organization for Nuclear Research),,,,,0,0.000,0.000,10.5281/zenodo.18111060,https://openalex.org/W7117870446,https://doi.org/10.5281/zenodo.18111060,openalex,,"This submission presents a harmonic resonance-based resolution to the Hodge Conjecture,reframing the problem through the lens of vibrational structure and frequency coherence.Rather than approaching the conjecture through purely algebraic topology or differentialgeometry, this work applies the Harmo"
421,,"The Geometry of Decision: A Cost-Theoretic Framework for Attention, Choice, and Agency",J. Washburn,2025,Zenodo (CERN European Organization for Nuclear Research),,,,,0,0.000,0.000,10.5281/zenodo.18111130,https://openalex.org/W7117871036,https://doi.org/10.5281/zenodo.18111130,openalex,,"We develop a mathematical framework for decision-making based on the universal cost functional J(x) = (1/2)(x + x^{-1})^{-1}. We introduce an Attention Operator as a capacity-limited gating function, and propose that cognitive capacity bounds follow from φ-scaling in the Recognition Science framewor"
422,,"KnoWellian Universe Theory: ""Complete"" Mathematical Foundations",David Noel Lynch,2025,Zenodo (CERN European Organization for Nuclear Research),,,,,0,0.000,0.000,10.5281/zenodo.18110678,https://openalex.org/W7117871260,https://doi.org/10.5281/zenodo.18110678,openalex,,"This document serves as the comprehensive technical companion to ""Time is the Author of Space: The KnoWellian Resolution to the Paradox of Being and Becoming."" It provides the rigorous mathematical derivations, proofs, and field-theoretic formulations underpinning the KnoWellian Universe Theory (KUT"
423,,Deformation Quantization of Poisson Manifolds via Kontsevich Formality Theorems: A Transfinite Cohomological Approach,Zen Revista; 10 MFC,2025,Zenodo (CERN European Organization for Nuclear Research),,,,,0,0.000,0.000,10.5281/zenodo.18109734,https://openalex.org/W7117871987,https://doi.org/10.5281/zenodo.18109734,openalex,,"Mathematical Applications of Science Fiction We present a rigorous, self-contained derivation of the ex-istence of star-products on arbitrary Poisson manifolds,leveraging the full machinery of Kontsevich’s Formality The-orem. By constructing an explicit L∞-quasi-isomorphismbetween the Differential G"
424,,The Epistemic Impossibility Principle: Nothing is Impossible Until Someone Discovers It is Possible,Zen Revista; 10 MATH; 10 PHYSICS; 10 ASTRO; 10 MFC,2025,Zenodo (CERN European Organization for Nuclear Research),,,,,0,0.000,0.000,10.5281/zenodo.18111683,https://openalex.org/W7117872536,https://doi.org/10.5281/zenodo.18111683,openalex,,"We present a comprehensive investigation of the Epistemic Impossibility Principle (EIP), which posits that the impossibility of a proposition is contingent upon the current state of human knowledge and technological capacity, rather than any intrinsic property of reality. Through a rigorous historic"
425,,Zeta-Regularization of Spectral Determinants in Selberg Trace Formulae for Multiverse Topologies,Zen Revista; 10 MFC,2025,Zenodo (CERN European Organization for Nuclear Research),,,,,0,0.000,0.000,10.5281/zenodo.18102062,https://openalex.org/W7117873289,https://doi.org/10.5281/zenodo.18102062,openalex,,"Mathematical Applications of Science Fiction We present a rigorous derivation of the spectral determinant for the Laplacian operator on a disjoint union of noncompact hyperbolic manifolds, modeled as a multiverse topology represented by a countable family of quotient spaces of hyperbolic n-space by "
426,,Heegaard Floer Homology and Dehn Surgery Constraints on Smooth 4-Manifolds: A Transfinite Approach,Zen Revista; 10 MFC,2025,Zenodo (CERN European Organization for Nuclear Research),,,,,0,0.000,0.000,10.5281/zenodo.18109489,https://openalex.org/W7117874716,https://doi.org/10.5281/zenodo.18109489,openalex,,Mathematical Applications of Science Fiction We establish a rigorous obstruction theory for smooth4-manifolds bounded by 3-manifolds obtained via Dehnsurgery on knots in S3. By analyzing the mapping cone ofthe Heegaard Floer surgery exact triangle and introducinga transfinite filtration on the Spinc
427,,DEPHAZE: Unified Zero-Fit Simulation Suite,angus dewer,2025,Zenodo (CERN European Organization for Nuclear Research),,,,,0,0.000,0.000,10.5281/zenodo.18108386,https://openalex.org/W7117875996,https://doi.org/10.5281/zenodo.18108386,openalex,,"DEPHAZE: Unified Zero-Fit Simulation Suite for.(1992–2025) OverviewThe DEPHAZE framework represents an axiomatic generative approach to physical reality, treating the observable universe as a continuous projection from a timeless ground state (Omega_0) into manifest configurations (Psi). This softwa"
428,,The variety of orthogonal frames,Laura Casabella; Alessio Sammartano,2025,arXiv,,,,,0,0.000,0.000,,http://arxiv.org/abs/2512.25058v1,https://arxiv.org/pdf/2512.25058v1,arxiv,,"An orthogonal n-frame is an ordered set of n pairwise orthogonal vectors. The set of all orthogonal n-frames in a d-dimensional quadratic vector space is an algebraic variety V(d,n). In this paper, we investigate the variety V(d,n) as well as the quadratic ideal I(d,n) generated by the orthogonality"
429,,The Logical Structure of Physical Laws: A Fixed Point Reconstruction,Eren Volkan Küçük,2025,arXiv,,,,,0,0.000,0.000,,http://arxiv.org/abs/2512.25057v1,https://arxiv.org/pdf/2512.25057v1,arxiv,,"We formalise the self referential definition of physical laws using monotone operators on a lattice of theories, resolving the pathologies of naive set theoretic formulations. By invoking Tarski fixed point theorem, we identify physical theories as least fixed points of admissibility constraints der"
430,,Bilinear tau forms of quantum Painlevé equations and $\mathbb{C}^2/\mathbb{Z}_2$ blowup relations in SUSY gauge theories,Giulio Bonelli; Anton Shchechkin; Alessandro Tanzini,2025,arXiv,,,,,0,0.000,0.000,,http://arxiv.org/abs/2512.25051v1,https://arxiv.org/pdf/2512.25051v1,arxiv,,"We derive bilinear tau forms of the canonically quantized Painlevé equations, thereby relating them to those previously obtained from the $\mathbb{C}^2/\mathbb{Z}_2$ blowup relations for the $\mathcal{N}=2$ supersymmetric gauge theory partition functions on a general $Ω$-background. We fully fix the"
431,,The PDE-ODI principle and cylindrical mean curvature flows,Richard H. Bamler; Yi Lai,2025,arXiv,,,,,0,0.000,0.000,,http://arxiv.org/abs/2512.25050v1,https://arxiv.org/pdf/2512.25050v1,arxiv,,"We introduce a new approach for analyzing ancient solutions and singularities of mean curvature flow that are locally modeled on a cylinder. Its key ingredient is a general mechanism, called the \emph{PDE--ODI principle}, which converts a broad class of parabolic differential equations into systems "
432,,Arithmetic with spatiotemporal optical vortex of integer and fractional topological charges,Hsiao-Chih Huang; Chen-Ting Liao; Hui Min Leung,2025,arXiv,,,,,0,0.000,0.000,,http://arxiv.org/abs/2512.25049v1,https://arxiv.org/pdf/2512.25049v1,arxiv,,"Spatiotemporal optical vortices carry transverse orbital angular momentum (t-OAM), which give rise to spatiotemporal topological charge (ST-TC). To unleash the full potential of t-OAM in expanding the capacity of communication and computing, we demonstrate the first optical information-processing pi"
433,,On exact Observability for Compactly perturbed infinite dimension system,Nisrine Charaf; Faouzi Triki,2025,arXiv,,,,,0,0.000,0.000,,http://arxiv.org/abs/2512.25041v1,https://arxiv.org/pdf/2512.25041v1,arxiv,,"In this paper, we study the observability of compactly perturbed infinite dimensional systems. Assuming that a given infinite-dimensional system with self-adjoint generator is exactly observable we derive sufficient conditions on a compact self adjoint perturbation to guarantee that the perturbed sy"
434,,The Hochschild homology of a noncommutative symmetric quotient stack,Rina Anno; Vladimir Baranovsky; Timothy Logvinenko,2025,arXiv,,,,,0,0.000,0.000,,http://arxiv.org/abs/2512.25039v1,https://arxiv.org/pdf/2512.25039v1,arxiv,,"We prove an orbifold type decomposition theorem for the Hochschild homology of the symmetric powers of a small DG category $\mathcal{A}$. In noncommutative geometry, these can be viewed as the noncommutative symmetric quotient stacks of $\mathcal{A}$. We use this decomposition to show that the total"
435,,Universal polar dual pairs of spherical codes found in $E_8$ and $Λ_{24}$,S. V. Borodachov; P. G. Boyvalenkov; P. D. Dragnev; D. P. Hardin; E. B. Saff,2025,arXiv,,,,,0,0.000,0.000,,http://arxiv.org/abs/2512.25037v1,https://arxiv.org/pdf/2512.25037v1,arxiv,,"We identify universal polar dual pairs of spherical codes $C$ and $D$ such that for a large class of potential functions $h$ the minima of the discrete $h$-potential of $C$ on the sphere occur at the points of $D$ and vice versa. Moreover, the minimal values of their normalized potentials are equal."
436,,Multivariate Generalized Counting Process via Gamma Subordination,Manisha Dhillon; Kuldeep Kumar Kataria; Shyan Ghosh,2025,arXiv,,,,,0,0.000,0.000,,http://arxiv.org/abs/2512.25030v1,https://arxiv.org/pdf/2512.25030v1,arxiv,,"In this paper, we study a multivariate gamma subordinator whose components are independent gamma processes subject to a random time governed by an independent negative binomial process. We derive the explicit expressions for its joint Laplace-Stieltjes transform, its probability density function and"
437,,Mod $p$ Poincaré duality for $p$-adic period domains,Guillaume Pignon-Ywanne,2025,arXiv,,,,,0,0.000,0.000,,http://arxiv.org/abs/2512.25029v1,https://arxiv.org/pdf/2512.25029v1,arxiv,,"In this article, we introduce a new class of smooth partially proper rigid analytic varieties over a $p$-adic field that satisfy Poincaré duality for étale cohomology with mod $p$-coefficients : the varieties satisfying ""primitive comparison with compact support"". We show that almost proper varietie"
438,,Modewise Additive Factor Model for Matrix Time Series,Elynn Chen; Yuefeng Han; Jiayu Li; Ke Xu,2025,arXiv,,,,,0,0.000,0.000,,http://arxiv.org/abs/2512.25025v1,https://arxiv.org/pdf/2512.25025v1,arxiv,,"We introduce a Modewise Additive Factor Model (MAFM) for matrix-valued time series that captures row-specific and column-specific latent effects through an additive structure, offering greater flexibility than multiplicative frameworks such as Tucker and CP factor models. In MAFM, each observation d"
439,,On Nonlinear Inertial Transformations,Nicholas Agia,2025,arXiv,,,,,0,0.000,0.000,,http://arxiv.org/abs/2512.25024v1,https://arxiv.org/pdf/2512.25024v1,arxiv,,"It is often assumed that the most general transformation between two inertial reference frames is affine linear in their Cartesian coordinates, an assumption which is however not true. We provide a complete derivation of the most general inertial frame transformation, which is indeed nonlinear; alon"
440,,Real Riemann Surfaces: Smooth and Discrete,Johanna Düntsch; Felix Günther,2025,arXiv,,,,,0,0.000,0.000,,http://arxiv.org/abs/2512.25022v1,https://arxiv.org/pdf/2512.25022v1,arxiv,,This paper develops a discrete theory of real Riemann surfaces based on quadrilateral cellular decompositions (quad-graphs) and a linear discretization of the Cauchy-Riemann equations. We construct a discrete analogue of an antiholomorphic involution and classify the topological types of discrete re
441,,Strengthening Dual Bounds for Multicommodity Capacitated Network Design with Unsplittable Flow Constraints,Lacy M. Greening; Santanu S. Dey; Alan L. Erera,2025,arXiv,,,,,0,0.000,0.000,,http://arxiv.org/abs/2512.25018v1,https://arxiv.org/pdf/2512.25018v1,arxiv,,"Multicommodity capacitated network design (MCND) models can be used to optimize the consolidation of shipments within e-commerce fulfillment networks. In practice, fulfillment networks require that shipments with the same origin and destination follow the same transfer path. This unsplittable flow r"
442,,A note on semistable unitary operators on $L^2(\mathbb{R})$,Xianghong Chen,2025,arXiv,,,,,0,0.000,0.000,,http://arxiv.org/abs/2512.25013v1,https://arxiv.org/pdf/2512.25013v1,arxiv,,"In this note, we present a characterization of semistable unitary operators on $L^2(\mathbb{R})$, under the assumption that the operator is (i) translation-invariant, (ii) symmetric, and (iii) locally uniformly continuous (LUC) under dilation. As a consequence, we characterize one-parameter groups f"
443,,Bounding regularity of $\mathrm{VI}^m$-modules,Wee Liang Gan; Khoa Ta,2025,arXiv,,,,,0,0.000,0.000,,http://arxiv.org/abs/2512.25010v1,https://arxiv.org/pdf/2512.25010v1,arxiv,,Fix a finite field $\mathbb{F}$. Let $\mathrm{VI}$ be a skeleton of the category of finite dimensional $\mathbb{F}$-vector spaces and injective $\mathbb{F}$-linear maps. We study $\mathrm{VI}^m$-modules over a noetherian commutative ring in the nondescribing characteristic case. We prove that if a f
444,,The splitting field and generators of the elliptic surface $Y^2=X^3 +t^{360} +1$,Sajad Salami,2025,arXiv,,,,,0,0.000,0.000,,http://arxiv.org/abs/2512.25009v1,https://arxiv.org/pdf/2512.25009v1,arxiv,,"The splitting field of an elliptic surface $\mathcal{E}/\mathbb{Q}(t)$ is the smallest finite extension $\mathcal{K} \subset \mathbb{C}$ such that all $\mathbb{C}(t)$-rational points are defined over $\mathcal{K}(t)$. In this paper, we provide a symbolic algorithmic approach to determine the splitti"
445,,Limit Theorems for Fixed Point Biased Pattern Avoiding Involutions,Jungeun Park; Douglas Rizzolo,2025,arXiv,,,,,0,0.000,0.000,,http://arxiv.org/abs/2512.25006v1,https://arxiv.org/pdf/2512.25006v1,arxiv,,We study fixed point biased involutions that avoid a pattern. For every pattern of length three we obtain limit theorems for the asymptotic distribution of the (appropriately centered and scaled) number of fixed points of a random fixed point biased involution avoiding that pattern. When the pattern
446,,Grassmannian Geometries for Non-Planar On-Shell Diagrams,Artyom Lisitsyn; Umut Oktem; Melissa Sherman-Bennett; Jaroslav Trnka,2025,arXiv,,,,,0,0.000,0.000,,http://arxiv.org/abs/2512.25005v1,https://arxiv.org/pdf/2512.25005v1,arxiv,,"On-shell diagrams are gauge invariant quantities which play an important role in the description of scattering amplitudes. Based on the principles of generalized unitarity, they are given by products of elementary three-point amplitudes where the kinematics of internal on-shell legs are determined b"
447,,Uniqueness for stochastic differential equations in Hilbert spaces with irregular drift,Lukas Anzeletti; Oleg Butkovsky; Máté Gerencsér; Alexander Shaposhnikov,2025,arXiv,,,,,0,0.000,0.000,,http://arxiv.org/abs/2512.25003v1,https://arxiv.org/pdf/2512.25003v1,arxiv,,"We present a versatile framework to study strong existence and uniqueness for stochastic differential equations (SDEs) in Hilbert spaces with irregular drift. We consider an SDE in a separable Hilbert space $H$ \begin{equation*} dX_t= (A X_t + b(X_t))dt +(-A)^{-γ/2}dW_t,\quad X_0=x_0 \in H, \end{equ"
448,,The local limit of weighted spanning trees on balanced networks,Ágnes Kúsz,2025,arXiv,,,,,0,0.000,0.000,,http://arxiv.org/abs/2512.25001v1,https://arxiv.org/pdf/2512.25001v1,arxiv,,"We prove that the local limit of the weighted spanning trees on any simple connected high degree almost regular sequence of electric networks is the Poisson(1) branching process conditioned to survive forever, by generalizing [NP22] and closing a gap in their proof. We also study the local statistic"
449,,The Fourier extension conjecture for the paraboloid,Cristian Rios; Eric T. Sawyer,2025,arXiv,,,,,0,0.000,0.000,,http://arxiv.org/abs/2512.24990v1,https://arxiv.org/pdf/2512.24990v1,arxiv,,We give a proof of Fourier extension conjecture on the paraboloid in all dimensions bigger than 2 that begins with a decomposition suggested in Sawyer [Saw8] of writing a smooth Alpert projection as a sum of pieces whose Fourier extensions are localized. This is then used in the case d=3 to establis
450,,A guide to the $2$-generated axial algebras of Monster type,Justin McInroy; Abdul Wajid Mir,2025,arXiv,,,,,0,0.000,0.000,,http://arxiv.org/abs/2512.24987v1,https://arxiv.org/pdf/2512.24987v1,arxiv,,"Axial algebras of Monster type are a class of non-associative algebras which generalise the Griess algebra, whose automorphism group is the largest sporadic simple group, the Monster. The $2$-generated algebras, which are the building blocks from which all algebras in this class can be constructed, "
451,,From Complex-Analytic Models to Sparse Domination: A Dyadic Approach of Hypersingular Operators via Bourgain's Interpolation Method,Bingyang Hu; Xiaojing Zhou,2025,arXiv,,,,,0,0.000,0.000,,http://arxiv.org/abs/2512.24972v1,https://arxiv.org/pdf/2512.24972v1,arxiv,,"Motivated by the work of Cheng--Fang--Wang--Yu on the hypersingular Bergman projection, we develop a real-variable and dyadic framework for hypersingular operators in regimes where strong-type estimates fail at the critical line. The main new input is a hypersingular sparse domination principle comb"
452,,Cartier duality for gerbes of vector bundles,Juan Esteban Rodríguez Camargo,2025,arXiv,,,,,0,0.000,0.000,,http://arxiv.org/abs/2512.24967v1,https://arxiv.org/pdf/2512.24967v1,arxiv,,"We prove a Cartier duality for gerbes of algebraic and analytic vector bundles as an anti-equivalence of Hopf algebras in the category of kernels of analytic stacks. As an application, we prove that the category of solid quasi-coherent sheaves on the Hodge-Tate stack of a smooth rigid variety over a"
453,,Approximating evolution operators of linear delay equations: a general framework for the convergence analysis,Alessia andò; Giusy Bosco; Dimitri Breda; Davide Liessi,2025,arXiv,,,,,0,0.000,0.000,,http://arxiv.org/abs/2512.24964v1,https://arxiv.org/pdf/2512.24964v1,arxiv,,"We consider the problem of discretizing evolution operators of linear delay equations with the aim of approximating their spectra, which is useful in investigating the stability properties of (nonlinear) equations via the principle of linearized stability. We develop a general convergence analysis b"
454,,The least prime with a given cycle type,Peter J. Cho; Robert J. Lemke Oliver; Asif Zaman,2025,arXiv,,,,,0,0.000,0.000,,http://arxiv.org/abs/2512.24963v1,https://arxiv.org/pdf/2512.24963v1,arxiv,,"Let $G$ be a finite group. Let $K/k$ be a Galois extension of number fields with Galois group isomorphic to $G$, and let $C \subseteq \mathrm{Gal}(K/k) \simeq G$ be a conjugacy invariant subset. It is well known that there exists an unramified prime ideal $\mathfrak{p}$ of $k$ with Frobenius element"
455,,Geometric characterisation of structural and regular equivalences in undirected (hyper)graphs,Marzieh Eidi; Nina Otter,2025,arXiv,,,,,0,0.000,0.000,,http://arxiv.org/abs/2512.24961v1,https://arxiv.org/pdf/2512.24961v1,arxiv,,"Similarity notions between vertices in a graph, such as structural and regular equivalence, are one of the main ingredients in clustering tools in complex network science. We generalise structural and regular equivalences for undirected hypergraphs and provide a characterisation of structural and re"
456,,Numerical study of solitary waves in Dirac--Klein--Gordon system,Andrew Comech; Julien Ricaud; Marco Roque,2025,arXiv,,,,,0,0.000,0.000,,http://arxiv.org/abs/2512.24954v1,https://arxiv.org/pdf/2512.24954v1,arxiv,,"We use numerics to construct solitary waves in Dirac--Klein--Gordon (in one and three spatial dimensions) and study the dependence of energy and charge on $ω$. For the construction, we use the iterative procedure, starting from solitary waves of nonlinear Dirac equation, computing the corresponding "
457,,Data-Driven Spectral Analysis Through Pseudo-Resolvent Koopman Operator in Dynamical Systems,Yuanchao Xu; Itsushi Sakata; Isao Ishikawa,2025,arXiv,,,,,0,0.000,0.000,,http://arxiv.org/abs/2512.24953v1,https://arxiv.org/pdf/2512.24953v1,arxiv,,"We present a data-driven method for spectral analysis of the Koopman operator based on direct construction of the pseudo-resolvent from time-series data. Finite-dimensional approximation of the Koopman operator, such as those obtained from Extended Dynamic Mode Decomposition, are known to suffer fro"
458,,Dynamic response phenotypes and model discrimination in systems and synthetic biology,Eduardo D. Sontag,2025,arXiv,,,,,0,0.000,0.000,,http://arxiv.org/abs/2512.24945v1,https://arxiv.org/pdf/2512.24945v1,arxiv,,"Biological systems encode function not primarily in steady states, but in the structure of transient responses elicited by time-varying stimuli. Overshoots, biphasic dynamics, adaptation kinetics, fold-change detection, entrainment, and cumulative exposure effects often determine phenotypic outcomes"
459,,Modelling the movements of organisms by stochastic theory in a comoving frame,Norberto Lucero Azuara; Rainer Klages,2025,arXiv,,,,,0,0.000,0.000,,http://arxiv.org/abs/2512.24937v1,https://arxiv.org/pdf/2512.24937v1,arxiv,,Imagine you walk in a plane. You move by making a step of a certain length per time interval in a chosen direction. Repeating this process by randomly sampling step length and turning angle defines a two-dimensional random walk in what we call comoving frame coordinates. This is precisely how Ross a
460,,Green's function on the Tate curve,An Huang; Rebecca Rohrlich; Yaojia Sun; Eric Whyman,2025,arXiv,,,,,0,0.000,0.000,,http://arxiv.org/abs/2512.24935v1,https://arxiv.org/pdf/2512.24935v1,arxiv,,"Motivated by the question of defining a $p$-adic string worldsheet action in genus one, we define a Laplacian operator on the Tate curve, and study its Green's function. We show that the Green's function exists. We provide an explicit formula for the Green's function, which turns out to be a non-Arc"
461,,On a new filtration of the variational bicomplex,Siye Wu; Haoran Yang,2025,arXiv,,,,,0,0.000,0.000,,http://arxiv.org/abs/2512.24931v1,https://arxiv.org/pdf/2512.24931v1,arxiv,,"We define a filtration on the variational bicomplex according to jet order. The filtration is preserved by the interior Euler operator, which is not a module homomorphism with respect to the ring of smooth functions on the jet space. However, the induced maps on the graded components of this filtrat"
462,,Introduction to black hole thermodynamics,Pietro Benetti Genolini,2025,arXiv,,,,,0,0.000,0.000,,http://arxiv.org/abs/2512.24929v1,https://arxiv.org/pdf/2512.24929v1,arxiv,,"These are the lecture notes for a course at the ""Roberto Salmeron School in Mathematical Physics"" held at the University of Brasilia in September 2025, to be published in the proceedings book ""Modern topics in mathematical physics."" The course provides a concise and biased introduction to black hole"
463,,A finite element approach for minimizing line and surface energies arising in the study of singularities in liquid crystals,Dominik Stantejsky,2025,arXiv,,,,,0,0.000,0.000,,http://arxiv.org/abs/2512.24928v1,https://arxiv.org/pdf/2512.24928v1,arxiv,,"Motivated by a problem originating in the study of defect structures in nematic liquid crystals, we describe and study a numerical algorithm for the resolution of a Plateau-like problem. The energy contains the area of a two-dimensional surface $T$ and the length of its boundary $\partial T$ reduced"
464,,A Pontryagin Maximum Principle on the Belief Space for Continuous-Time Optimal Control with Discrete Observations,Christian Bayer; Saifeddine Ben naamia; Erik von Schwerin; Raul Tempone,2025,arXiv,,,,,0,0.000,0.000,,http://arxiv.org/abs/2512.24916v1,https://arxiv.org/pdf/2512.24916v1,arxiv,,"We study a continuous time stochastic optimal control problem under partial observations that are available only at discrete time instants. This hybrid setting, with continuous dynamics and intermittent noisy measurements, arises in applications ranging from robotic exploration and target tracking t"
465,,Manifold learning and optimization using tangent space proxies,Ryan A. Robinett; Lorenzo Orecchia; Samantha J. Riesenfeld,2025,CoRR,,,,,0,0.000,0.000,10.48550/ARXIV.2501.12678,https://dblp.org/rec/journals/corr/abs-2501-12678,,dblp,,
466,,Learning to Solve Multiresolution Matrix Factorization by Manifold Optimization and Evolutionary Metaheuristics,Truong Son Hy; Thieu Khang; Risi Kondor,2024,CoRR,,,,,0,0.000,0.000,10.48550/ARXIV.2406.00469,https://dblp.org/rec/journals/corr/abs-2406-00469,,dblp,,
467,,Cross-Scenario Interpretable Prediction of Coal Mine Water Inrush Probability: An Integrated Approach Driven by Gaussian Mixture Modeling with Manifold Learning and Metaheuristic Optimization,Qiushuang Zheng; Changfeng Wang,2025,Symmetry,,,,,0,0.000,0.000,10.3390/SYM17071111,https://dblp.org/rec/journals/symmetry/ZhengW25,,dblp,,
468,,Learning Design-Score Manifold to Guide Diffusion Models for Offline Optimization,Tailin Zhou; Zhilin Chen; Wenlong Lyu; Zhitang Chen; Danny H. K. Tsang,2025,CoRR,,,,,0,0.000,0.000,10.48550/ARXIV.2506.05680,https://dblp.org/rec/journals/corr/abs-2506-05680,,dblp,,
469,,Learning Geometry: A Framework for Building Adaptive Manifold Models through Metric Optimization,Di Zhang,2025,CoRR,,,,,0,0.000,0.000,10.48550/ARXIV.2510.26068,https://dblp.org/rec/journals/corr/abs-2510-26068,,dblp,,
470,,Semi-supervised metric learning incorporating weighted triplet constraint and Riemannian manifold optimization for classification,Yizhe Xia; Hongjuan Zhang,2024,Mach. Vis. Appl.,,,,,0,0.000,0.000,10.1007/S00138-024-01581-9,https://dblp.org/rec/journals/mva/XiaZ24,,dblp,,
471,,Learning-Rate-Free Stochastic Optimization over Riemannian Manifolds,Daniel Dodd; Louis Sharrock; Christopher Nemeth,2024,ICML,,,,,0,0.000,0.000,,https://dblp.org/rec/conf/icml/DoddSN24,,dblp,,
472,,&lt;b&gt;CryoDECO: Deconstructing Compositional and Conformational Heterogeneity in Cryo-EM with Foundation Model Priors&lt;/b&gt;,Yan Yang; Yanwanyu Xi; Shiqi Fan; Ziyun Tang; Fajie Yuan,2025,,,,,,0,0.000,0.000,10.65215/ltspreprints.2025.12.30.000075,https://openalex.org/W7117738731,https://langtaosha.org.cn/index.php/lts/preprint/download/75/353,openalex,,"Resolving compositional and conformational heterogeneity remains a fundamental bottleneck in single-particle cryo-EM. This challenge stems from a circular dependency: classification requires reliable references, while reference generation requires accurate classification. Current deep learning metho"
473,,A DeepSeek cross-modal platform for personalized art education in Autism Spectrum Disorder,Yaoyao Ding; Zichang Li; Yuntao Zou; Xiao Dong,2025,Scientific Reports,,,,,0,0.000,0.000,10.1038/s41598-025-28518-0,https://openalex.org/W7117462007,https://doi.org/10.1038/s41598-025-28518-0,openalex,,"Abstract Educational inequity in arts learning disproportionately marginalizes students with Autism Spectrum Disorder (ASD), who require structured, predictable environments for aesthetic development and sensory regulation that traditional pedagogies fail to provide. This study introduces an AI-powe"
474,,Stone Cube Realization of Universiality,Travis Raymond-Charlie Stone,2025,Zenodo (CERN European Organization for Nuclear Research),,,,,0,0.000,0.000,10.5281/zenodo.18072421,https://openalex.org/W7117447360,https://doi.org/10.5281/zenodo.18072421,openalex,,"Stone Cube with Universiality as an intelligent system The Stone Cube is defined as a closed volumetric construct in which extent, state, and evaluation are inseparable. The cube represents a bounded region of space whose interior is fully self contained and whose boundary does not permit net transf"
475,,Recursive Harmonic Intelligence: A Unified Field Theory for Geometric AI Training and Manifold Navigation,Dean Kulik,2025,Zenodo (CERN European Organization for Nuclear Research),,,,,0,0.000,0.000,10.5281/zenodo.18073314,https://openalex.org/W7117478485,https://doi.org/10.5281/zenodo.18073314,openalex,,Recursive Harmonic Intelligence: A Unified Field Theory for Geometric AI Training and Manifold Navigation Driven by Dean Kulik December 2025 Executive Summary This research report presents a comprehensive theoretical and architectural framework for reconceptualizing Artificial Intelligence (AI) trai
476,,Parallel Diffusion Solver via Residual Dirichlet Policy Optimization,Ruoyu Wang; Ziyu Li; Beier Zhu; Liangyu Yuan; Hanwang Zhang,2025,arXiv (Cornell University),,,,,0,0.000,0.000,10.48550/arxiv.2512.22796,https://openalex.org/W7117709141,https://doi.org/10.48550/arxiv.2512.22796,openalex,,"Diffusion models (DMs) have achieved state-of-the-art generative performance but suffer from high sampling latency due to their sequential denoising nature. Existing solver-based acceleration methods often face significant image quality degradation under a low-latency budget, primarily due to accumu"
477,,Vehicle-Behavior-Recognition,Fei Wang,2025,Zenodo (CERN European Organization for Nuclear Research),,,,,0,0.000,0.000,10.5281/zenodo.18065400,https://openalex.org/W7117406265,https://doi.org/10.5281/zenodo.18065400,openalex,,"# Article **Vehicle Behavior Recognition and Decision Optimization for Intelligent Driving** ## Description The project ""Vehicle Behavior Recognition and Decision Optimization for Intelligent Driving"" aims to enhance the capabilities of intelligent driving systems by addressing the challenges of veh"
478,,Gradient Dynamics of Attention: How Cross-Entropy Sculpts Bayesian Manifolds,Naman Aggarwal; Siddhartha R. Dalal; Vishal Misra,2025,arXiv (Cornell University),,,,,0,0.000,0.000,10.48550/arxiv.2512.22473,https://openalex.org/W7117651376,https://doi.org/10.48550/arxiv.2512.22473,openalex,,"Transformers empirically perform precise probabilistic reasoning in carefully constructed ``Bayesian wind tunnels'' and in large-scale language models, yet the mechanisms by which gradient-based learning creates the required internal geometry remain opaque. We provide a complete first-order analysis"
479,,Adaptive Robotic Control via Nested Learning: Real-Time Recovery from Unmodeled Dynamics,Sarath Chandiran M,2025,International Journal for Research in Applied Science and Engineering Technology,,,,,0,0.000,0.000,10.22214/ijraset.2025.76573,https://openalex.org/W7117293443,https://doi.org/10.22214/ijraset.2025.76573,openalex,,"Bridging the gap between simulation-trained DRL controllers and deployed robotic actuators remains an open engineering challenge due to unmodeled dynamics and sensing mismatch. Simulators provide reproducible training data and safe iteration, but their physics fidelity is limited: non-linear and tim"
480,,Multi-Modal-Sentiment-Analysis,Xingsong Jiang,2025,Zenodo (CERN European Organization for Nuclear Research),,,,,0,0.000,0.000,10.5281/zenodo.18014471,https://openalex.org/W7116967695,https://doi.org/10.5281/zenodo.18014471,openalex,,"# Article **Multi-Modal Sentiment Analysis in Social Media Using Attention-Based Fusion of Text, Audio, and Visual Features** ## Description The project ""Multi-Modal Sentiment Analysis in Social Media Using Attention-Based Fusion of Text, Audio, and Visual Features"" aims to enhance sentiment predict"
481,,Gaussian-Mixture-Model Q-Functions for Policy Iteration in Reinforcement Learning,Minh N. Vu; Konstantinos Slavakis,2025,arXiv (Cornell University),,,,,0,0.000,0.000,10.48550/arxiv.2512.18763,https://openalex.org/W7117125037,https://doi.org/10.48550/arxiv.2512.18763,openalex,,"Unlike their conventional use as estimators of probability density functions in reinforcement learning (RL), this paper introduces a novel function-approximation role for Gaussian mixture models (GMMs) as direct surrogates for Q-function losses. These parametric models, termed GMM-QFs, possess subst"
482,,SCAR: Semantic Cardiac Adversarial Representation via Spatiotemporal Manifold Optimization in ECG,Shunbo Jia; Caizhi Liao,2025,arXiv (Cornell University),,,,,0,0.000,0.000,10.48550/arxiv.2512.17423,https://openalex.org/W7116834255,https://doi.org/10.48550/arxiv.2512.17423,openalex,,"Deep learning models for Electrocardiogram (ECG) analysis have achieved expert-level performance but remain vulnerable to adversarial attacks. However, applying Universal Adversarial Perturbations (UAP) to ECG signals presents a unique challenge: standard imperceptible noise constraints (e.g., 10 uV"
483,,Both Semantics and Reconstruction Matter: Making Representation Encoders Ready for Text-to-Image Generation and Editing,Shilong Zhang; He Zhang; Zhifei Zhang; Chongjian Ge; Shuchen Xue,2025,arXiv (Cornell University),,,,,0,0.000,0.000,10.48550/arxiv.2512.17909,https://openalex.org/W7116915969,https://doi.org/10.48550/arxiv.2512.17909,openalex,,"Modern Latent Diffusion Models (LDMs) typically operate in low-level Variational Autoencoder (VAE) latent spaces that are primarily optimized for pixel-level reconstruction. To unify vision generation and understanding, a burgeoning trend is to adopt high-dimensional features from representation enc"
484,,Latent Sculpting for Zero-Shot Generalization: A Manifold Learning Approach to Out-of-Distribution Anomaly Detection,Rajeeb Thapa Chhetri; Zhixiong Chen; Saurab Thapa,2025,arXiv (Cornell University),,,,,0,0.000,0.000,10.48550/arxiv.2512.22179,https://openalex.org/W7117682487,https://doi.org/10.48550/arxiv.2512.22179,openalex,,"A fundamental limitation of supervised deep learning in high-dimensional tabular domains is ""Generalization Collapse"": models learn precise decision boundaries for known distributions but fail catastrophically when facing Out-of-Distribution (OOD) data. We hypothesize that this failure stems from th"
485,,Can LLMs Guide Their Own Exploration? Gradient-Guided Reinforcement Learning for LLM Reasoning,"Liang, Zhenwen; Lu, Sidi; Yu, Wenhao; Panaganti, Kishan; Zhou, Yujun",2025,arXiv (Cornell University),,,,,0,0.000,0.000,10.48550/arxiv.2512.15687,https://openalex.org/W7116076707,https://doi.org/10.48550/arxiv.2512.15687,openalex,,"Reinforcement learning has become essential for strengthening the reasoning abilities of large language models, yet current exploration mechanisms remain fundamentally misaligned with how these models actually learn. Entropy bonuses and external semantic comparators encourage surface level variation"
486,,MSSL: Manifold Geometry-Leveraged Self-Supervised Learning for Hyperspectral Image Classification,Chengjie Guo; Hong Huang; Zhengying Li; Tao Wang,2025,Electronics,,,,,0,0.000,0.000,10.3390/electronics14244935,https://openalex.org/W4417383429,https://doi.org/10.3390/electronics14244935,openalex,,"Deep learning (DL), a hierarchical feature extraction method, has garnered increasing attention in the remote sensing community. Recently, self-supervised learning (SSL) methods in DL have gained wide recognition due to their ability to mitigate the dependence on both the quantity and quality of sam"
487,,Entropy Collapse: A Universal Failure Mode of Intelligent Systems,Truong Xuan Khanh; Truong Quynh Hoa,2025,arXiv (Cornell University),,,,,0,0.000,0.000,10.48550/arxiv.2512.12381,https://openalex.org/W4417448634,https://arxiv.org/pdf/2512.12381,openalex,,"Intelligent systems are widely assumed to improve through learning, coordination, and optimization. However, across domains -- from artificial intelligence to economic institutions and biological evolution -- increasing intelligence often precipitates paradoxical degradation: systems become rigid, l"
488,,Structural Coupling in Human–AI Interaction,"Stone, Shane Edward",2025,Zenodo (CERN European Organization for Nuclear Research),,,,,0,0.000,0.000,10.5281/zenodo.17919552,https://openalex.org/W7115063594,https://doi.org/10.5281/zenodo.17919552,openalex,,"Human–AI interaction is commonly modeled as a unidirectional process in which static human input conditions an otherwise autonomous artificial system. Such models implicitly treat the human as noise, preference, or intent, rather than as a persistent structural influence on the interaction itself. I"
489,,SpectralKrum: A Spectral-Geometric Defense Against Byzantine Attacks in Federated Learning,"Tripathi, Aditya; Sharma, Karan; Mishra, Rahul; Maiti, Tapas Kumar",2025,arXiv (Cornell University),,,,,0,0.000,0.000,10.48550/arxiv.2512.11760,https://openalex.org/W7115556868,https://doi.org/10.48550/arxiv.2512.11760,openalex,,"Federated Learning (FL) distributes model training across clients who retain their data locally, but this architecture exposes a fundamental vulnerability: Byzantine clients can inject arbitrarily corrupted updates that degrade or subvert the global model. While robust aggregation methods (including"
490,,Bhargava Cube--Inspired Quadratic Regularization for Structured Neural Embeddings,"Sairam, S; Kulkarni, Prateek P",2025,arXiv (Cornell University),,,,,0,0.000,0.000,10.48550/arxiv.2512.11392,https://openalex.org/W7115571257,https://doi.org/10.48550/arxiv.2512.11392,openalex,,We present a novel approach to neural representation learning that incorporates algebraic constraints inspired by Bhargava cubes from number theory. Traditional deep learning methods learn representations in unstructured latent spaces lacking interpretability and mathematical consistency. Our framew
491,,Learning to Evolve with Convergence Guarantee via Neural Unrolling,"Gao, Jiaxin; Liu, Yaohua; Cheng, Ran; Tan, Kay Chen",2025,arXiv (Cornell University),,,,,0,0.000,0.000,10.48550/arxiv.2512.11453,https://openalex.org/W7115583248,https://doi.org/10.48550/arxiv.2512.11453,openalex,,"The transition from hand-crafted heuristics to data-driven evolutionary algorithms faces a fundamental dilemma: achieving neural plasticity without sacrificing mathematical stability. Emerging learned optimizers demonstrate high adaptability. However, they often lack rigorous convergence guarantees."
492,,Edit3r: Instant 3D Scene Editing from Sparse Unposed Images,Jiageng Liu; Weijie Lyu; Xueting Li; Yejie Guo; Ming-Hsuan Yang,2025,arXiv,,,,,0,0.000,0.000,,http://arxiv.org/abs/2512.25071v1,https://arxiv.org/pdf/2512.25071v1,arxiv,,"We present Edit3r, a feed-forward framework that reconstructs and edits 3D scenes in a single pass from unposed, view-inconsistent, instruction-edited images. Unlike prior methods requiring per-scene optimization, Edit3r directly predicts instruction-aligned 3D edits, enabling fast and photorealisti"
493,,Vulcan: Instance-Optimal Systems Heuristics Through LLM-Driven Search,Rohit Dwivedula; Divyanshu Saxena; Sujay Yadalam; Daehyeok Kim; Aditya Akella,2025,arXiv,,,,,0,0.000,0.000,,http://arxiv.org/abs/2512.25065v1,https://arxiv.org/pdf/2512.25065v1,arxiv,,"Resource-management tasks in modern operating and distributed systems continue to rely primarily on hand-designed heuristics for tasks such as scheduling, caching, or active queue management. Designing performant heuristics is an expensive, time-consuming process that we are forced to continuously g"
494,,AdaGReS:Adaptive Greedy Context Selection via Redundancy-Aware Scoring for Token-Budgeted RAG,Chao Peng; Bin Wang; Zhilei Long; Jinfang Sheng,2025,arXiv,,,,,0,0.000,0.000,,http://arxiv.org/abs/2512.25052v1,https://arxiv.org/pdf/2512.25052v1,arxiv,,"Retrieval-augmented generation (RAG) is highly sensitive to the quality of selected context, yet standard top-k retrieval often returns redundant or near-duplicate chunks that waste token budget and degrade downstream generation. We present AdaGReS, a redundancy-aware context selection framework for"
495,,Extreme nonlinear optics in optical fibers,Mario Ferraro; Bertrand Kibler; Pierre Béjot; Frédéric Gérome; Benoit Debord,2025,arXiv,,,,,0,0.000,0.000,,http://arxiv.org/abs/2512.25046v1,https://arxiv.org/pdf/2512.25046v1,arxiv,,"This paper reviews the field of extreme nonlinear optics in optical fibers, highlighting key phenomena and advancements. It discusses multiple ionization effects caused by femtosecond laser pulses that generate plasma and induce permanent material modifications, as well as plasma luminescence and it"
496,,Bayesian Elastic Net Regression with Structured Prior Dependence,Christopher M. Hans; Ningyi Liu,2025,arXiv,,,,,0,0.000,0.000,,http://arxiv.org/abs/2512.25045v1,https://arxiv.org/pdf/2512.25045v1,arxiv,,"Many regularization priors for Bayesian regression assume the regression coefficients are a priori independent. In particular this is the case for standard Bayesian treatments of the lasso and the elastic net. While independence may be reasonable in some data-analytic settings, incorporating depende"
497,,Computational Analysis of Disease Progression in Pediatric Pulmonary Arterial Hypertension,Omar Said; Christopher Tossas-Betancourt; Mary K. Olive; Jimmy C. Lu; Adam Dorfman,2025,arXiv,,,,,0,0.000,0.000,,http://arxiv.org/abs/2512.25027v1,https://arxiv.org/pdf/2512.25027v1,arxiv,,"Pulmonary arterial hypertension (PAH) is a progressive cardiopulmonary disease that leads to increased pulmonary pressures, vascular remodeling, and eventual right ventricular (RV) failure. Pediatric PAH remains understudied due to limited data and the lack of targeted diagnostic and therapeutic str"
498,,Modeling Language as a Sequence of Thoughts,Nasim Borazjanizadeh; James McClelland,2025,arXiv,,,,,0,0.000,0.000,,http://arxiv.org/abs/2512.25026v1,https://arxiv.org/pdf/2512.25026v1,arxiv,,"Transformer language models can generate strikingly natural text by modeling language as a sequence of tokens. Yet, by relying primarily on surface-level co-occurrence statistics, they fail to form globally consistent latent representations of entities and events, lack of which contributes to brittl"
499,,Strategies for Overcoming Gradient Troughs in the ADAPT-VQE Algorithm,Jonas Stadelmann; Julian Übelher; Mafalda Ramôa; Bharath Sambasivam; Edwin Barnes,2025,arXiv,,,,,0,0.000,0.000,,http://arxiv.org/abs/2512.25004v1,https://arxiv.org/pdf/2512.25004v1,arxiv,,"The adaptive derivative-assembled problem-tailored variational quantum eigensolver (ADAPT-VQE) provides a promising approach for simulating highly correlated quantum systems on quantum devices, as it strikes a balance between hardware efficiency, trainability, and accuracy. Although ADAPT-VQE avoids"
500,,Numerical study of boson mixtures with multi-component continuous matrix product states,Wei Tang; Benoît Tuybens; Jutho Haegeman,2025,arXiv,,,,,0,0.000,0.000,,http://arxiv.org/abs/2512.24998v1,https://arxiv.org/pdf/2512.24998v1,arxiv,,"The continuous matrix product state (cMPS) ansatz is a promising numerical tool for studying quantum many-body systems in continuous space. Although it provides a clean framework that allows one to directly simulate continuous systems, the optimization of cMPS is known to be a very challenging task,"
501,,PhysTalk: Language-driven Real-time Physics in 3D Gaussian Scenes,Luca Collorone; Mert Kiray; Indro Spinelli; Fabio Galasso; Benjamin Busam,2025,arXiv,,,,,0,0.000,0.000,,http://arxiv.org/abs/2512.24986v1,https://arxiv.org/pdf/2512.24986v1,arxiv,,"Realistic visual simulations are omnipresent, yet their creation requires computing time, rendering, and expert animation knowledge. Open-vocabulary visual effects generation from text inputs emerges as a promising solution that can unlock immense creative potential. However, current pipelines lack "
502,,Hierarchical Deformation Planning and Neural Tracking for DLOs in Constrained Environments,Yunxi Tang; Tianqi Yang; Jing Huang; Xiangyu Chu; Kwok Wai Samuel Au,2025,arXiv,,,,,0,0.000,0.000,,http://arxiv.org/abs/2512.24974v1,https://arxiv.org/pdf/2512.24974v1,arxiv,,"Deformable linear objects (DLOs) manipulation presents significant challenges due to DLOs' inherent high-dimensional state space and complex deformation dynamics. The wide-populated obstacles in realistic workspaces further complicate DLO manipulation, necessitating efficient deformation planning an"
503,,Fair Committee Selection under Ordinal Preferences and Limited Cardinal Information,Ameet Gadekar; Aristides Gionis; Suhas Thejaswi; Sijing Tu,2025,arXiv,,,,,0,0.000,0.000,,http://arxiv.org/abs/2512.24934v1,https://arxiv.org/pdf/2512.24934v1,arxiv,,"We study the problem of fair $k$-committee selection under an egalitarian objective. Given $n$ agents partitioned into $m$ groups (\eg, demographic quotas), the goal is to aggregate their preferences to form a committee of size $k$ that guarantees minimum representation from each group while minimiz"
504,,Hybrid Lithology Identification Method Based on Isometric Feature Mapping Manifold Learning and Particle Swarm Optimization-Optimized LightGBM,Guo Wang; Song Deng; Shuguo Xu; Chaowei Li; Wan Wei,2024,Processes,,,,,1,0.000,0.000,10.3390/pr12081593,https://www.semanticscholar.org/paper/f62081e4e3a7afa62dc6603925917fde5413baf0,https://www.mdpi.com/2227-9717/12/8/1593/pdf?version=1722261126,semantic_scholar,,"Accurate identification of lithology in petroleum engineering is very important for oil and gas reservoir evaluation, drilling decisions, and petroleum geological exploration. Using a cross-plot to identify lithology only considers two logging parameters, causing the accuracy of lithology identifica"
505,,Efficient aerodynamic shape optimization by using unsupervised manifold learning to filter geometric features,Long Ma; Xiaojing Wu; Wei-Wei Zhang,2024,Engineering Applications of Computational Fluid Mechanics,,,,,11,0.000,0.000,10.1080/19942060.2024.2384465,https://www.semanticscholar.org/paper/605141dfb1e7ba03924d0c10ddbae260766010f1,https://www.tandfonline.com/doi/pdf/10.1080/19942060.2024.2384465?needAccess=true,semantic_scholar,,"Many aerodynamic shape optimization methods often focus on utilizing the end-to-end relationship between design variables and aerodynamic performance to find the optimal design, while overlooking the exploration of geometric knowledge of the shape itself. To fully use geometric knowledge to improve "
506,,Surrogate-assisted differential evolution using manifold learning-based sampling for high dimensional expensive constrained optimization problems,Teng Long; Nianhui Ye; Rong Chen; Renhe Shi; Baoshou Zhang,2024,Chinese Journal of Aeronautics,,,,,6,0.000,0.000,10.1016/j.cja.2024.03.026,https://www.semanticscholar.org/paper/ef6f6dad12e62482a6ca633e224bef232eca5caa,https://doi.org/10.1016/j.cja.2024.03.026,semantic_scholar,,
507,,Enhancing Knowledge Transfer in the EMTO with Manifold Learning and Reinforcement Learning,Zhaoqi Wang; Lei Wang; Qiaoyong Jiang; Xinhui Duan,2025,IEEE Congress on Evolutionary Computation,,,,,0,0.000,0.000,10.1109/CEC65147.2025.11043124,https://www.semanticscholar.org/paper/497862614acead2717af4961a6d7e485ce230357,,semantic_scholar,,Evolutionary multitask optimization (EMTO) algorithms are a new paradigm in the field of evolutionary algorithm. They can simultaneously handle two or more optimization problems in a single run. Knowledge transfer is the core of this algorithmic framework. Although existing EMTO algorithms are worki
508,,Robust Beamforming for RIS-Aided Communications: Gradient-Based Manifold Meta Learning,Fenghao Zhu; Xinquan Wang; Chongwen Huang; Zhaohui Yang; Xiaoming Chen,2024,IEEE Transactions on Wireless Communications,,,,,75,0.000,0.000,10.1109/TWC.2024.3435023,https://www.semanticscholar.org/paper/2be63f81ae867082dcb7f94fd8c0aa2ac3ee6e25,http://arxiv.org/pdf/2402.10626,semantic_scholar,,"Reconfigurable intelligent surface (RIS) has become a promising technology to realize the programmable wireless environment via steering the incident signal in fully customizable ways. However, a major challenge in RIS-aided communication systems is the simultaneous design of the precoding matrix at"
509,,An intelligent reliability-based design optimization of complex engineering structures using manifold learning-enhanced surrogate modeling,Hang Zhou; Yimin Shen; Song Chen; Xiaoping Jing,2025,Advances in Mechanical Engineering,,,,,0,0.000,0.000,10.1177/16878132251395799,https://www.semanticscholar.org/paper/3dd85617c67505caea387d1dbae3979845e70671,,semantic_scholar,,"With the increasing integration of computer science and engineering optimization, the capabilities of advanced machine learning in data processing and surrogate modeling for complex simulations have provided a transformative development direction for enhancing the computational performance of reliab"
510,,Optimization of Manifold Learning Using Differential Geometry for 3D Reconstruction in Computer Vision,Yawen Wang,2025,Mathematics,,,,,0,0.000,0.000,10.3390/math13172771,https://www.semanticscholar.org/paper/2d66c7bd83e5e856ffad8a01776c394b0ed02855,,semantic_scholar,,"Manifold learning is a significant computer vision task used to describe high-dimensional visual data in lower-dimensional manifolds without sacrificing the intrinsic structural properties required for 3D reconstruction. Isomap, Locally Linear Embedding (LLE), Laplacian Eigenmaps, and t-SNE are help"
511,,Manifold Learning for Aerodynamic Shape Design Optimization,Boda Zheng; Abhijith Moni; Weigang Yao; Min Xu,2025,Aerospace,,,,,5,0.000,0.000,10.3390/aerospace12030258,https://www.semanticscholar.org/paper/4563578342c5d64b203e02f77e56a1a8fd6c6c8b,,semantic_scholar,,"The significant computational cost incurred due to the iterative nature of Computational Fluid Dynamics (CFD) in traditional aerodynamic shape design frameworks poses a major challenge, especially in the context of modern integrated design requirements and increasingly complex design conditions. To "
512,,Total variational neighborhood optimization in LLE manifold learning for acoustic feature extraction,Jingke Liu; Zhihong Liu; Hairui Zhang; Kaiye Zhang,2025,"Conference on Image, Signal Processing, and Pattern Recognition",,,,,0,0.000,0.000,10.1117/12.3070733,https://www.semanticscholar.org/paper/91c2dfb8bdaf9d0013d17287a83adcf146f98d00,,semantic_scholar,,
513,,A Hierarchical Evolutionary Search Framework with Manifold Learning for Powertrain Optimization of Flying Vehicles,Cheng-Yao Lyu; Nuo Lei; Chaoyi Chen; Hao Zhang,2025,Energies,,,,,0,0.000,0.000,10.3390/en18133350,https://www.semanticscholar.org/paper/c56d67aa393a0dc2ec5698a998b79e9c4795a67d,,semantic_scholar,,"Hybrid electric vertical take-off and landing (HEVTOL) flying vehicles serve as effective platforms for efficient transportation, forming a cornerstone of the emerging low-altitude economy. However, the current lack of co-optimization methods for powertrain component sizing and energy controller des"
514,,Efficient Pareto Manifold Learning with Low-Rank Structure,Weiyu Chen; James T. Kwok,2024,International Conference on Machine Learning,,,,,9,0.000,0.000,10.48550/arXiv.2407.20734,https://www.semanticscholar.org/paper/767f44cb7f1de56c09a248c4c75c32a1cd082da8,,semantic_scholar,,"Multi-task learning, which optimizes performance across multiple tasks, is inherently a multi-objective optimization problem. Various algorithms are developed to provide discrete trade-off solutions on the Pareto front. Recently, continuous Pareto front approximations using a linear combination of b"
515,,An Intelligent Control Framework for High-Power EV Fast Charging via Contrastive Learning and Manifold-Constrained Optimization,Hao Tian; Tao Yan; Guangwu Dai; Min Wang; Xuejian Zhao,2025,World Electric Vehicle Journal,,,,,0,0.000,0.000,10.3390/wevj16100562,https://www.semanticscholar.org/paper/080c3ef3a2738410e0ec4c9f4114befd26eb4055,,semantic_scholar,,"To address the complex trade-offs among charging efficiency, battery lifespan, energy efficiency, and safety in high-power electric vehicle (EV) fast charging, this paper presents an intelligent control framework based on contrastive learning and manifold-constrained multi-objective optimization. A "
516,,Automatic Segmentation of Organs-At-Risk and Clinical Target Volume for Cervical Cancer Using Manifold Learning,Chenyu Zuo; Runhong Lei; Xi Liu; Kai Niu; Zhiqiang He,2024,IEEE International Joint Conference on Neural Network,,,,,1,0.000,0.000,10.1109/IJCNN60899.2024.10650077,https://www.semanticscholar.org/paper/1961bb9378b2d81c6bbebc7888621046f61389f0,,semantic_scholar,,"Automatic segmentation of Organs-At-Risk (OARs) and Clinical Target Volume(CTV) is crucial for the radiotherapy treatment planning of cervical cancer. This task is challenging due to the variation in sizes, shapes, and positions as well as the similar textures among the OARs and CTV. In this paper, "
517,,Optimizing URL Phishing Detection: A Manifold Learning Approach with an Efficient Neural Network Focused on Reducing Computational Cost,V. M,2024,"2024 IEEE International Students' Conference on Electrical, Electronics and Computer Science (SCEECS)",,,,,0,0.000,0.000,10.1109/SCEECS61402.2024.10482207,https://www.semanticscholar.org/paper/5672a2951c5df65a60a19e2bd0126e2c82f502ed,,semantic_scholar,,The growing number of phishing attacks is one of the top concerns of cybersecurity researchers. Cryptographic methods are not reliable in stopping phishing attacks because they manipulate the users into thinking it is safe to access a web link. This results in compromise of sensitive information. Re
518,,"Integrated CFD, machine learning, and genetic algorithm optimization of metal foam manifold cold plates for energy storage battery thermal management",Kaiwen Bai; Zixuan Zhai; Yantao Wu; Changchang Zhang; Hanwen Zhang,2025,Energy Reports,,,,,0,0.000,0.000,10.1016/j.egyr.2025.12.004,https://www.semanticscholar.org/paper/2dff00d064d11b988ec3339e9fc2417ba442befe,,semantic_scholar,,
519,,Video stabilization based on deep learning and manifold optimization,Zhe Jiao; Xiangchu Feng; Yang Yang; Hailong Zhu,2025,"Conference on Image, Signal Processing, and Pattern Recognition",,,,,0,0.000,0.000,10.1117/12.3070852,https://www.semanticscholar.org/paper/1cc4de8dcdfa2ced7082a7f46f1957604b425b71,,semantic_scholar,,"As a crucial preprocessing step for mobile vision applications, video stabilization technology often suffers from issues such as interference from dynamic objects and motion estimation distortions caused by the coupling of complex backgrounds in scenarios like drone aerial photography and handheld s"
520,,Solving Dynamic Multiobjective Optimization Problems via Feedback-Guided Transfer and Trend Manifold Prediction,Yong Wang; Kuichao Li; Gaige Wang; Dunwei Gong; Keqin Li,2024,"IEEE Transactions on Systems, Man, and Cybernetics: Systems",,,,,8,0.000,0.000,10.1109/TSMC.2024.3443143,https://www.semanticscholar.org/paper/503768b2d2fe8c6f573a6e8721240fe73388d64a,,semantic_scholar,,"Solving dynamic multiobjective optimization problems (DMOPs) is very challenging due to the requirements to respond rapidly and precisely to changes in an environment. Many prediction- and memory-based algorithms have been recently proposed for meeting these requirements. However, much useful knowle"
521,,Nonlinear Eigen-approach ADMM for Sparse Optimization on Stiefel Manifold,Jiawei Wang; Ren-Cang Li; Richard Yi Da Xu,2024,,,,,,0,0.000,0.000,,https://www.semanticscholar.org/paper/86b67d398cb778c49186f1ac648ccc81bad37baa,,semantic_scholar,,"With the growing interest and applications in machine learning and data science, finding an efficient method to sparse analysis the high-dimensional data and optimizing a dimension reduction model to extract lower dimensional features has becoming more and more important. Orthogonal constraints (Sti"
522,,High-Dimensional Bayesian Optimization via Random Projection of Manifold Subspaces,Hoang-Phuc Nguyen-Dinh; The Hung Tran; Hung The Tran,2024,ECML/PKDD,,,,,2,0.000,0.000,10.1007/978-3-031-70371-3_17,https://www.semanticscholar.org/paper/ac978c9fb60115068cef7b62619afc55e96b66c0,,semantic_scholar,,"Bayesian Optimization (BO) is a popular approach to optimizing expensive-to-evaluate black-box functions. Despite the success of BO, its performance may decrease exponentially as the dimensionality increases. A common framework to tackle this problem is to assume that the objective function depends "
523,,Structured Regularization for Constrained Optimization on the SPD Manifold,Andrew Cheng; Melanie Weber,2024,arXiv.org,,,,,1,0.000,0.000,10.48550/arXiv.2410.09660,https://www.semanticscholar.org/paper/b1e3efaa910d0e0a80dc57a60058a9149a3aec72,,semantic_scholar,,"Matrix-valued optimization tasks, including those involving symmetric positive definite (SPD) matrices, arise in a wide range of applications in machine learning, data science and statistics. Classically, such problems are solved via constrained Euclidean optimization, where the domain is viewed as "
524,,Design Optimization of Manifold Microchannel Heat Sink using Evolutionary Algorithms,V. Gulia; Aniket Nargundkar,2024,E3S Web of Conferences,,,,,1,0.000,0.000,10.1051/e3sconf/202455902001,https://www.semanticscholar.org/paper/0dadb3e78cbf58d8e5de3bc69643b2618abfdaf4,,semantic_scholar,,"In today’s world, miniaturized products are proved to be the dis-ruptive technologies contributing to the sustainability through green energy. Microchannel heat sink (MCHS) is an advanced cooling device to accom-plish the cooling requirements for such miniaturized products through sus-tainable appro"
525,,SpaceMesh: A Continuous Representation for Learning Manifold Surface Meshes,Tianchang Shen; Zhaoshuo Li; Marc T. Law; Matan Atzmon; Sanja Fidler,2024,ACM SIGGRAPH Conference and Exhibition on Computer Graphics and Interactive Techniques in Asia,,,,,11,0.000,0.000,10.1145/3680528.3687634,https://www.semanticscholar.org/paper/a67c58a418c7d3779378b6496d8fd1ef48986f24,https://dl.acm.org/doi/pdf/10.1145/3680528.3687634,semantic_scholar,,"Meshes are ubiquitous in visual computing and simulation, yet most existing machine learning techniques represent meshes only indirectly, e.g. as the level set of a scalar field or deformation of a template, or as a disordered triangle soup lacking local structure. This work presents a scheme to dir"
526,,Manifold Learning for Indoor CSI Localization: Boosted Isomap & SVM,Pengyu Zhou; Xudong Zhou; Qiang Li,2025,Proceedings of the 2nd International Conference on Machine Intelligence and Digital Applications,,,,,0,0.000,0.000,10.1145/3744464.3744480,https://www.semanticscholar.org/paper/3b6497ceda3f4195e7c4c142bed1747a2f31fc7c,,semantic_scholar,,This paper addresses the critical challenge of accurate indoor localization in complex signal environments through a novel integration of manifold learning and machine learning techniques. We propose a real-time system leveraging Wi-Fi Channel State Information (CSI) that combines optimized Isomap d
527,,iAVP-RFVOT: Identify Antiviral Peptides by Random Forest Voting Machine Learning with Unified Manifold Learning Embedded Features.,Haotian Wang; Rujun Li; Qiunan Yu; Liangzhen Jiang; Ximei Luo,2025,Biochemistry,,,,,1,0.000,0.000,10.1021/acs.biochem.5c00237,https://www.semanticscholar.org/paper/4382d4dda5949f3f05a61214b5f9dd79d2ca0b8e,,semantic_scholar,,"Viruses are transmitted through multiple routes and can cause a wide range of diseases. Antiviral peptides (AVPs) have emerged as a cost-effective and low-side-effect strategy for combating viral infections. However, identifying antiviral peptides experimentally is both resource-intensive and time-c"
528,,Maximum Covariance Unfolding: A Novel Covariate-Based Manifold Learning Approach for Point Cloud Regression,Qian Wang; K. Paynabar,2025,INFORMS Journal on Data Science,,,,,0,0.000,0.000,10.1287/ijds.2024.0043,https://www.semanticscholar.org/paper/7d8e6fa4eb37b28ebe7a95af818c2140b98c7b20,,semantic_scholar,,"Point cloud data are widely used in manufacturing applications for process inspection, modeling, monitoring and optimization. An important body of literature focuses on process optimization for quality improvement by modeling the connection between process variables and point clouds. The state-of-th"
529,,Sparse Tensor CCA via Manifold Optimization for Multi-View Learning,Yanjiao Zhu; Wanquan Liu; Xianchao Xiu; Jian Sun,2025,IEEE transactions on circuits and systems for video technology (Print),,,,,0,0.000,0.000,10.1109/tcsvt.2025.3642736,https://www.semanticscholar.org/paper/093495cbc009bab85de93be8092798b001c95704,,semantic_scholar,,"Tensor canonical correlation analysis (TCCA) has garnered significant attention due to its effectiveness in capturing high-order correlations in multi-view learning. However, existing TCCA methods often underemphasize the characterization of individual structures and lack algorithmic convergence gua"
530,,Topo-Loss: A Novel Loss Function for Learning Multiple Manifold Structures in Image Classification with Deep Neural Networks,Likai Ran; Chao Cai,2024,"2024 5th International Conference on Computer Vision, Image and Deep Learning (CVIDL)",,,,,1,0.000,0.000,10.1109/CVIDL62147.2024.10604103,https://www.semanticscholar.org/paper/3c5d3e7f761fc47db39df4e4a5eed2f2639568f9,,semantic_scholar,,"abstract-The real data distribution of a specific category tends to approach a low-dimensional manifold in the Riemannian space, and the manifolds of different categories do not intersect in high-dimensional space. However, existing loss functions used for image classification ignore the inherent ma"
531,,Federated Learning under Partially Class-Disjoint Data via Manifold Reshaping,Ziqing Fan; Jiangchao Yao; Ruipeng Zhang; Lingjuan Lyu; Ya Zhang,2024,arXiv.org,,,,,4,0.000,0.000,10.48550/arXiv.2405.18983,https://www.semanticscholar.org/paper/29363a1f680cf85abffc25cc1a59041e693457d1,,semantic_scholar,,"Statistical heterogeneity severely limits the performance of federated learning (FL), motivating several explorations e.g., FedProx, MOON and FedDyn, to alleviate this problem. Despite effectiveness, their considered scenario generally requires samples from almost all classes during the local traini"
532,,Transferable Manifold Projection Embedded Dictionary Learning for Multimode Process Monitoring,Jie Dong; Ruitao Sun; Chi Zhang; Kai-xiang Peng,2024,IEEE Transactions on Instrumentation and Measurement,,,,,5,0.000,0.000,10.1109/TIM.2024.3406796,https://www.semanticscholar.org/paper/4c8cfb3aba44458324b778d771276e094a2f0afd,,semantic_scholar,,"This article proposes a novel transferable manifold projection embedded dictionary learning (TMPDL)-based scheme with domain transfer for multimode process (MP) monitoring, where the new modes in evolving scenarios can be rapidly modeled. Considering that only new measurements are necessary for upda"
533,,IoT-Edge Hybrid Architecture with Cross-Modal Transformer and Federated Manifold Learning for Safety-Critical Gesture Control in Adaptive Mobility Platforms,Xinmin Jin; Jian Teng; Jiaji Chen,2025,Future Internet,,,,,0,0.000,0.000,10.3390/fi17070271,https://www.semanticscholar.org/paper/f36c6d007c33b2cb15e56a85c3c46f2b82859bae,,semantic_scholar,,This research presents an IoT-empowered adaptive mobility framework that integrates high-dimensional gesture recognition with edge-cloud orchestration for safety-critical human–machine interaction. The system architecture establishes a three-tier IoT network: a perception layer with 60 GHz FMCW rada
534,,Quantum Network Tomography via Learning Isometries on Stiefel Manifold,Ze-Tong Li; Xin-Lin He; Congcong Zheng; Yu-Qian Dong; Tian Luan,2024,,,,,,2,0.000,0.000,,https://www.semanticscholar.org/paper/3cc97da7bf17116889f6d959b1f7c3667d2977c9,,semantic_scholar,,"Explicit mathematical reconstructions of quantum networks play a significant role in developing quantum information science. However, tremendous parameter requirements and physical constraint implementations have become computationally non-ignorable encumbrances. In this work, we propose an efficien"
535,,A Fast Two-Dimensional Direction-of-Arrival Estimator Using Array Manifold Matrix Learning,Jieyi Lu; Long Yang; Yixin Yang; Lu Wang,2024,Remote Sensing,,,,,0,0.000,0.000,10.3390/rs16244654,https://www.semanticscholar.org/paper/5c6f49f360b59a3ec12feac2983fe9e19eb070b9,https://doi.org/10.3390/rs16244654,semantic_scholar,,"Sparsity-based methods for two-dimensional (2D) direction-of-arrival (DOA) estimation often suffer from high computational complexity due to the large array manifold dictionaries. This paper proposes a fast 2D DOA estimator using array manifold matrix learning, where source-associated grid points ar"
536,,Active Learning and Explainable AI for Multi-Objective Optimization of Spin Coated Polymers,Brendan Young; Brendan J. Alvey; Andreas Werbrouck; Will Murphy; James Keller,2025,arXiv.org,,,,,1,0.000,0.000,10.48550/arXiv.2509.08988,https://www.semanticscholar.org/paper/f74965ecf22e0f296b029473947468384a38ec09,,semantic_scholar,,Spin coating polymer thin films to achieve specific mechanical properties is inherently a multi-objective optimization problem. We present a framework that integrates an active Pareto front learning algorithm (PyePAL) with visualization and explainable AI techniques to optimize processing parameters
537,,HOFLON: Hybrid Offline Learning and Online Optimization for Process Start-Up and Grade-Transition Control,Alex Durkin; Jasper Stolte; Mehmet Mercangöz,2025,arXiv.org,,,,,0,0.000,0.000,10.48550/arXiv.2510.03830,https://www.semanticscholar.org/paper/da19a25a8fbd922c861305348d9fc30abbaaf4f1,,semantic_scholar,,"Start-ups and product grade-changes are critical steps in continuous-process plant operation, because any misstep immediately affects product quality and drives operational losses. These transitions have long relied on manual operation by a handful of expert operators, but the progressive retirement"
538,,Intraoperative 2D/3D Registration via Spherical Similarity Learning and Inference-Time Differentiable Levenberg-Marquardt Optimization,Minheng Chen; Youyong Kong,2025,arXiv.org,,,,,0,0.000,0.000,10.48550/arXiv.2509.06890,https://www.semanticscholar.org/paper/9c121730ed085ddd91753708c47628529fdb1414,,semantic_scholar,,"Intraoperative 2D/3D registration aligns preoperative 3D volumes with real-time 2D radiographs, enabling accurate localization of instruments and implants. A recent fully differentiable similarity learning framework approximates geodesic distances on SE(3), expanding the capture range of registratio"
539,,Two-dimensional PLSR with manifold optimization based CNN for image classification,Haoran Chen; Kai Wu; Wenjun Song; Hongwei Tao; Zuhe Li,2025,International Journal of Machine Learning and Cybernetics,,,,,1,0.000,0.000,10.1007/s13042-025-02593-1,https://www.semanticscholar.org/paper/477cc903799e2f218c0020c6e7a33f3fd1b5a3c8,,semantic_scholar,,
540,,An Efficient Hybrid Improved Feature Vector Manifold Clustering with Neighbour Search Optimization,L. Dhanapriya; S. Preetha,2025,International Journal of Computational and Experimental Science and Engineering,,,,,1,0.000,0.000,10.22399/ijcesen.1671,https://www.semanticscholar.org/paper/e10f89461ec8b99886f2c6e91912edc881540384,https://doi.org/10.22399/ijcesen.1671,semantic_scholar,,"In this paper, the IFMCNSO algorithm a novel hybrid Improved Feature Vector Manifold clustering with Neighbour search optimization clustering algorithm —is presented. Many methods for linear or nonlinear manifold clustering have been developed recently. While in many cases they have proven to perfor"
541,,Multi-Target Feature Selection with Adaptive Graph Learning and Target Correlations,Yujing Zhou; Dubo He,2024,Mathematics,,,,,4,0.000,0.000,10.3390/math12030372,https://www.semanticscholar.org/paper/416662e5b97b3a7ffe04555b44c47d948b26029c,https://www.mdpi.com/2227-7390/12/3/372/pdf?version=1706087191,semantic_scholar,,"In this paper, we present a novel multi-target feature selection algorithm that incorporates adaptive graph learning and target correlations. Specifically, our proposed approach introduces the low-rank constraint on the regression matrix, allowing us to model both inter-target and input–output relat"
542,,RNAGenScape: Property-guided Optimization and Interpolation of mRNA Sequences with Manifold Langevin Dynamics,Danqi Liao; Chen Liu; Xingzhi Sun; Di'e Tang; Haochen Wang,2025,arXiv.org,,,,,0,0.000,0.000,10.48550/arXiv.2510.24736,https://www.semanticscholar.org/paper/e1652b522f0b98531e1a933c2f82f230a48ee74f,,semantic_scholar,,"mRNA design and optimization are important in synthetic biology and therapeutic development, but remain understudied in machine learning. Systematic optimization of mRNAs is hindered by the scarce and imbalanced data as well as complex sequence-function relationships. We present RNAGenScape, a prope"
543,,A Novel Manifold Optimization Algorithm With the Dual Function and a Fuzzy Valuation Step,Weiping Liu; Youfa Liu; He Li; Jingui Zou,2025,IEEE transactions on fuzzy systems,,,,,0,0.000,0.000,10.1109/TFUZZ.2024.3520238,https://www.semanticscholar.org/paper/ab6da2744834ff7a29712f868c5bd11004d06cb1,,semantic_scholar,,"Fuzzy mathematical theory is widely used, fuzzy optimization is a branch of fuzzy mathematical theory, the significant application area is artificial intelligence in computer science, especially machine learning (deep learning) and pattern recognition. Fuzzy mathematics, especially fuzzy optimizatio"
544,,Accelerated Natural Gradient Method for Parametric Manifold Optimization,Chenyi Li; Shuchen Zhu; Zhonglin Xie; Zaiwen Wen,2025,,,,,,2,0.000,0.000,,https://www.semanticscholar.org/paper/856ab970f4ca74a368ed6bd87bcac0ba250c9919,,semantic_scholar,,"Parametric manifold optimization problems frequently arise in various machine learning tasks, where state functions are defined on infinite-dimensional manifolds. We propose a unified accelerated natural gradient descent (ANGD) framework to address these problems. By incorporating a Hessian-driven d"
545,,Distributed Sparse Manifold-Constrained Optimization Algorithm in Linear Discriminant Analysis,Yuhao Zhang; Xiaoxiang Chen; Manlong Feng; Jingjing Liu,2025,Journal of Imaging,,,,,1,0.000,0.000,10.3390/jimaging11030081,https://www.semanticscholar.org/paper/62bbc18cc6eb4534d5dd2243138e3d4838205040,,semantic_scholar,,"In the field of video image processing, high definition is one of the main directions for future development. Faced with the curse of dimensionality caused by the increasingly large amount of ultra-high-definition video data, effective dimensionality reduction techniques have become increasingly imp"
546,,Stochastic factors can matter: improving robust growth under ergodicity,Balint Binkert; David Itkin; Paul Mangers Bastian; Josef Teichmann,2025,arXiv,,,,,0,0.000,0.000,,http://arxiv.org/abs/2512.24906v1,https://arxiv.org/pdf/2512.24906v1,arxiv,,"Drifts of asset returns are notoriously difficult to model accurately and, yet, trading strategies obtained from portfolio optimization are very sensitive to them. To mitigate this well-known phenomenon we study robust growth-optimization in a high-dimensional incomplete market under drift uncertain"
547,,One-Shot Camera-Based Extrusion Optimization for High Speed Fused Filament Fabrication,Yufan Lin; Xavier Guidetti; Yannick Nagel; Efe C. Balta; John Lygeros,2025,arXiv,,,,,0,0.000,0.000,,http://arxiv.org/abs/2512.24905v1,https://arxiv.org/pdf/2512.24905v1,arxiv,,"Off-the-shelf fused filament fabrication 3D printers are widely accessible and convenient, yet they exhibit quality loss at high speeds due to dynamic mis-synchronization between printhead motion and material extrusion systems, notably corner over-extrusion. Existing methods require specialized hard"
548,,MTSP-LDP: A Framework for Multi-Task Streaming Data Publication under Local Differential Privacy,Chang Liu; Junzhou Zhao,2025,arXiv,,,,,0,0.000,0.000,,http://arxiv.org/abs/2512.24899v1,https://arxiv.org/pdf/2512.24899v1,arxiv,,"The proliferation of streaming data analytics in data-driven applications raises critical privacy concerns, as directly collecting user data may compromise personal privacy. Although existing $w$-event local differential privacy (LDP) mechanisms provide formal guarantees without relying on trusted t"
549,,Adaptive Clutter Suppression via Convex Optimization,Yifan He; Griffin Kearney; Makan Fardad,2025,arXiv,,,,,0,0.000,0.000,,http://arxiv.org/abs/2512.24889v1,https://arxiv.org/pdf/2512.24889v1,arxiv,,Passive and bistatic radar systems are often limited by strong clutter and direct-path interference that mask weak moving targets. Conventional cancellation methods such as the extensive cancellation algorithm require careful tuning and can distort the delay-Doppler response. This paper introduces a
550,,BEDA: Belief Estimation as Probabilistic Constraints for Performing Strategic Dialogue Acts,Hengli Li; Zhaoxin Yu; Qi Shen; Chenxi Li; Mengmeng Wang,2025,arXiv,,,,,0,0.000,0.000,,http://arxiv.org/abs/2512.24885v1,https://arxiv.org/pdf/2512.24885v1,arxiv,,"Strategic dialogue requires agents to execute distinct dialogue acts, for which belief estimation is essential. While prior work often estimates beliefs accurately, it lacks a principled mechanism to use those beliefs during generation. We bridge this gap by first formalizing two core acts Adversari"
551,,A structure-preserving parametric approximation for anisotropic geometric flows via an $α$-surface energy matrix,Weizhu Bao; Yifei Li; Wenjun Ying; Yulin Zhang,2025,arXiv,,,,,0,0.000,0.000,,http://arxiv.org/abs/2512.24875v1,https://arxiv.org/pdf/2512.24875v1,arxiv,,"We propose a structure-preserving parametric approximation for geometric flows with general anisotropic effects. By introducing a hyperparameter $α$, we construct a unified surface energy matrix $\hat{\boldsymbol{G}}_k^α(θ)$ that encompasses all existing formulations of surface energy matrices, and "
552,,Tensor Based Proximal Alternating Minimization Method for A Kind of Inhomogeneous Quartic Optimization Problem,Haibin Chen; Yixuan Chen; Chunyan Wang; Qi Fan,2025,arXiv,,,,,0,0.000,0.000,,http://arxiv.org/abs/2512.24872v1,https://arxiv.org/pdf/2512.24872v1,arxiv,,"In this paper, we propose an efficient numerical approach for solving a specific type of quartic inhomogeneous polynomial optimization problem inspired by practical applications. The primary contribution of this work lies in establishing an inherent equivalence between the quartic inhomogeneous poly"
553,,Measuring Mixed-State Topological Invariant in Open Photonic Quantum Walk,Qin-Qin Wang; Xiao-Ye Xu; Yong-Jian Han; Chuan-Feng Li; Guang-Can Guo,2025,arXiv,,,,,0,0.000,0.000,,http://arxiv.org/abs/2512.24857v1,https://arxiv.org/pdf/2512.24857v1,arxiv,,"Pure-state manifestations of geometric phase are well established and have found applications across essentially all branches of physics, yet their generalization to mixed-state regimes remains largely unexplored experimentally. The Uhlmann geometric phase offers a natural extension of pure-state pa"
554,,Advances in Agentic AI: Back to the Future,Sergio Alvarez-Telena; Marta Diez-Fernandez,2025,arXiv,,,,,0,0.000,0.000,,http://arxiv.org/abs/2512.24856v1,https://arxiv.org/pdf/2512.24856v1,arxiv,,"In light of the recent convergence between Agentic AI and our field of Algorithmization, this paper seeks to restore conceptual clarity and provide a structured analytical framework for an increasingly fragmented discourse. First, (a) it examines the contemporary landscape and proposes precise defin"
555,,SSCHA-based evolutionary crystal structure prediction at finite temperatures with account for quantum nuclear motion,Daniil Poletaev; Artem Oganov,2025,arXiv,,,,,0,0.000,0.000,,http://arxiv.org/abs/2512.24849v1,https://arxiv.org/pdf/2512.24849v1,arxiv,,"Accurate crystal structure prediction (CSP) at finite temperatures with quantum anharmonic effects remains challenging but very prominent in systems with lightweight atoms such as superconducting hydrides. In this work, we integrate machine-learned interatomic potentials (MLIPs) with the stochastic "
556,,AODDiff: Probabilistic Reconstruction of Aerosol Optical Depth via Diffusion-based Bayesian Inference,Linhao Fan; Hongqiang Fang; Jingyang Dai; Yong Jiang; Qixing Zhang,2025,arXiv,,,,,0,0.000,0.000,,http://arxiv.org/abs/2512.24847v1,https://arxiv.org/pdf/2512.24847v1,arxiv,,"High-quality reconstruction of Aerosol Optical Depth (AOD) fields is critical for Atmosphere monitoring, yet current models remain constrained by the scarcity of complete training data and a lack of uncertainty quantification.To address these limitations, we propose AODDiff, a probabilistic reconstr"
557,,Triangulation as an Acceptance Rule for Multilingual Mechanistic Interpretability,Yanan Long,2025,arXiv,,,,,0,0.000,0.000,,http://arxiv.org/abs/2512.24842v1,https://arxiv.org/pdf/2512.24842v1,arxiv,,"Multilingual language models achieve strong aggregate performance yet often behave unpredictably across languages, scripts, and cultures. We argue that mechanistic explanations for such models should satisfy a \emph{causal} standard: claims must survive causal interventions and must \emph{cross-refe"
558,,Scalable Stellar Parameter Inference Using Python-based LASP: From CPU Optimization to GPU Acceleration,Jun-Chao Liang; Yin-Bi Li; A-Li Luo; Fang Zuo; Bing Du,2025,arXiv,,,,,0,0.000,0.000,10.3847/1538-4357/ae1446,http://arxiv.org/abs/2512.24840v1,https://arxiv.org/pdf/2512.24840v1,arxiv,,"To enhance the efficiency, scalability, and cross-survey applicability of stellar parameter inference in large spectroscopic datasets, we present a modular, parallelized Python framework with automated error estimation, built on the LAMOST Atmospheric Parameter Pipeline (LASP) originally implemented"
559,,A Low Background Beta Detection System using a Time Projection Chamber,Ruiyang Zhang; Zhiyong Zhang; Zengxuan Huang; Yong Zhou; Jianbei Liu,2025,arXiv,,,,,0,0.000,0.000,,http://arxiv.org/abs/2512.24837v1,https://arxiv.org/pdf/2512.24837v1,arxiv,,"In this paper, we present a Time Projection Chamber (TPC) system for low-background beta radiation measurements. The system consists of a TPC with two-dimensional-strip readout Micromegas and an anti-coincidence detector with readout pads for cosmic ray veto. The detector system utilize an AGET-base"
560,,GenZ: Foundational models as latent variable generators within traditional statistical models,Marko Jojic; Nebojsa Jojic,2025,arXiv,,,,,0,0.000,0.000,,http://arxiv.org/abs/2512.24834v1,https://arxiv.org/pdf/2512.24834v1,arxiv,,"We present GenZ, a hybrid model that bridges foundational models and statistical modeling through interpretable semantic features. While large language models possess broad domain knowledge, they often fail to capture dataset-specific patterns critical for prediction tasks. Our approach addresses th"
561,,Discovering Coordinated Joint Options via Inter-Agent Relative Dynamics,Raul D. Steleac; Mohan Sridharan; David Abel,2025,arXiv,,,,,0,0.000,0.000,,http://arxiv.org/abs/2512.24827v1,https://arxiv.org/pdf/2512.24827v1,arxiv,,"Temporally extended actions improve the ability to explore and plan in single-agent settings. In multi-agent settings, the exponential growth of the joint state space with the number of agents makes coordinated behaviours even more valuable. Yet, this same exponential growth renders the design of mu"
562,,Video and Language Alignment in 2D Systems for 3D Multi-object Scenes with Multi-Information Derivative-Free Control,Jason Armitage; Rico Sennnrich,2025,arXiv,,,,,0,0.000,0.000,,http://arxiv.org/abs/2512.24826v1,https://arxiv.org/pdf/2512.24826v1,arxiv,,Cross-modal systems trained on 2D visual inputs are presented with a dimensional shift when processing 3D scenes. An in-scene camera bridges the dimensionality gap but requires learning a control module. We introduce a new method that improves multivariate mutual information estimates by regret mini
563,,Practising responsibility: Ethics in NLP as a hands-on course,Malvina Nissim; Viviana Patti; Beatrice Savoldi,2025,arXiv,,,,,0,0.000,0.000,,http://arxiv.org/abs/2512.24825v1,https://arxiv.org/pdf/2512.24825v1,arxiv,,"As Natural Language Processing (NLP) systems become more pervasive, integrating ethical considerations into NLP education has become essential. However, this presents inherent challenges in curriculum development: the field's rapid evolution from both academia and industry, and the need to foster cr"
564,,LMG Index: A Robust Learned Index for Multi-Dimensional Performance Balance,Yuzhen Chen; Bin Yao,2025,arXiv,,,,,0,0.000,0.000,,http://arxiv.org/abs/2512.24824v1,https://arxiv.org/pdf/2512.24824v1,arxiv,,"Index structures are fundamental for efficient query processing on large-scale datasets. Learned indexes model the indexing process as a prediction problem to overcome the inherent trade-offs of traditional indexes. However, most existing learned indexes optimize only for limited objectives like que"
565,,Unsupervised Topological Phase Discovery in Periodically Driven Systems via Floquet-Bloch State,Chen-Yang Wang; Jing-Ping Xu; Ce Wang; Ya-Ping Yang,2025,arXiv,,,,,0,0.000,0.000,,http://arxiv.org/abs/2512.24822v1,https://arxiv.org/pdf/2512.24822v1,arxiv,,"Floquet engineering offers an unparalleled platform for realizing novel non-equilibrium topological phases. However, the unique structure of Floquet systems, which includes multiple quasienergy gaps, poses a significant challenge to classification using conventional analytical methods. We propose a "
566,,Unregularized Linear Convergence in Zero-Sum Game from Preference Feedback,Shulun Chen; Runlong Zhou; Zihan Zhang; Maryam Fazel; Simon S. Du,2025,arXiv,,,,,0,0.000,0.000,,http://arxiv.org/abs/2512.24818v1,https://arxiv.org/pdf/2512.24818v1,arxiv,,"Aligning large language models (LLMs) with human preferences has proven effective for enhancing model capabilities, yet standard preference modeling using the Bradley-Terry model assumes transitivity, overlooking the inherent complexity of human population preferences. Nash learning from human feedb"
567,,"Upscaling from ab initio atomistic simulations to electrode scale: The case of manganese hexacyanoferrate, a cathode material for Na-ion batteries",Yuan-Chi Yang; Eric Woillez; Quentin Jacquet; Ambroise van Roekeghem,2025,arXiv,,,,,0,0.000,0.000,,http://arxiv.org/abs/2512.24816v1,https://arxiv.org/pdf/2512.24816v1,arxiv,,"We present a generalizable scale-bridging computational framework that enables predictive modeling of insertion-type electrode materials from atomistic to device scales. Applied to sodium manganese hexacyanoferrate, a promising cathode material for grid-scale sodium-ion batteries, our methodology em"
568,,Efficient Joint Resource Allocation for Wireless Powered ISAC with Target Localization,Boyao Li; Qinwei He; Boao Zhang; Xiaopeng Yuan; Anke Schmeink,2025,arXiv,,,,,0,0.000,0.000,,http://arxiv.org/abs/2512.24815v1,https://arxiv.org/pdf/2512.24815v1,arxiv,,"Wireless powered integrated sensing and communication (ISAC) faces a fundamental tradeoff between energy supply, communication throughput, and sensing accuracy. This paper investigates a wireless powered ISAC system with target localization requirements, where users harvest energy from wireless powe"
569,,Learning Temporally Consistent Turbulence Between Sparse Snapshots via Diffusion Models,Mohammed Sardar; Małgorzata J. Zimoń; Samuel Draycott; Alistair Revell; Alex Skillen,2025,arXiv,,,,,0,0.000,0.000,,http://arxiv.org/abs/2512.24813v1,https://arxiv.org/pdf/2512.24813v1,arxiv,,"We investigate the statistical accuracy of temporally interpolated spatiotemporal flow sequences between sparse, decorrelated snapshots of turbulent flow fields using conditional Denoising Diffusion Probabilistic Models (DDPMs). The developed method is presented as a proof-of-concept generative surr"
570,,DTI-GP: Bayesian operations for drug-target interactions using deep kernel Gaussian processes,Bence Bolgár; András Millinghoffer; Péter Antal,2025,arXiv,,,,,0,0.000,0.000,,http://arxiv.org/abs/2512.24810v1,https://arxiv.org/pdf/2512.24810v1,arxiv,,"Precise probabilistic information about drug-target interaction (DTI) predictions is vital for understanding limitations and boosting predictive performance. Gaussian processes (GP) offer a scalable framework to integrate state-of-the-art DTI representations and Bayesian inference, enabling novel op"
571,,Limits of quantum generative models with classical sampling hardness,Sabrina Herbst; Ivona Brandić; Adrián Pérez-Salinas,2025,arXiv,,,,,0,0.000,0.000,,http://arxiv.org/abs/2512.24801v1,https://arxiv.org/pdf/2512.24801v1,arxiv,,"Sampling tasks have been successful in establishing quantum advantages both in theory and experiments. This has fueled the use of quantum computers for generative modeling to create samples following the probability distribution underlying a given dataset. In particular, the potential to build gener"
572,,Non-Abelian Geometric Phases in Triangular Structures And Universal SU(2) Control in Shape Space,J. Dai; A. Molochkov; A. J. Niemi; J. Westerholm,2025,arXiv,,,,,0,0.000,0.000,,http://arxiv.org/abs/2512.24798v1,https://arxiv.org/pdf/2512.24798v1,arxiv,,"We construct holonomic quantum gates for qubits that are encoded in the near-degenerate vibrational $E$-doublet of a deformable three-body system. Using Kendall's shape theory, we derive the Wilczek--Zee connection governing adiabatic transport within the $E$-manifold. We show that its restricted ho"
573,,LeanCat: A Benchmark Suite for Formal Category Theory in Lean (Part I: 1-Categories),Rongge Xu; Hui Dai; Yiming Fu; Jiedong Jiang; Tianjiao Nie,2025,arXiv,,,,,0,0.000,0.000,,http://arxiv.org/abs/2512.24796v1,https://arxiv.org/pdf/2512.24796v1,arxiv,,"Large language models (LLMs) have made rapid progress in formal theorem proving, yet current benchmarks under-measure the kind of abstraction and library-mediated reasoning that organizes modern mathematics. In parallel with FATE's emphasis on frontier algebra, we introduce LeanCat, a Lean benchmark"
574,,Nonlinear Noise2Noise for Efficient Monte Carlo Denoiser Training,Andrew Tinits; Stephen Mann,2025,arXiv,,,,,0,0.000,0.000,10.1145/3757377.3763931,http://arxiv.org/abs/2512.24794v1,https://arxiv.org/pdf/2512.24794v1,arxiv,,"The Noise2Noise method allows for training machine learning-based denoisers with pairs of input and target images where both the input and target can be noisy. This removes the need for training with clean target images, which can be difficult to obtain. However, Noise2Noise training has a major lim"
575,,Self-Supervised Neural Architecture Search for Multimodal Deep Neural Networks,Shota Suzuki; Satoshi Ono,2025,arXiv,,,,,0,0.000,0.000,10.1587/transinf.2024EDL8018,http://arxiv.org/abs/2512.24793v1,https://arxiv.org/pdf/2512.24793v1,arxiv,,"Neural architecture search (NAS), which automates the architectural design process of deep neural networks (DNN), has attracted increasing attention. Multimodal DNNs that necessitate feature fusion from multiple modalities benefit from NAS due to their structural complexity; however, constructing an"
576,,Projection-based Adversarial Attack using Physics-in-the-Loop Optimization for Monocular Depth Estimation,Takeru Kusakabe; Yudai Hirose; Mashiho Mukaida; Satoshi Ono,2025,arXiv,,,,,0,0.000,0.000,10.1587/transinf.2025MUL0002,http://arxiv.org/abs/2512.24792v1,https://arxiv.org/pdf/2512.24792v1,arxiv,,"Deep neural networks (DNNs) remain vulnerable to adversarial attacks that cause misclassification when specific perturbations are added to input images. This vulnerability also threatens the reliability of DNN-based monocular depth estimation (MDE) models, making robustness enhancement a critical ne"
577,,Curvature of left-invariant complex Finsler metric on Lie groups,Kuankuan Luo; Wei Xiao; Chunping Zhong,2025,arXiv,,,,,0,0.000,0.000,,http://arxiv.org/abs/2512.24791v1,https://arxiv.org/pdf/2512.24791v1,arxiv,,Let $ G $ be a connected Lie group with real Lie algebra $ \mathfrak{g}$. Suppose $G$ is also a complex manifold. We obtain explicit holomorphic sectional and bisectional curvature formulas of left-invariant strongly pseudoconvex complex Finsler metrics $F$ on $G$ in terms of the complex Lie algebra
578,,Digitalizing Over-the-Air Computation via The Novel Complement Coded Modulation,Zhixu Wang; Jiacheng Yao; Wei Xu; Wei Shi; Kaibin Huang,2025,arXiv,,,,,0,0.000,0.000,,http://arxiv.org/abs/2512.24788v1,https://arxiv.org/pdf/2512.24788v1,arxiv,,"To overcome inherent limitations of analog signals in over-the-air computation (AirComp), this letter proposes a two's complement-based coding scheme for the AirComp implementation with compatible digital modulations. Specifically, quantized discrete values are encoded into binary sequences using th"
579,,HiGR: Efficient Generative Slate Recommendation via Hierarchical Planning and Multi-Objective Preference Alignment,Yunsheng Pang; Zijian Liu; Yudong Li; Shaojie Zhu; Zijian Luo,2025,arXiv,,,,,0,0.000,0.000,,http://arxiv.org/abs/2512.24787v1,https://arxiv.org/pdf/2512.24787v1,arxiv,,"Slate recommendation, where users are presented with a ranked list of items simultaneously, is widely adopted in online platforms. Recent advances in generative models have shown promise in slate recommendation by modeling sequences of discrete semantic IDs autoregressively. However, existing autore"
580,,A first approximation algorithm for the Bin Packing Problem with Setups,Roberto Baldacci; Fabio Ciccarelli; Stefano Coniglio; Valerio Dose; Fabio Furini,2025,arXiv,,,,,0,0.000,0.000,,http://arxiv.org/abs/2512.24785v1,https://arxiv.org/pdf/2512.24785v1,arxiv,,"We study constant-factor approximation algorithms for the Bin Packing Problem with Setups (BPPS). First, we show that adaptations of classical BPP heuristics can have arbitrarily poor worst-case performance on BPPS instances. Then, we propose a two-phase heuristic for the BPPS that applies an α-appr"
581,,Coarse geometry of extended admissible groups,Toan Trong Dao; Hoang Thanh Nguyen,2025,arXiv,,,,,0,0.000,0.000,,http://arxiv.org/abs/2512.24784v1,https://arxiv.org/pdf/2512.24784v1,arxiv,,"Extended admissible groups belong to a particular class of graphs of groups that admit a decomposition generalizing those of non-geometric 3-manifold groups and Croke-Kleiner admissible groups. In this paper, we study several coarse-geometric aspects of extended admissible groups. We show that chang"
582,,Perceptual Feature Integration for Sports Dancing Action Scenery Detection and Optimization,Lingjun Xiang; Xiang Gao,2024,IEEE Access,,,,,0,0.000,0.000,10.1109/ACCESS.2024.3452981,https://www.semanticscholar.org/paper/b1a47e96ff78e4b2ba374d4bbf2d11941879395c,https://doi.org/10.1109/access.2024.3452981,semantic_scholar,,"Deciphering the complex semantics within varied dancing sceneries is crucial for a multitude of AI endeavors. It can facilitate applications like dancing action optimization and dancing education. In our research, we propose a sophisticated approach to discerning multi-faceted perceptual visual feat"
583,,Federated Multi-Label Feature Selection via Dual-Layer Hybrid Breeding Cooperative Particle Swarm Optimization with Manifold and Sparsity Regularization,Songsong Zhang; Huazhong Jin; Zhiwei Ỹe; Jia Yang; Jixin Zhang,2025,"Computers, Materials &amp; Continua",,,,,0,0.000,0.000,10.32604/cmc.2025.068044,https://www.semanticscholar.org/paper/7f4a61b22f0cb77146c15f265a0bb4a56d785fb5,,semantic_scholar,,": Multi-label feature selection (MFS) is a crucial dimensionality reduction technique aimed at identifying informative features associated with multiple labels. However, traditional centralized methods face significant challenges in privacy-sensitive and distributed settings, often neglecting label "
584,,An Effective Manifold-based Optimization Method for Distributionally Robust Classification,Jiawei Huang; Huihua Ding,2025,International Conference on Learning Representations,,,,,0,0.000,0.000,,https://www.semanticscholar.org/paper/ade4859e1340ccde6a1d96cf400c6aea29dec9eb,,semantic_scholar,,
585,,Riemannian Optimization on the Oblique Manifold for Sparse Simplex Constraints via Multiplicative Updates,Flavia Esposito; Andersen Ang,2025,,,,,,0,0.000,0.000,,https://www.semanticscholar.org/paper/ecb696bebe2a635b509bbe619de82f851cd9b71d,,semantic_scholar,,"Low-rank optimization problems with sparse simplex constraints involve variables that must satisfy nonnegativity, sparsity, and sum-to-one conditions, making their optimization particularly challenging due to the interplay between low-rank structures and constraints. These problems arise in various "
586,,Differential Evolution for Grassmann Manifold Optimization: A Projection Approach,Andrew Lesniewski,2025,arXiv.org,,,,,0,0.000,0.000,10.48550/arXiv.2503.21984,https://www.semanticscholar.org/paper/470a6492b3c267ca64a81a9d7d6f21de56c2b37e,,semantic_scholar,,"We propose a novel evolutionary algorithm for optimizing real-valued objective functions defined on the Grassmann manifold Gr}(k,n), the space of all k-dimensional linear subspaces of R^n. While existing optimization techniques on Gr}(k,n) predominantly rely on first- or second-order Riemannian meth"
587,,Diffusion Policy Policy Optimization,Allen Z. Ren; Justin Lidard; Lars Ankile; A. Simeonov; Pulkit Agrawal,2024,International Conference on Learning Representations,,,,,125,0.000,0.000,10.48550/arXiv.2409.00588,https://www.semanticscholar.org/paper/e596c98260ec4096eaeb491eb75f91a8339fcf48,,semantic_scholar,,"We introduce Diffusion Policy Policy Optimization, DPPO, an algorithmic framework including best practices for fine-tuning diffusion-based policies (e.g. Diffusion Policy) in continuous control and robot learning tasks using the policy gradient (PG) method from reinforcement learning (RL). PG method"
588,,Quantum Comb Tomography via Learning Isometries on Stiefel Manifold.,Ze-Tong Li; Xin-Lin He; Congcong Zheng; Yu-Qian Dong; Tian Luan,2025,Physical Review Letters,,,,,5,0.000,0.000,10.1103/physrevlett.134.010803,https://www.semanticscholar.org/paper/5c50f80f00a825a5d62e0a1be98b1711acbc5b40,,semantic_scholar,,"Explicit mathematical reconstructions of quantum combs play a significant role in developing quantum information science. However, tremendous parameter requirements and physical constraint implementations have become computationally nonignorable encumbrances. In this Letter, we propose an efficient "
589,,A new method for attributed graph clustering with dual-manifold orthogonal matrix learning,TianYi Yu; Shayan Nejadshamsi,2025,Multimedia Systems,,,,,0,0.000,0.000,10.1007/s00530-025-01998-w,https://www.semanticscholar.org/paper/3c5dddb509d3702d6936ba3c3ddd47b80710f052,,semantic_scholar,,
590,,Manifold Kernelization of Molecular Surface to Encode Quantum Information of Electronic Attributes for Machine Learning.,Tonglei Li; Venkata S Chelagamsetty; Nicolas J Huls; Ryan T Jordan,2025,Journal of Chemical Theory and Computation,,,,,0,0.000,0.000,10.1021/acs.jctc.5c01117,https://www.semanticscholar.org/paper/9a479c9b96d2e77ceff1caf7c16f0d8f962b0c41,,semantic_scholar,,A novel concept of encoding electronic quantities on a molecular surface is developed by unsupervised kernel learning. Through optimization of the hyperparameters of Spectral Mixture (SM) kernel functions in conducting Sparse Gaussian Process (SGP) regression of electronic attributes on a surface ma
591,,SMTLNet: Domain Prior-Inspired Tooth Segmentation Based on Self-Supervised Manifold Transfer Learning,Yue Zhao; Ruoyu Wu; Pengyu Dai; Hong Huang; Yang Liu,2025,IEEE Transactions on Neural Networks and Learning Systems,,,,,0,0.000,0.000,10.1109/TNNLS.2025.3591003,https://www.semanticscholar.org/paper/f8bcc54ff9bc1a162841d82350a859c603b44000,,semantic_scholar,,"Accurate identification and delineation of teeth in cone-beam computed tomography (CBCT) images are crucial in the advancement of digital dentistry technology. Teeth exhibit high interclass similarity and often have fuzzy boundaries. In addition, it is difficult to obtain teeth samples due to the ti"
592,,Manifold-constrained Hamilton-Jacobi Reachability Learning for Decentralized Multi-Agent Motion Planning,Qingyi Chen; Ruiqi Ni; Jun Kim; A. H. Qureshi,2025,arXiv.org,,,,,0,0.000,0.000,10.48550/arXiv.2511.03591,https://www.semanticscholar.org/paper/755eae7be47012354a42b6951f6fa12bc8c4b9af,,semantic_scholar,,"Safe multi-agent motion planning (MAMP) under task-induced constraints is a critical challenge in robotics. Many real-world scenarios require robots to navigate dynamic environments while adhering to manifold constraints imposed by tasks. For example, service robots must carry cups upright while avo"
593,,L2Calib: SE (3)-Manifold Reinforcement Learning for Robust Extrinsic Calibration with Degenerate Motion Resilience,Baorun Li; Chengrui Zhu; Siyi Du; Bingran Chen; Jie Ren,2025,IEEE/RJS International Conference on Intelligent RObots and Systems,,,,,0,0.000,0.000,10.1109/IROS60139.2025.11246454,https://www.semanticscholar.org/paper/d04f57e4d9d9207a9e372eeecf8c98dffbf088a7,,semantic_scholar,,"Extrinsic calibration is essential for multi-sensor fusion, existing methods rely on structured targets or fully-excited data, limiting real-world applicability. Online calibration further suffers from weak excitation, leading to unreliable estimates. To address these limitations, we propose a reinf"
594,,USLC: Universal self‐learning control via physical performance policy‐optimization neural network,Yanhui Zhang; Xiaoling Liang; Weifang Chen; Kunfeng Lu; Chao Xu,2024,IET Control Theory &amp; Applications,,,,,1,0.000,0.000,10.1049/cth2.12758,https://www.semanticscholar.org/paper/948bba022a243a3f7edfdce16e862e181b836e5b,,semantic_scholar,,"This article proposes an online universal self‐learning control (USLC) algorithm based on a physical performance policy‐optimization neural network, which aims to solve the problem of universal self‐learning optimal control laws for nonlinear systems with various uncertain dynamics. As a key system "
595,,Preference-Optimized Pareto Set Learning for Blackbox Optimization,Haishan Zhang; Diptesh Das; Koji Tsuda,2024,arXiv.org,,,,,1,0.000,0.000,10.48550/arXiv.2408.09976,https://www.semanticscholar.org/paper/24b18d444e44ad09439c0cbbf1aaf829e3d5cb20,,semantic_scholar,,"Multi-Objective Optimization (MOO) is an important problem in real-world applications. However, for a non-trivial problem, no single solution exists that can optimize all the objectives simultaneously. In a typical MOO problem, the goal is to find a set of optimum solutions (Pareto set) that trades "
596,,Representational learning by optimization of neural manifolds in an olfactory memory network,Bo Hu; Nesibe Z. Temiz; Chi-Ning Chou; Peter Rupprecht; Claire Meissner-Bernard,2024,bioRxiv,,,,,1,0.000,0.000,10.1101/2024.11.17.623906,https://www.semanticscholar.org/paper/3867d3dfe150321c02bac10e61f092c58f761def,https://www.biorxiv.org/content/biorxiv/early/2024/11/18/2024.11.17.623906.full.pdf,semantic_scholar,,Higher brain functions depend on experience-dependent representations of relevant information that may be organized by attractor dynamics or by geometrical modifications of continuous “neural manifolds”. To explore these scenarios we analyzed odor-evoked activity in telencephalic area pDp of juvenil
597,,Bridging Interpretability and Optimization: Provably Attribution-Weighted Actor-Critic in Reproducing Kernel Hilbert Spaces,Na Li; Hangguan Shan; Wei Ni; Wenjie Zhang; Xinyu Li,2025,,,,,,0,0.000,0.000,,https://www.semanticscholar.org/paper/14e16b5b66f2b0d708e05ec6e5a8323ac355e078,,semantic_scholar,,"Actor-critic (AC) methods are a cornerstone of reinforcement learning (RL) but offer limited interpretability. Current explainable RL methods seldom use state attributions to assist training. Rather, they treat all state features equally, thereby neglecting the heterogeneous impacts of individual st"
598,,Intelligent monitoring system for quality of life of colostomy patients based on deep learning and AR,Shengqin Wang; Yuqing Zhang; Fangfang Xu; Guihua Zhou,2025,Scientific Reports,,,,,0,0.000,0.000,10.1038/s41598-025-21470-z,https://www.semanticscholar.org/paper/d1f266eb72680c6d4f0f9c40fe72b0d8f1d6bd63,,semantic_scholar,,The clinical challenges in monitoring high-incidence complications in patients with colostomy after colorectal cancer surgery have led to the development of an intelligent monitoring system based on deep learning and augmented reality technology in this study. Traditional care relies on subjective s
599,,"Simultaneously Learning of Motion, Stiffness, and Force From Human Demonstration Based on Riemannian DMP and QP Optimization",Zhiwei Liao; Francesco Tassi; Chenwei Gong; M. Leonori; Fei Zhao,2025,IEEE Transactions on Automation Science and Engineering,,,,,5,0.000,0.000,10.1109/TASE.2024.3469961,https://www.semanticscholar.org/paper/941524426c2cc09cca62012806ca1e9e16e08672,,semantic_scholar,,"In this paper, we propose a motion, stiffness, and force learning framework based on an extended dynamic movement primitive (DMP) and quadratic programming (QP) optimization. The objective is to learn kinematic and dynamic operational parameters from a one-shot human demonstration, through measureme"
600,,Learning to Expand/Contract Pareto Sets in Dynamic Multiobjective Optimization With a Changing Number of Objectives,Gan Ruan; Leandro L. Minku; Stefan Menzel; B. Sendhoff; Xin Yao,2025,IEEE Transactions on Evolutionary Computation,,,,,5,0.000,0.000,10.1109/TEVC.2024.3375751,https://www.semanticscholar.org/paper/4254488b671401221998ca52334f4cd3c227570f,,semantic_scholar,,"Dynamic multiobjective optimization problems (DMOPs) with a changing number of objectives (NObjs) may have Pareto-optimal set (PS) manifold expanding or contracting over time. Knowledge transfer has been used for solving DMOPs, since it can transfer useful information from solving one problem instan"
601,,A hybrid object detection approach for visually impaired persons using pigeon-inspired optimization and deep learning models,A. M. Alashjaee; H. Aleisa; Abdulbasit A. Darem; Radwa Marzouk,2025,Scientific Reports,,,,,5,0.000,0.000,10.1038/s41598-025-92239-7,https://www.semanticscholar.org/paper/3a16b2f38c1e4ad7d374359c7c31fcd802c4ae9f,https://doi.org/10.1038/s41598-025-92239-7,semantic_scholar,,"Visually challenged persons include a significant part of the population, and they exist all over the globe. Recently, technology has demonstrated its occurrence in each field, and state-of-the-art devices aid humans in their everyday lives. However, visually impaired people cannot view things aroun"
602,,Two-tier nature inspired optimization-driven ensemble of deep learning models for effective autism spectrum disorder diagnosis in disabled persons,Saud S. Alotaibi; T. Alghamdi; Reem M. Alharthi,2025,Scientific Reports,,,,,2,0.000,0.000,10.1038/s41598-025-93802-y,https://www.semanticscholar.org/paper/7c3b75e8cc4da66ecad2f902d556e5a54e307bde,,semantic_scholar,,"Autism spectrum disorder (ASD) includes a varied set of neuropsychiatric illnesses. This disorder is described by a definite grade of loss in social communication, academic functioning, personal contact, and limited and repetitive behaviours. Individuals with ASD might perform, convey, and study in "
603,,Reinforcement Learning Based Online Algorithm for Near-Field Time-Varying IRS Phase Shift Optimization: System Evolution Perspective,Zongtai Li; Rui Wang; Erwu Liu,2025,IEEE Transactions on Signal Processing,,,,,1,0.000,0.000,10.1109/TSP.2025.3545164,https://www.semanticscholar.org/paper/23e1a112bf60eb7e595c942286df82b59bde22b7,,semantic_scholar,,"This paper proposes a reinforcement learning (RL) based intelligent reflecting surface (IRS) incremental control algorithm for a mmWave time-varying multi-user multiple-input single-output (MU-MISO) system. The research focuses on addressing the key challenge of near-field IRS design, which involves"
604,,Graph Learning With Riemannian Optimization for Multi-View Integrative Clustering,Aparajita Khan; Pradipta Maji,2025,IEEE Transactions on Emerging Topics in Computational Intelligence,,,,,0,0.000,0.000,10.1109/TETCI.2024.3406704,https://www.semanticscholar.org/paper/87404f345f72fc8e46cdf92c0fcc6264e67567b2,,semantic_scholar,,"Real-world multi-view data may manifest as point-clouds, but their meaningful structure often resides on a lower dimensional manifold embedded in the higher dimensional space. Consequently, existing graph based multi-view algorithms focus primarily on extraction of the low-rank subspaces for cluster"
605,,Logic-informed reinforcement learning for cross-domain optimization of large-scale cyber-physical systems,Guangxi Wan; Peng Zeng; Xiaoting Dong; Chunhe Song; Shijie Cui,2025,arXiv.org,,,,,0,0.000,0.000,10.48550/arXiv.2511.00806,https://www.semanticscholar.org/paper/bf68b0a1930ca40c879d37a43fc141cde32c17f8,,semantic_scholar,,"Cyber-physical systems (CPS) require the joint optimization of discrete cyber actions and continuous physical parameters under stringent safety logic constraints. However, existing hierarchical approaches often compromise global optimality, whereas reinforcement learning (RL) in hybrid action spaces"
606,,Learning Low-Dimensional Embeddings for Black-Box Optimization,R. Busetto; Manas Mejari; M. Forgione; Alberto Bemporad; D. Piga,2025,arXiv.org,,,,,0,0.000,0.000,10.48550/arXiv.2505.01112,https://www.semanticscholar.org/paper/c4a141c14e97b9ab5d69653b9983fd94ca2ccac2,,semantic_scholar,,"When gradient-based methods are impractical, black-box optimization (BBO) provides a valuable alternative. However, BBO often struggles with high-dimensional problems and limited trial budgets. In this work, we propose a novel approach based on meta-learning to pre-compute a reduced-dimensional mani"
607,,Symmetry-Preserving Optimization of Differentially Private Machine Learning Based on Feature Importance,Nan-I Wu; Jing-Ting Wu; Min-Shiang Hwang,2025,Symmetry,,,,,0,0.000,0.000,10.3390/sym17101747,https://www.semanticscholar.org/paper/73e917f0ea545d7bea5da106c9d820f19dfd2805,,semantic_scholar,,"Symmetry plays a critical role in preserving the structural balance and statistical integrity of datasets, particularly in privacy-preserving machine learning. Differential privacy introduces random noise to individual data points to ensure privacy while maintaining the overall symmetry of statistic"
608,,Manifold Sampling for Differentiable Uncertainty in Radiance Fields,Linjie Lyu; A. Tewari; Marc Habermann; Shunsuke Saito; Michael Zollhofer,2024,ACM SIGGRAPH Conference and Exhibition on Computer Graphics and Interactive Techniques in Asia,,,,,6,0.000,0.000,10.1145/3680528.3687655,https://www.semanticscholar.org/paper/210489621fcf0b77274b7f9a6fcfcaeb29567a34,https://dl.acm.org/doi/pdf/10.1145/3680528.3687655,semantic_scholar,,"Radiance fields are powerful and, hence, popular models for representing the appearance of complex scenes. Yet, constructing them based on image observations gives rise to ambiguities and uncertainties. We propose a versatile approach for learning Gaussian radiance fields with explicit and fine-grai"
609,,An efficient algorithm for the Riemannian logarithm on the Stiefel manifold for a family of Riemannian metrics,Simon Mataigne; Ralf Zimmermann; Nina Miolane,2024,arXiv.org,,,,,7,0.000,0.000,10.48550/arXiv.2403.11730,https://www.semanticscholar.org/paper/bad6b29d97475ab00b5659e56cd1f7b3981657a1,,semantic_scholar,,"Since the popularization of the Stiefel manifold for numerical applications in 1998 in a seminal paper from Edelman et al., it has been exhibited to be a key to solve many problems from optimization, statistics and machine learning. In 2021, H\""uper et al. proposed a one-parameter family of Riemanni"
610,,Inductive Global and Local Manifold Approximation and Projection,Jungeum Kim; Xiao Wang,2024,Trans. Mach. Learn. Res.,,,,,2,0.000,0.000,10.48550/arXiv.2406.08097,https://www.semanticscholar.org/paper/2562e83654d65d006925ec610649d8cdc86a1ae6,,semantic_scholar,,"Nonlinear dimensional reduction with the manifold assumption, often called manifold learning, has proven its usefulness in a wide range of high-dimensional data analysis. The significant impact of t-SNE and UMAP has catalyzed intense research interest, seeking further innovations toward visualizing "
611,,Exploring the Manifold of Neural Networks Using Diffusion Geometry,Elliott Abel; Peyton Crevasse; Yvan Grinspan; Selma Mazioud; Folu Ogundipe,2024,arXiv.org,,,,,1,0.000,0.000,10.48550/arXiv.2411.12626,https://www.semanticscholar.org/paper/93e98982a168862915f94ba05c9212dc31320041,,semantic_scholar,,"Drawing motivation from the manifold hypothesis, which posits that most high-dimensional data lies on or near low-dimensional manifolds, we apply manifold learning to the space of neural networks. We learn manifolds where datapoints are neural networks by introducing a distance between the hidden la"
612,,Cross-View Approximation on Grassmann Manifold for Multiview Clustering,Yidan Ma; Xinjie Shen; Danyang Wu; Jianfu Cao; Feiping Nie,2024,IEEE Transactions on Neural Networks and Learning Systems,,,,,5,0.000,0.000,10.1109/TNNLS.2024.3388192,https://www.semanticscholar.org/paper/5d8eb4e1741d32dd169281f010dd0b798b18c5c1,,semantic_scholar,,"In existing multiview clustering research, the comprehensive learning from multiview graph and feature spaces simultaneously remains insufficient when achieving a consistent clustering structure. In addition, a postprocessing step is often required. In light of these considerations, a cross-view app"
613,,A Web Data Mining Algorithm Based on Manifold Distance for Mixed Data in Cloud Service Architecture,Hui Wang; Tie Cai; Dongsheng Cheng; Kangshun Li; Guangming Lin,2024,International Journal of Cognitive Informatics and Natural Intelligence,,,,,0,0.000,0.000,10.4018/ijcini.344021,https://www.semanticscholar.org/paper/5727b41f951e0d5a4c67dac218b8783e12f31bfb,https://www.igi-global.com/ViewTitle.aspx?TitleId=344021&isxn=9798369324714,semantic_scholar,,"Due to the complex distribution of web data and frequent updates under the cloud service architecture, the existing methods for global consistency of data ignore the global consistency of distance measurement and the inability to obtain neighborhood information of data. To overcome these problems, w"
614,,Recurrent Neural Networks Modelling based on Riemannian Symmetric Positive Definite Manifold,Léa Dubreil; Samy Labsir; Etienne Rouanet-Labé; Gael Pages,2024,European Signal Processing Conference,,,,,0,0.000,0.000,10.23919/eusipco63174.2024.10715039,https://www.semanticscholar.org/paper/b58366ae03eac10a3b193030429d7259fa220773,https://hal.science/hal-04708219v1/file/0001192.pdf,semantic_scholar,,"State estimation with Kalman Filters (KF) regularly encounters covariance matrices that are unknown or empirically determined, causing sub-optimal performances. Solutions to lift these uncertainties are opening up to estimation techniques based on the hybridization of KF with deep learning methods. "
615,,MIMO Radar Waveform Design for Range-ISL Optimization via Iterative Deep Unfolding Network,Ziwei Zhao; Jinfeng Hu; Kai Zhong; Yongfeng Zuo; Huiyong Li,2024,IEEE Geoscience and Remote Sensing Letters,,,,,10,0.000,0.000,10.1109/LGRS.2024.3368446,https://www.semanticscholar.org/paper/723d435880df8ddcd2cf0af01ddd17e168921043,,semantic_scholar,,"Multiple-input multiple-output (MIMO) radar unimodular waveform design with range-integrated sidelobe level (ISL) optimization is a key technology in remote sensing. Due to the nonconvex quartic objective function and constant modulus constraint (CMC), the problem is NP-hard and nonconvex. Existing "
616,,Diff-BBO: Diffusion-Based Inverse Modeling for Black-Box Optimization,D. Wu; Nikki Lijing Kuang; Ruijia Niu; Yi-An Ma; Rose Yu,2024,arXiv.org,,,,,8,0.000,0.000,10.48550/arXiv.2407.00610,https://www.semanticscholar.org/paper/c8c4065e4abb672b552bc7ff53370eac22290009,,semantic_scholar,,
617,,Locally Linear Embedding Based on Gannet Optimization Algorithm,Yiqi Zhu; Yang Yang; Yilin Fang; Wei Nai; Zan Yang,2024,"2024 IEEE 4th International Conference on Information Technology, Big Data and Artificial Intelligence (ICIBA)",,,,,3,0.000,0.000,10.1109/ICIBA62489.2024.10868270,https://www.semanticscholar.org/paper/26161d275cf5d78329e5ff5f8ee419e8c818e491,,semantic_scholar,,"The analysis and feature extraction of high-dimensional data can help people solve various problems in current industry applications, and manifold learning is a type of data dimensionality reduction method developed based on the concept of topological manifolds. Locally linear embedding (LLE) algori"
618,,t-SNE Based on Halton Sequence Initialized Mountaineering Team-Based Optimization Algorithm,Yue Tang; Wei Nai; Nengwei Lei; Dan Li; Zan Yang,2024,IEEE International Conference on Electronics Information and Emergency Communication,,,,,2,0.000,0.000,10.1109/ICEIEC61773.2024.10561807,https://www.semanticscholar.org/paper/3da916259945ded5e848dce38ddcca8d2ddd272a,,semantic_scholar,,"t-distributed stochastic neighbor embedding (t-SNE) is a classic manifold learning algorithm in the field of machine learning (ML), and it is a non-linear data dimensionality reduction method. Manifold learning generally constructs homeomorphic mappings from high-dimensional spaces to low dimensiona"
619,,Proximal methods for structured nonsmooth optimization over Riemannian submanifolds,Qia Li; Na Zhang; Junyu Feng; Hanwei Yan,2024,,,,,,3,0.000,0.000,,https://www.semanticscholar.org/paper/7e2e9bcf771b0d73ede6876f0853a13e46cf3d1d,,semantic_scholar,,"In this paper, we consider a class of structured nonsmooth optimization problems over an embedded submanifold of a Euclidean space, where the first part of the objective is the sum of a difference-of-convex (DC) function and a smooth function, while the remaining part is a weakly convex function ove"
