Rank,ID,Title,Authors,Year,Venue,Track,Status,Primary Area,Keywords,Citations,BM25 Score,Combined Score,DOI,URL,PDF,Source,TLDR,Abstract
1,,MotionDiffuse: Text-Driven Human Motion Generation With Diffusion Model,Mingyuan Zhang; Zhongang Cai; Liang Pan; Fangzhou Hong; Xinying Guo,2022,IEEE Transactions on Pattern Analysis and Machine Intelligence,,,,,792,0.000,0.000,10.1109/TPAMI.2024.3355414,https://www.semanticscholar.org/paper/1bbf99b5bfe9869876ac3bdd2999e16b2632c283,https://arxiv.org/pdf/2208.15001,semantic_scholar,,"Human motion modeling is important for many modern graphics applications, which typically require professional skills. In order to remove the skill barriers for laymen, recent motion generation methods can directly generate human motions conditioned on natural languages. However, it remains challeng"
2,,MotionCLIP: Exposing Human Motion Generation to CLIP Space,Guy Tevet; Brian Gordon; Amir Hertz; Amit H. Bermano; D. Cohen-Or,2022,European Conference on Computer Vision,,,,,457,0.000,0.000,10.48550/arXiv.2203.08063,https://www.semanticscholar.org/paper/e82df4b6a3628501fce67835ad8316d6525ad133,http://arxiv.org/pdf/2203.08063,semantic_scholar,,"We introduce MotionCLIP, a 3D human motion auto-encoder featuring a latent embedding that is disentangled, well behaved, and supports highly semantic textual descriptions. MotionCLIP gains its unique power by aligning its latent space with that of the Contrastive Language-Image Pre-training (CLIP) m"
3,,OmniControl: Control Any Joint at Any Time for Human Motion Generation,Yiming Xie; Varun Jampani; Lei Zhong; Deqing Sun; Huaizu Jiang,2023,International Conference on Learning Representations,,,,,188,0.000,0.000,10.48550/arXiv.2310.08580,https://www.semanticscholar.org/paper/ab31b3e6e35f661ec840e5bee6efeee8b6aaf7bc,https://arxiv.org/pdf/2310.08580,semantic_scholar,,"We present a novel approach named OmniControl for incorporating flexible spatial control signals into a text-conditioned human motion generation model based on the diffusion process. Unlike previous methods that can only control the pelvis trajectory, OmniControl can incorporate flexible spatial con"
4,,InterGen: Diffusion-Based Multi-human Motion Generation Under Complex Interactions,Hanming Liang; Wenqian Zhang; Wenxu Li; Jingyi Yu; Lan Xu,2023,International Journal of Computer Vision,,,,,180,0.000,0.000,10.1007/s11263-024-02042-6,https://www.semanticscholar.org/paper/390eabbedf9a25d82eefd01a484b1f81fdd801df,http://arxiv.org/pdf/2304.05684,semantic_scholar,,"We have recently seen tremendous progress in diffusion advances for generating realistic human motions. Yet, they largely disregard the multi-human interactions. In this paper, we present InterGen, an effective diffusion-based approach that enables layman users to customize high-quality two-person i"
5,,HUMANISE: Language-conditioned Human Motion Generation in 3D Scenes,Zan Wang; Yixin Chen; Tengyu Liu; Yixin Zhu; Wei Liang,2022,Neural Information Processing Systems,,,,,164,0.000,0.000,10.48550/arXiv.2210.09729,https://www.semanticscholar.org/paper/95054a9501ace643ce8fc652d6fb59d481d7231c,http://arxiv.org/pdf/2210.09729,semantic_scholar,,"Learning to generate diverse scene-aware and goal-oriented human motions in 3D scenes remains challenging due to the mediocre characteristics of the existing datasets on Human-Scene Interaction (HSI); they only have limited scale/quality and lack semantics. To fill in the gap, we propose a large-sca"
6,,CuRobo: Parallelized Collision-Free Robot Motion Generation,Balakumar Sundaralingam; S. Hari; Adam Fishman; Caelan Reed Garrett; Karl Van Wyk,2023,IEEE International Conference on Robotics and Automation,,,,,123,0.000,0.000,10.1109/ICRA48891.2023.10160765,https://www.semanticscholar.org/paper/4452d0f57c7d336ffc51a72a74c02854f547bfda,,semantic_scholar,,This paper explores the problem of collision-free motion generation for manipulators by formulating it as a global motion optimization problem. We develop a parallel optimization technique to solve this problem and demonstrate its effectiveness on massively parallel GPUs. We show that combining simp
7,,Motion Mamba: Efficient and Long Sequence Motion Generation with Hierarchical and Bidirectional Selective SSM,Zeyu Zhang; Akide Liu; Ian Reid; Richard Hartley; Bohan Zhuang,2024,European Conference on Computer Vision,,,,,105,0.000,0.000,10.48550/arXiv.2403.07487,https://www.semanticscholar.org/paper/b9646f057887825d7471ec01664494b0b7ca5a83,,semantic_scholar,,"Human motion generation stands as a significant pursuit in generative computer vision, while achieving long-sequence and efficient motion generation remains challenging. Recent advancements in state space models (SSMs), notably Mamba, have showcased considerable promise in long sequence modeling wit"
8,,Human Motion Generation: A Survey,Wentao Zhu; Xiaoxuan Ma; D. Ro; Hai Ci; Jinlu Zhang,2023,IEEE Transactions on Pattern Analysis and Machine Intelligence,,,,,103,0.000,0.000,10.1109/TPAMI.2023.3330935,https://www.semanticscholar.org/paper/051a7d88d82734bb143341815b5cceb1f9014f54,https://arxiv.org/pdf/2307.10894,semantic_scholar,,"Human motion generation aims to generate natural human pose sequences and shows immense potential for real-world applications. Substantial progress has been made recently in motion data collection technologies and generation methods, laying the foundation for increasing interest in human motion gene"
9,,AttT2M: Text-Driven Human Motion Generation with Multi-Perspective Attention Mechanism,Chongyang Zhong; Lei Hu; Zihao Zhang; Shihong Xia,2023,IEEE International Conference on Computer Vision,,,,,96,0.000,0.000,10.1109/ICCV51070.2023.00053,https://www.semanticscholar.org/paper/43f8b8b750d4505c456c422422b8227d6164cbed,https://arxiv.org/pdf/2309.00796,semantic_scholar,,"Generating 3D human motion based on textual descriptions has been a research focus in recent years. It requires the generated motion to be diverse, natural, and conform to the textual description. Due to the complex spatio-temporal nature of human motion and the difficulty in learning the cross-moda"
10,,Fg-T2M: Fine-Grained Text-Driven Human Motion Generation via Diffusion Model,Yin Wang; Zhiying Leng; Frederick W. B. Li; Shun-Cheng Wu; Xiaohui Liang,2023,IEEE International Conference on Computer Vision,,,,,82,0.000,0.000,10.1109/ICCV51070.2023.02014,https://www.semanticscholar.org/paper/96254f685b2cee4013666bc95759d0c95a8ad3b5,https://durham-repository.worktribe.com/preview/1736456/1735623AAM.pdf,semantic_scholar,,"Text-driven human motion generation in computer vision is both significant and challenging. However, current methods are limited to producing either deterministic or imprecise motion sequences, failing to effectively control the temporal and spatial relationships required to conform to a given text "
11,,"Move as you Say, Interact as you can: Language-Guided Human Motion Generation with Scene Affordance",Zan Wang; Yixin Chen; Baoxiong Jia; Puhao Li; Jinlu Zhang,2024,Computer Vision and Pattern Recognition,,,,,77,0.000,0.000,10.1109/CVPR52733.2024.00049,https://www.semanticscholar.org/paper/17e990a34f8e33669f247d5c52db69e33ef4c12d,https://arxiv.org/pdf/2403.18036,semantic_scholar,,"Despite significant advancements in text-to-motion syn-thesis, generating language-guided human motion within 3D environments poses substantial challenges. These challenges stem primarily from (i) the absence of powerful generative models capable of jointly modeling natural language, 3D scenes, and "
12,,"EMDM: Efficient Motion Diffusion Model for Fast, High-Quality Motion Generation",Wenyang Zhou; Zhiyang Dou; Zeyu Cao; Zhouyingcheng Liao; Jingbo Wang,2023,European Conference on Computer Vision,,,,,76,0.000,0.000,10.48550/arXiv.2312.02256,https://www.semanticscholar.org/paper/24b7abcd5a876146d613cbca0ad5e09d9851b259,,semantic_scholar,,"We introduce Efficient Motion Diffusion Model (EMDM) for fast and high-quality human motion generation. Current state-of-the-art generative diffusion models have produced impressive results but struggle to achieve fast generation without sacrificing quality. On the one hand, previous works, like mot"
13,,Multi-Track Timeline Control for Text-Driven 3D Human Motion Generation,Mathis Petrovich; O. Litany; Umar Iqbal; Michael J. Black; Gul Varol,2024,2024 IEEE/CVF Conference on Computer Vision and Pattern Recognition Workshops (CVPRW),,,,,68,0.000,0.000,10.1109/CVPRW63382.2024.00197,https://www.semanticscholar.org/paper/d135b38816993a9110f6d2aadd65ca371489ed03,http://arxiv.org/pdf/2401.08559,semantic_scholar,,"Recent advances in generative modeling have led to promising progress on synthesizing 3D human motion from text, with methods that can generate character animations from short prompts and specified durations. However, using a single text prompt as input lacks the fine-grained control needed by anima"
14,,Priority-Centric Human Motion Generation in Discrete Latent Space,Hanyang Kong; Kehong Gong; Dongze Lian; M. B. Mi; Xinchao Wang,2023,IEEE International Conference on Computer Vision,,,,,68,0.000,0.000,10.1109/ICCV51070.2023.01360,https://www.semanticscholar.org/paper/6c58e48e00d004fad10a6932608bc5894b8b9322,,semantic_scholar,,"Text-to-motion generation is a formidable task, aiming to produce human motions that align with the input text while also adhering to human capabilities and physical laws. While there have been advancements in diffusion models, their application in discrete spaces remains underexplored. Current meth"
15,,CuRobo: Parallelized Collision-Free Minimum-Jerk Robot Motion Generation,Balakumar Sundaralingam; S. Hari; Adam Fishman; Caelan Reed Garrett; Karl Van Wyk,2023,arXiv.org,,,,,65,0.000,0.000,10.48550/arXiv.2310.17274,https://www.semanticscholar.org/paper/8b10742cea517bb7bf3a0b079823ef134c4a6c24,,semantic_scholar,,This paper explores the problem of collision-free motion generation for manipulators by formulating it as a global motion optimization problem. We develop a parallel optimization technique to solve this problem and demonstrate its effectiveness on massively parallel GPUs. We show that combining simp
16,,Text2HOI: Text-Guided 3D Motion Generation for Hand-Object Interaction,Junuk Cha; Jihyeon Kim; Jae Shin Yoon; Seungryul Baek,2024,Computer Vision and Pattern Recognition,,,,,57,0.000,0.000,10.1109/CVPR52733.2024.00156,https://www.semanticscholar.org/paper/c4b83e361b417b284f1bb9d0aa0dbd9f7b87f346,https://arxiv.org/pdf/2404.00562,semantic_scholar,,"This paper introduces the first text-guided work for generating the sequence of hand-object interaction in 3D. The main challenge arises from the lack of labeled data where existing ground-truth datasets are nowhere near generalizable in interaction type and object category, which inhibits the model"
17,,OMG: Towards Open-vocabulary Motion Generation via Mixture of Controllers,Hanming Liang; Jiacheng Bao; Ruichi Zhang; Sihan Ren; Yuecheng Xu,2023,Computer Vision and Pattern Recognition,,,,,46,0.000,0.000,10.1109/CVPR52733.2024.00053,https://www.semanticscholar.org/paper/5cba06e72c842b503f2de958d4457ffda88a675f,https://arxiv.org/pdf/2312.08985,semantic_scholar,,"We have recently seen tremendous progress in realistic text-to-motion generation. Yet, the existing methods of-ten fail or produce implausible motions with unseen text inputs, which limits the applications. In this paper, we present OMG, a novel framework, which enables compelling motion generation "
18,,CoMo: Controllable Motion Generation through Language Guided Pose Code Editing,Yiming Huang; Weilin Wan; Yue Yang; Chris Callison-Burch; Mark Yatskar,2024,European Conference on Computer Vision,,,,,45,0.000,0.000,10.48550/arXiv.2403.13900,https://www.semanticscholar.org/paper/3c7a060f32d26f6463005f22183715aa4b369358,,semantic_scholar,,"Text-to-motion models excel at efficient human motion generation, but existing approaches lack fine-grained controllability over the generation process. Consequently, modifying subtle postures within a motion or inserting new actions at specific moments remains a challenge, limiting the applicabilit"
19,,DiverseMotion: Towards Diverse Human Motion Generation via Discrete Diffusion,Yunhong Lou; Linchao Zhu; Yaxiong Wang; Xiaohan Wang; Yezhou Yang,2023,arXiv.org,,,,,35,0.000,0.000,10.48550/arXiv.2309.01372,https://www.semanticscholar.org/paper/63c90ccf87293ecca791c374dd50635d335bd5a6,https://arxiv.org/pdf/2309.01372,semantic_scholar,,"We present DiverseMotion, a new approach for synthesizing high-quality human motions conditioned on textual descriptions while preserving motion diversity.Despite the recent significant process in text-based human motion generation,existing methods often prioritize fitting training motions at the ex"
20,,"Rethinking Diffusion for Text-Driven Human Motion Generation: Redundant Representations, Evaluation, and Masked Autoregression",Zichong Meng; Yiming Xie; Xiaogang Peng; Zeyu Han; Huaizu Jiang,2024,Computer Vision and Pattern Recognition,,,,,32,0.000,0.000,10.1109/CVPR52734.2025.02594,https://www.semanticscholar.org/paper/2283ebef7384996b31e112735996aa76e54c4890,,semantic_scholar,,"Since 2023, Vector Quantization (VQ)-based discrete generation methods have rapidly dominated human motion generation, primarily surpassing diffusion-based continuous generation methods in standard performance metrics. However, VQ-based methods have inherent limitations. Representing continuous moti"
21,,MAS: Multi-view Ancestral Sampling for 3D Motion Generation Using 2D Diffusion,Roy Kapon; Guy Tevet; D. Cohen-Or; A. Bermano,2023,Computer Vision and Pattern Recognition,,,,,32,0.000,0.000,10.1109/CVPR52733.2024.00192,https://www.semanticscholar.org/paper/0cfc681b76e8944271169f1ba4cfa8260304abee,https://arxiv.org/pdf/2310.14729,semantic_scholar,,"We introduce Multi-view Ancestral Sampling (MAS), a method for 3D motion generation, using 2D diffusion models that were trained on motions obtained from in-the-wild videos. As such, MAS opens opportunities to exciting and diverse fields of motion previously under-explored as 3D data is scarce and h"
22,,Robot Motion Diffusion Model: Motion Generation for Robotic Characters,Agon Serifi; Eth Zürich; Switzerland Disney Research; Disney Research Switzerland Espen Knoop RUBEN GRANDIA; Eth Zürich Switzerland MARKUS GROSS,2024,ACM SIGGRAPH Conference and Exhibition on Computer Graphics and Interactive Techniques in Asia,,,,,31,0.000,0.000,10.1145/3680528.3687626,https://www.semanticscholar.org/paper/44f763c847ca38b603640cb91c36d11a60a5599b,https://dl.acm.org/doi/pdf/10.1145/3680528.3687626,semantic_scholar,,"Recent advancements in generative motion models have achieved remarkable results, enabling the synthesis of lifelike human motions from textual descriptions. These kinematic approaches, while visually appealing, often produce motions that fail to adhere to physical constraints, resulting in artifact"
23,,LaserHuman: Language-guided Scene-aware Human Motion Generation in Free Environment,Peishan Cong; Ziyi Wang; Zhiyang Dou; Yiming Ren; Wei Yin,2024,arXiv.org,,,,,30,0.000,0.000,10.48550/arXiv.2403.13307,https://www.semanticscholar.org/paper/59c0b994462ac130866ecb9ad7ef0731768fe878,,semantic_scholar,,"Language-guided scene-aware human motion generation has great significance for entertainment and robotics. In response to the limitations of existing datasets, we introduce LaserHuman, a pioneering dataset engineered to revolutionize Scene-Text-to-Motion research. LaserHuman stands out with its incl"
24,,Towards Variable and Coordinated Holistic Co-Speech Motion Generation,Yifei Liu; Qiong Cao; Yandong Wen; Huaiguang Jiang; Changxing Ding,2024,Computer Vision and Pattern Recognition,,,,,29,0.000,0.000,10.1109/CVPR52733.2024.00155,https://www.semanticscholar.org/paper/99afcf5b6db3535f7ab05a379a200a706aab2e73,https://arxiv.org/pdf/2404.00368,semantic_scholar,,"This paper addresses the problem of generating lifelike holistic co-speech motions for 3D avatars, focusing on two key aspects: variability and coordination. Variability allows the avatar to exhibit a wide range of motions even with similar speech content, while coordination ensures a harmonious ali"
25,,WANDR: Intention-guided Human Motion Generation,Markos Diomataris; Nikos Athanasiou; Omid Taheri; Xi Wang; Otmar Hilliges,2024,Computer Vision and Pattern Recognition,,,,,27,0.000,0.000,10.1109/CVPR52733.2024.00094,https://www.semanticscholar.org/paper/2ac124234b2b7152ad17d63b92384696eaed42b8,https://arxiv.org/pdf/2404.15383,semantic_scholar,,Synthesizing natural human motions that enable a 3D human avatar to walk and reach for arbitrary goals in 3D space remains an unsolved problem with many applications. Existing methods (data-driven or using reinforcement learning) are limited in terms of generalization and motion naturalness. A prima
26,,HMD-NeMo: Online 3D Avatar Motion Generation From Sparse Observations,Sadegh Aliakbarian; F. Saleh; David Collier; Pashmina Cameron; D. Cosker,2023,IEEE International Conference on Computer Vision,,,,,25,0.000,0.000,10.1109/ICCV51070.2023.00882,https://www.semanticscholar.org/paper/f15c03a0d3eec92f8617ee17d315936021857e65,https://arxiv.org/pdf/2308.11261,semantic_scholar,,"Generating both plausible and accurate full body avatar motion is the key to the quality of immersive experiences in mixed reality scenarios. Head-Mounted Devices (HMDs) typically only provide a few input signals, such as head and hands 6-DoF. Recently, different approaches achieved impressive perfo"
27,,Harmon: Whole-Body Motion Generation of Humanoid Robots from Language Descriptions,Zhenyu Jiang; Yuqi Xie; Jinhan Li; Ye Yuan; Yifeng Zhu,2024,Conference on Robot Learning,,,,,24,0.000,0.000,10.48550/arXiv.2410.12773,https://www.semanticscholar.org/paper/c7ad1fc4f602f1213619ebf80d582ef5fe408267,,semantic_scholar,,"Humanoid robots, with their human-like embodiment, have the potential to integrate seamlessly into human environments. Critical to their coexistence and cooperation with humans is the ability to understand natural language communications and exhibit human-like behaviors. This work focuses on generat"
28,,Collision-Free Motion Generation Based on Stochastic Optimization and Composite Signed Distance Field Networks of Articulated Robot,Baolin Liu; G. Jiang; Fei Zhao; Xue Mei,2023,IEEE Robotics and Automation Letters,,,,,24,0.000,0.000,10.1109/LRA.2023.3311357,https://www.semanticscholar.org/paper/7b4ef92fc407415eb5daa716b360cff2fdd82e49,http://arxiv.org/pdf/2306.04130,semantic_scholar,,"Safe robot motion generation is critical for practical applications from manufacturing to homes. In this work, we proposed a stochastic optimization-based motion generation method to generate collision-free and time-optimal motion for the articulated robot represented by composite signed distance fi"
29,,Global and Reactive Motion Generation with Geometric Fabric Command Sequences,Weiming Zhi; Iretiayo Akinola; Karl Van Wyk; Nathan D. Ratliff; Fabio Ramos,2023,IEEE International Conference on Robotics and Automation,,,,,24,0.000,0.000,10.1109/ICRA48891.2023.10160965,https://www.semanticscholar.org/paper/c9336a740bf6b31c59c78b40cc350aa55a037789,,semantic_scholar,,"Motion generation seeks to produce safe and feasible robot motion from start to goal. Various tools at different levels of granularity have been developed. On one extreme, sampling-based motion planners focus on completeness - a solution, if it exists, would eventually be found. However, produced pa"
30,,"Plan, Posture and Go: Towards Open-World Text-to-Motion Generation",Jinpeng Liu; Wen-Dao Dai; Chunyu Wang; Yiji Cheng; Yansong Tang,2023,arXiv.org,,,,,24,0.000,0.000,10.48550/arXiv.2312.14828,https://www.semanticscholar.org/paper/4599d5af850da482f591a02a3b17d56e0d358771,,semantic_scholar,,"Conventional text-to-motion generation methods are usually trained on limited text-motion pairs, making them hard to generalize to open-world scenarios. Some works use the CLIP model to align the motion space and the text space, aiming to enable motion generation from natural language motion descrip"
31,,Modiff: Action-Conditioned 3D Motion Generation with Denoising Diffusion Probabilistic Models,Mengyi Zhao; Mengyuan Liu; Bin Ren; Shuling Dai; N. Sebe,2023,arXiv.org,,,,,23,0.000,0.000,10.48550/arXiv.2301.03949,https://www.semanticscholar.org/paper/eb19caa14b5d2e4bd675e1ae33fb51749845191d,http://arxiv.org/pdf/2301.03949,semantic_scholar,,"Diffusion-based generative models have recently emerged as powerful solutions for high-quality synthesis in multiple domains. Leveraging the bidirectional Markov chains, diffusion probabilistic models generate samples by inferring the reversed Markov chain based on the learned distribution mapping a"
32,,ScaMo: Exploring the Scaling Law in Autoregressive Motion Generation Model,Shunlin Lu; Jingbo Wang; Zeyu Lu; Ling-Hao Chen; Wenxun Dai,2024,Computer Vision and Pattern Recognition,,,,,22,0.000,0.000,10.1109/CVPR52734.2025.02595,https://www.semanticscholar.org/paper/fe1cf34f0f2dfcac81ab9d9f4c47ae8495cbb115,,semantic_scholar,,"The scaling law has been validated in various domains, such as natural language processing (NLP) and massive computer vision tasks; however, its application to motion generation remains largely unexplored. In this paper, we introduce a scalable motion generation framework that includes the motion to"
33,,GUESS: GradUally Enriching SyntheSis for Text-Driven Human Motion Generation,Xuehao Gao; Yang Yang; Zhenyu Xie; Shaoyi Du; Zhongqian Sun,2024,IEEE Transactions on Visualization and Computer Graphics,,,,,22,0.000,0.000,10.1109/TVCG.2024.3352002,https://www.semanticscholar.org/paper/731b5637ceb64c5a9ce8cbd9995e3cca22718295,,semantic_scholar,,"In this article, we propose a novel cascaded diffusion-based generative framework for text-driven human motion synthesis, which exploits a strategy named GradUally Enriching SyntheSis (GUESS as its abbreviation). The strategy sets up generation objectives by grouping body joints of detailed skeleton"
34,,Reactive collision-free motion generation in joint space via dynamical systems and sampling-based MPC,Mikhail Koptev; Nadia Figueroa; A. Billard,2024,Int. J. Robotics Res.,,,,,21,0.000,0.000,10.1177/02783649241246557,https://www.semanticscholar.org/paper/9945f4119f5eb303f3c0661eeb8c7f00dafd8917,,semantic_scholar,,"Dynamical system (DS) based motion planning offers collision-free motion, with closed-loop reactivity thanks to their analytical expression. It ensures that obstacles are not penetrated by reshaping a nominal DS through matrix modulation, which is constructed using continuously differentiable obstac"
35,,ROAM: Robust and Object-Aware Motion Generation Using Neural Pose Descriptors,Wanyue Zhang; Rishabh Dabral; Thomas Leimkuhler; Vladislav Golyanik; Marc Habermann,2023,International Conference on 3D Vision,,,,,21,0.000,0.000,10.1109/3DV62453.2024.00130,https://www.semanticscholar.org/paper/ff3debf160e93611fd44fea174aac0ce84b054c2,https://arxiv.org/pdf/2308.12969,semantic_scholar,,"Existing automatic approaches for 3D virtual character motion synthesis supporting scene interactions do not gen-eralise well to new objects outside training distributions, even when trained on extensive motion capture datasets with diverse objects and annotated interactions. This paper addresses th"
36,,A DMP-Based Motion Generation Scheme for Robotic Mirror Therapy,Jiajun Xu; Linsen Xu; A. Ji; Youfu Li; Kai Cao,2023,IEEE/ASME transactions on mechatronics,,,,,20,0.000,0.000,10.1109/TMECH.2023.3255218,https://www.semanticscholar.org/paper/a7f9e571b8126dc3b20ab6733817f82746e05781,,semantic_scholar,,"Hemiparesis has become prevalent in recent years, and robot-assisted rehabilitation provides great therapeutic potential. Robotic mirror therapy is a promising approach for hemiplegic patients by transmitting the motion of the healthy limb (HL) to the impaired limb (IL), where the wearable robot ass"
37,,MoGenTS: Motion Generation based on Spatial-Temporal Joint Modeling,Weihao Yuan; Weichao Shen; Yisheng He; Yuan Dong; Xiaodong Gu,2024,Neural Information Processing Systems,,,,,18,0.000,0.000,10.48550/arXiv.2409.17686,https://www.semanticscholar.org/paper/fbe299769cc5554dbe1f2901e8e882d8e23a2e91,,semantic_scholar,,"Motion generation from discrete quantization offers many advantages over continuous regression, but at the cost of inevitable approximation errors. Previous methods usually quantize the entire body pose into one code, which not only faces the difficulty in encoding all joints within one vector but a"
38,,InfiniMotion: Mamba Boosts Memory in Transformer for Arbitrary Long Motion Generation,Zeyu Zhang; Akide Liu; Qi Chen; Feng Chen; Ian Reid,2024,arXiv.org,,,,,18,0.000,0.000,10.48550/arXiv.2407.10061,https://www.semanticscholar.org/paper/2230396c51086ccdaaeffbf7d47c82dea784186f,,semantic_scholar,,"Text-to-motion generation holds potential for film, gaming, and robotics, yet current methods often prioritize short motion generation, making it challenging to produce long motion sequences effectively: (1) Current methods struggle to handle long motion sequences as a single input due to prohibitiv"
39,,M2D2M: Multi-Motion Generation from Text with Discrete Diffusion Models,Seung-geun Chi; Hyung-gun Chi; Hengbo Ma; Nakul Agarwal; Faizan Siddiqui,2024,European Conference on Computer Vision,,,,,17,0.000,0.000,10.48550/arXiv.2407.14502,https://www.semanticscholar.org/paper/4af09ac56b2d9321efac3c8cb8f17ca04eeb61e0,,semantic_scholar,,"We introduce the Multi-Motion Discrete Diffusion Models (M2D2M), a novel approach for human motion generation from textual descriptions of multiple actions, utilizing the strengths of discrete diffusion models. This approach adeptly addresses the challenge of generating multi-motion sequences, ensur"
40,,RangedIK: An Optimization-based Robot Motion Generation Method for Ranged-Goal Tasks,Yeping Wang; Pragathi Praveena; D. Rakita; Michael Gleicher,2023,IEEE International Conference on Robotics and Automation,,,,,17,0.000,0.000,10.1109/ICRA48891.2023.10161311,https://www.semanticscholar.org/paper/3537783d03a23571ef5131448822d06d633cf6fb,http://arxiv.org/pdf/2302.13935,semantic_scholar,,"Generating feasible robot motions in real-time requires achieving multiple tasks (i.e., kinematic requirements) simultaneously. These tasks can have a specific goal, a range of equally valid goals, or a range of acceptable goals with a preference toward a specific goal. To satisfy multiple and poten"
41,,MulSMo: Multimodal Stylized Motion Generation by Bidirectional Control Flow,Zhe Li; Yisheng He; Lei Zhong; Weichao Shen; Qi Zuo,2024,arXiv.org,,,,,16,0.000,0.000,10.48550/arXiv.2412.09901,https://www.semanticscholar.org/paper/16760e430ad2d38ab2236000e65f83a9eda102be,,semantic_scholar,,"Generating motion sequences conforming to a target style while adhering to the given content prompts requires accommodating both the content and style. In existing methods, the information usually only flows from style to content, which may cause conflict between the style and content, harming the i"
42,,HMD2: Environment-Aware Motion Generation from Single Egocentric Head-Mounted Device,Vladimir Guzov; Yifeng Jiang; Fangzhou Hong; Gerard Pons-Moll; Richard A. Newcombe,2024,International Conference on 3D Vision,,,,,16,0.000,0.000,10.1109/3DV66043.2025.00132,https://www.semanticscholar.org/paper/2bd848555d2a506b213519428f895f7b8f29fe82,,semantic_scholar,,"This paper investigates the generation of realistic full-body human motion using a single head-mounted device with an outward-facing color camera and the ability to perform visual SLAM. To address the ambiguity of this setup, we present HMD2, a novel system that balances motion reconstruction and ge"
43,,Contact-aware Human Motion Generation from Textual Descriptions,Sihan Ma; Qiong Cao; Jing Zhang; Dacheng Tao,2024,arXiv.org,,,,,15,0.000,0.000,10.48550/arXiv.2403.15709,https://www.semanticscholar.org/paper/d9020a32acca29864993ed7ca3213f2c194aa6be,,semantic_scholar,,"This paper addresses the problem of generating 3D interactive human motion from text. Given a textual description depicting the actions of different body parts in contact with static objects, we synthesize sequences of 3D body poses that are visually natural and physically plausible. Yet, this task "
44,,OmniMotionGPT: Animal Motion Generation with Limited Data,Zhangsihao Yang; Mingyuan Zhou; Mengyi Shan; Bingbing Wen; Ziwei Xuan,2023,Computer Vision and Pattern Recognition,,,,,15,0.000,0.000,10.1109/CVPR52733.2024.00125,https://www.semanticscholar.org/paper/98a406d7c58c0a5928da29ff6cd1db01be743d5d,https://arxiv.org/pdf/2311.18303,semantic_scholar,,"Our paper aims to generate diverse and realistic ani-mal motion sequences from textual descriptions, without a large-scale animal text-motion dataset. While the task of text-driven human motion synthesis is already extensively studied and benchmarked, it remains challenging to transfer this success "
45,,TapMo: Shape-aware Motion Generation of Skeleton-free Characters,Jiaxu Zhang; Shaoli Huang; Zhigang Tu; Xin Chen; Xiaohang Zhan,2023,International Conference on Learning Representations,,,,,15,0.000,0.000,10.48550/arXiv.2310.12678,https://www.semanticscholar.org/paper/218f3c67e3856f2354c5f09136fe970e70990d21,,semantic_scholar,,"Previous motion generation methods are limited to the pre-rigged 3D human model, hindering their applications in the animation of various non-rigged characters. In this work, we present TapMo, a Text-driven Animation Pipeline for synthesizing Motion in a broad spectrum of skeleton-free 3D characters"
46,,Denoising Diffusion Probabilistic Models for Action-Conditioned 3D Motion Generation,Mengyi Zhao; Mengyuan Liu; Bin Ren; Shuling Dai; N. Sebe,2024,"IEEE International Conference on Acoustics, Speech, and Signal Processing",,,,,14,0.000,0.000,10.1109/ICASSP48485.2024.10446185,https://www.semanticscholar.org/paper/2cfa35e76ad82cb33e33a4eb4dd706e7c291a790,,semantic_scholar,,"Diffusion-based generative models have proven to be highly effective in various domains of synthesis. In this work, we propose a conditional paradigm utilizing the denoising diffusion probabilistic model (DDPM) to address the challenge of realistic and diverse action-conditioned 3D skeleton-based mo"
47,,Programmable Motion Generation for Open-Set Motion Control Tasks,Hanchao Liu; Xiaohang Zhan; Shaoli Huang; Tai-Jiang Mu; Ying Shan,2024,Computer Vision and Pattern Recognition,,,,,14,0.000,0.000,10.1109/CVPR52733.2024.00139,https://www.semanticscholar.org/paper/e0abc8584aaf22b3bd4016d441ebc8a4c05238ca,https://arxiv.org/pdf/2405.19283,semantic_scholar,,"Character animation in real-world scenarios necessitates a variety of constraints, such as trajectories, keyframes, interactions, etc. Existing methodologies typically treat single or a finite set of these constraint(s) as separate control tasks. These methods are often specialized, and the tasks th"
48,,Taming Diffusion Models for Music-driven Conducting Motion Generation,Zhuoran Zhao; Jinbin Bai; Delong Chen; Debang Wang; Yubo Pan,2023,Proceedings of the AAAI Symposium Series,,,,,13,0.000,0.000,10.48550/arXiv.2306.10065,https://www.semanticscholar.org/paper/8e46321b0b717bb595a8ff23f7464fab5c313919,http://arxiv.org/pdf/2306.10065,semantic_scholar,,Generating the motion of orchestral conductors from a given piece of symphony music is a challenging task since it requires a model to learn semantic music features and capture the underlying distribution of real conducting motion. Prior works have applied Generative Adversarial Networks (GAN) to th
49,,Spatio-Temporal Graph Diffusion for Text-Driven Human Motion Generation,Chang Liu; Mengyi Zhao; Bin Ren; Mengyuan Liu; N. Sebe,2023,British Machine Vision Conference,,,,,13,0.000,0.000,,https://www.semanticscholar.org/paper/ffa1e4cc449c2cab145f65f7e10acd6e7a2ed928,,semantic_scholar,,
50,,MotionMix: Weakly-Supervised Diffusion for Controllable Motion Generation,Nhat M. Hoang; Kehong Gong; Chuan Guo; Michael Bi Mi,2024,AAAI Conference on Artificial Intelligence,,,,,11,0.000,0.000,10.48550/arXiv.2401.11115,https://www.semanticscholar.org/paper/6fee3e7fd37d56b83c85b46d079211ab271a3a5d,,semantic_scholar,,"Controllable generation of 3D human motions becomes an important topic as the world embraces digital transformation. Existing works, though making promising progress with the advent of diffusion models, heavily rely on meticulously captured and annotated (e.g., text) high-quality motion corpus, a re"
51,,Online Adaptive Motion Generation for Humanoid Locomotion on Non-Flat Terrain via Template Behavior Extension,Xiang Meng; Zhangguo Yu; Xuechao Chen; Zelin Huang; Fei Meng,2024,IEEE Transactions on Automation Science and Engineering,,,,,11,0.000,0.000,10.1109/TASE.2023.3327819,https://www.semanticscholar.org/paper/90251b7f8181f05708bc086d69ea3c0a4a9d11a2,,semantic_scholar,,"For humanoid robots, online motion generation on non-flat terrain remains an ongoing research challenge. Computational complexity is one of the primary restrictions that preclude motion planners from generating adaptive behaviors online. In this paper, we investigate this problem and decompose it in"
52,,CoMA: Compositional Human Motion Generation with Multi-modal Agents,Shanlin Sun; Gabriel De Araujo; Jiaqi Xu; Shenghan Zhou; Hanwen Zhang,2024,arXiv.org,,,,,11,0.000,0.000,10.48550/arXiv.2412.07320,https://www.semanticscholar.org/paper/b71a155f1d5e06d5f0f6287d9db744fbdf0f4d45,,semantic_scholar,,"3D human motion generation has seen substantial advancement in recent years. While state-of-the-art approaches have improved performance significantly, they still struggle with complex and detailed motions unseen in training data, largely due to the scarcity of motion datasets and the prohibitive co"
53,,MMoFusion: Multi-modal Co-Speech Motion Generation with Diffusion Model,Sen Wang; Jiangning Zhang; Weijian Cao; Xiaobin Hu; Moran Li,2024,Pattern Recognition,,,,,11,0.000,0.000,10.48550/arXiv.2403.02905,https://www.semanticscholar.org/paper/fc02a811ea144347fe9e8db2dbf188a4c47845f8,,semantic_scholar,,"The body movements accompanying speech aid speakers in expressing their ideas. Co-speech motion generation is one of the important approaches for synthesizing realistic avatars. Due to the intricate correspondence between speech and motion, generating realistic and diverse motion is a challenging ta"
54,,Sitcom-Crafter: A Plot-Driven Human Motion Generation System in 3D Scenes,Jianqi Chen; Panwen Hu; Xiaojun Chang; Z. Shi; Michael C. Kampffmeyer,2024,arXiv.org,,,,,11,0.000,0.000,10.48550/arXiv.2410.10790,https://www.semanticscholar.org/paper/bf0bcdc04664339e9a4d7ae91741cc878dc82062,,semantic_scholar,,"Recent advancements in human motion synthesis have focused on specific types of motions, such as human-scene interaction, locomotion or human-human interaction, however, there is a lack of a unified system capable of generating a diverse combination of motion types. In response, we introduce Sitcom-"
55,,Exploring Text-to-Motion Generation with Human Preference,Jenny Sheng; Matthieu Lin; Andrew Zhao; Kevin Pruvost; Yu-Hui Wen,2024,2024 IEEE/CVF Conference on Computer Vision and Pattern Recognition Workshops (CVPRW),,,,,10,0.000,0.000,10.1109/CVPRW63382.2024.00195,https://www.semanticscholar.org/paper/5f40b8d3cd67d676150b3f962d294f593c982e1e,https://arxiv.org/pdf/2404.09445,semantic_scholar,,"This paper presents an exploration of preference learning in text-to-motion generation. We find that current improvements in text-to-motion generation still rely on datasets requiring expert labelers with motion capture systems. Instead, learning from human preference data does not require motion ca"
56,,Pay Attention and Move Better: Harnessing Attention for Interactive Motion Generation and Training-free Editing,Ling-Hao Chen; Wenxun Dai; Xuan Ju; Shunlin Lu; Lei Zhang,2024,,,,,,10,0.000,0.000,,https://www.semanticscholar.org/paper/b23565af3daebee5fd495339b584e38c48be4b7e,,semantic_scholar,,"This research delves into the problem of interactive editing of human motion generation. Previous motion diffusion models lack explicit modeling of the word-level text-motion correspondence and good explainability, hence restricting their fine-grained editing ability. To address this issue, we propo"
57,,Light-T2M: A Lightweight and Fast Model for Text-to-motion Generation,Ling-an Zeng; Guohong Huang; Gaojie Wu; Wei-Shi Zheng,2024,AAAI Conference on Artificial Intelligence,,,,,10,0.000,0.000,10.48550/arXiv.2412.11193,https://www.semanticscholar.org/paper/d17246bbdb5c98119239d08c8f7b02209cccbc8f,,semantic_scholar,,"Despite the significant role text-to-motion (T2M) generation plays across various applications, current methods involve a large number of parameters and suffer from slow inference speeds, leading to high usage costs.
To address this, we aim to design a lightweight model to reduce usage costs.
First,"
58,,Biomimetic Approaches for Human Arm Motion Generation: Literature Review and Future Directions,Urvish Trivedi; Dimitrios Menychtas; Redwan Alqasemi; R. Dubey,2023,Italian National Conference on Sensors,,,,,10,0.000,0.000,10.3390/s23083912,https://www.semanticscholar.org/paper/ff4f722e199cdfa1be9a3ebb769b6f4e859de4e0,https://www.mdpi.com/1424-8220/23/8/3912/pdf?version=1681285375,semantic_scholar,,"In recent years, numerous studies have been conducted to analyze how humans subconsciously optimize various performance criteria while performing a particular task, which has led to the development of robots that are capable of performing tasks with a similar level of efficiency as humans. The compl"
59,,EnergyMogen: Compositional Human Motion Generation with Energy-Based Diffusion Model in Latent Space,Jianrong Zhang; Hehe Fan; Yi Yang,2024,Computer Vision and Pattern Recognition,,,,,9,0.000,0.000,10.1109/CVPR52734.2025.01639,https://www.semanticscholar.org/paper/8cb7437646808d1d4fad5da90c5024c90301dc96,,semantic_scholar,,"Diffusion models, particularly latent diffusion models, have demonstrated remarkable success in text-driven human motion generation. However, it remains challenging for latent diffusion models to effectively compose multiple semantic concepts into a single, coherent motion sequence. To address this "
60,,BAD: Bidirectional Auto-Regressive Diffusion for Text-to-Motion Generation,Seyed Rohollah Hosseyni; Ali Ahmad Rahmani; Seyed Jamal Seyed-Mohammadi; Sanaz Seyedin; Arash Mohammadi,2024,"IEEE International Conference on Acoustics, Speech, and Signal Processing",,,,,9,0.000,0.000,10.1109/ICASSP49660.2025.10889942,https://www.semanticscholar.org/paper/e42b10840183b76a36d687237315a72d12aaf723,,semantic_scholar,,"Autoregressive models excel in modeling sequential dependencies by enforcing causal constraints, yet they struggle to capture complex bidirectional patterns due to their unidirectional nature. In contrast, mask-based models leverage bidirectional context, enabling richer dependency modeling. However"
61,,MotionRL: Align Text-to-Motion Generation to Human Preferences with Multi-Reward Reinforcement Learning,Xiaoyang Liu; Yunyao Mao; Wen-gang Zhou; Houqiang Li,2024,arXiv.org,,,,,9,0.000,0.000,10.48550/arXiv.2410.06513,https://www.semanticscholar.org/paper/0c55e60cddec16339171e4f318dcb94344dbe0fc,,semantic_scholar,,"We introduce MotionRL, the first approach to utilize Multi-Reward Reinforcement Learning (RL) for optimizing text-to-motion generation tasks and aligning them with human preferences. Previous works focused on improving numerical performance metrics on the given datasets, often neglecting the variabi"
62,,T2LM: Long-Term 3D Human Motion Generation from Multiple Sentences,T. Lee; Fabien Baradel; Thomas Lucas; Kyoung Mu Lee; Grégory Rogez,2024,2024 IEEE/CVF Conference on Computer Vision and Pattern Recognition Workshops (CVPRW),,,,,9,0.000,0.000,10.1109/CVPRW63382.2024.00193,https://www.semanticscholar.org/paper/49528e765253dd31acb6cb9095a5d1bd53f602be,https://arxiv.org/pdf/2406.00636,semantic_scholar,,"In this paper, we address the challenging problem of long-term 3D human motion generation. Specifically, we aim to generate a long sequence of smoothly connected actions from a stream of multiple sentences (i.e., paragraph). Previous long-term motion generating approaches were mostly based on recurr"
63,,Holistic-Motion2D: Scalable Whole-body Human Motion Generation in 2D Space,Yuan Wang; Zhao Wang; Junhao Gong; Di Huang; Tong He,2024,arXiv.org,,,,,8,0.000,0.000,10.48550/arXiv.2406.11253,https://www.semanticscholar.org/paper/6c1aa76ca8e99ec076bb17613ab1bf5b9a682fa0,,semantic_scholar,,"In this paper, we introduce a novel path to $\textit{general}$ human motion generation by focusing on 2D space. Traditional methods have primarily generated human motions in 3D, which, while detailed and realistic, are often limited by the scope of available 3D motion data in terms of both the size "
64,,ASMNet: Action and Style-Conditioned Motion Generative Network for 3D Human Motion Generation,Zongying Li; Yong Wang; Xin Du; Can Wang; Reinhard Koch,2024,Cyborg and Bionic Systems,,,,,8,0.000,0.000,10.34133/cbsystems.0090,https://www.semanticscholar.org/paper/b33d74bd3a240baefe1ae2b7c3743d7a5e1111f7,https://doi.org/10.34133/cbsystems.0090,semantic_scholar,,"Extensive research has explored human motion generation, but the generated sequences are influenced by different motion styles. For instance, the act of walking with joy and sorrow evokes distinct effects on a character’s motion. Due to the difficulties in motion capture with styles, the available d"
65,,Walk-the-Talk: LLM driven pedestrian motion generation,Mohan Ramesh; Fabian B. Flohr,2024,2024 IEEE Intelligent Vehicles Symposium (IV),,,,,8,0.000,0.000,10.1109/IV55156.2024.10588860,https://www.semanticscholar.org/paper/9b2f8c14415227dff48af2aa28439b9bf5eb6de3,,semantic_scholar,,"In the field of autonomous driving, a key challenge is the ""reality gap"": transferring knowledge gained in simulation to real-world settings. Despite various approaches to mitigate this gap, there’s a notable absence of solutions targeting agent behavior generation which are crucial for mimicking sp"
66,,Establishing a Unified Evaluation Framework for Human Motion Generation: A Comparative Analysis of Metrics,Ali Ismail-Fawaz; M. Devanne; Stefano Berretti; Jonathan Weber; G. Forestier,2024,Computer Vision and Image Understanding,,,,,7,0.000,0.000,10.48550/arXiv.2405.07680,https://www.semanticscholar.org/paper/9af1e48021c8de5b2f48ab8c2ecf807e2d088ddd,,semantic_scholar,,"The development of generative artificial intelligence for human motion generation has expanded rapidly, necessitating a unified evaluation framework. This paper presents a detailed review of eight evaluation metrics for human motion generation, highlighting their unique features and shortcomings. We"
67,,High-resolution ground motion generation with time–frequency representation,Zekun Xu; Jun Chen,2024,Bulletin of Earthquake Engineering,,,,,7,0.000,0.000,10.1007/s10518-024-01912-1,https://www.semanticscholar.org/paper/f18aa02134235f6e1aec3c2ac159e9933eacec77,,semantic_scholar,,
68,,Sign Language Dataset for Automatic Motion Generation,María Villa-Monedero; M. Gil-Martín; Daniel Sáez-Trigueros; Andrzej Pomirski; Rubén San-Segundo-Hernández,2023,Journal of Imaging,,,,,7,0.000,0.000,10.3390/jimaging9120262,https://www.semanticscholar.org/paper/d85a09074e2e99400a97f307290baa35e5f415ee,https://www.mdpi.com/2313-433X/9/12/262/pdf?version=1701102623,semantic_scholar,,"Several sign language datasets are available in the literature. Most of them are designed for sign language recognition and translation. This paper presents a new sign language dataset for automatic motion generation. This dataset includes phonemes for each sign (specified in HamNoSys, a transcripti"
69,,MoLA: Motion Generation and Editing with Latent Diffusion Enhanced by Adversarial Training,Kengo Uchida; Takashi Shibuya; Yuhta Takida; Naoki Murata; Shusuke Takahashi,2024,2025 IEEE/CVF Conference on Computer Vision and Pattern Recognition Workshops (CVPRW),,,,,6,0.000,0.000,10.1109/CVPRW67362.2025.00274,https://www.semanticscholar.org/paper/c8b781c52cea0ad42dd0dffbcf781f9b5d03cfc7,,semantic_scholar,,"In text-to-motion generation, controllability as well as generation quality and speed has become increasingly critical. The controllability challenges include generating a motion of a length that matches the given textual description and editing the generated motions according to control signals, su"
70,,Text-driven Human Motion Generation with Motion Masked Diffusion Model,Xingyu Chen,2024,arXiv.org,,,,,6,0.000,0.000,10.48550/arXiv.2409.19686,https://www.semanticscholar.org/paper/899b327f3af998ad47d699821a250682bbfb5415,,semantic_scholar,,"Text-driven human motion generation is a multimodal task that synthesizes human motion sequences conditioned on natural language. It requires the model to satisfy textual descriptions under varying conditional inputs, while generating plausible and realistic human actions with high diversity. Existi"
71,,CrowdMoGen: Zero-Shot Text-Driven Collective Motion Generation,Yukang Cao; Xinying Guo; Mingyuan Zhang; Haozhe Xie; Chenyang Gu,2024,,,,,,6,0.000,0.000,,https://www.semanticscholar.org/paper/2767698e7fc2e36fd355d347c008566ad7e84beb,,semantic_scholar,,"While recent advances in text-to-motion generation have shown promising results, they typically assume all individuals are grouped as a single unit. Scaling these methods to handle larger crowds and ensuring that individuals respond appropriately to specific events remains a significant challenge. T"
72,,KMM: Key Frame Mask Mamba for Extended Motion Generation,Zeyu Zhang; Hang Gao; Akide Liu; Qi Chen; Feng Chen,2024,arXiv.org,,,,,6,0.000,0.000,10.48550/arXiv.2411.06481,https://www.semanticscholar.org/paper/f75e636894d55579f7b91bbb5e2ae2082cc75d9c,,semantic_scholar,,"Human motion generation is a cut-edge area of research in generative computer vision, with promising applications in video creation, game development, and robotic manipulation. The recent Mamba architecture shows promising results in efficiently modeling long and complex sequences, yet two significa"
73,,TIMotion: Temporal and Interactive Framework for Efficient Human-Human Motion Generation,Yabiao Wang; Shuo Wang; Jiangning Zhang; Ke Fan; Jiafu Wu,2024,Computer Vision and Pattern Recognition,,,,,5,0.000,0.000,10.1109/CVPR52734.2025.00672,https://www.semanticscholar.org/paper/baab1805ea66943dbd2d8841c5fc387ae02c55b6,,semantic_scholar,,"Human-human motion generation is essential for understanding humans as social beings. Current methods fall into two main categories: single-person-based methods and separate modeling-based methods. To delve into this field, we abstract the overall generation process into a general framework MetaMoti"
74,,SemTalk: Holistic Co-speech Motion Generation with Frame-level Semantic Emphasis,Xiangyue Zhang; Jiangfang Li; Jiaxu Zhang; Ziqiang Dang; Jianqiang Ren,2024,arXiv.org,,,,,5,0.000,0.000,10.48550/arXiv.2412.16563,https://www.semanticscholar.org/paper/5e091e031bda1f4d016b00207feadacf02bec39d,,semantic_scholar,,"A good co-speech motion generation cannot be achieved without a careful integration of common rhythmic motion and rare yet essential semantic motion. In this work, we propose SemTalk for holistic co-speech motion generation with frame-level semantic emphasis. Our key insight is to separately learn b"
75,,Textual Decomposition Then Sub-motion-space Scattering for Open-Vocabulary Motion Generation,Ke Fan; Jiangning Zhang; Ran Yi; Jing-yu Gong; Yabiao Wang,2024,arXiv.org,,,,,4,0.000,0.000,10.48550/arXiv.2411.04079,https://www.semanticscholar.org/paper/a8aa9b2977c53a2d2544fb0fbe1378d381177fcb,,semantic_scholar,,"Text-to-motion generation is a crucial task in computer vision, which generates the target 3D motion by the given text. The existing annotated datasets are limited in scale, resulting in most existing methods overfitting to the small datasets and unable to generalize to the motions of the open domai"
76,,The State of Robot Motion Generation,Kostas E. Bekris; Joe H. Doerr; Patrick Meng; Sumanth Tangirala,2024,arXiv.org,,,,,3,0.000,0.000,10.48550/arXiv.2410.12172,https://www.semanticscholar.org/paper/d941fa629c35d80f957e3ebb0db165fc00faf713,,semantic_scholar,,"This paper reviews the large spectrum of methods for generating robot motion proposed over the 50 years of robotics research culminating in recent developments. It crosses the boundaries of methodologies, typically not surveyed together, from those that operate over explicit models to those that lea"
77,,Human motion generation with StyleGAN,Kazuki Yamamoto; Makoto Murakami,2024,Other Conferences,,,,,2,0.000,0.000,10.1117/12.3029447,https://www.semanticscholar.org/paper/f00419ab3ef5ccca6c98458f66c8f1fb516d1333,,semantic_scholar,,"Humanoid characters in games and videos move naturally as humans do in the real world. Recently, research has been conducted on generating natural motion using deep learning. Currently, there is a need to generate and control diverse natural motions. Therefore, this study proposes a model for genera"
78,,A review of motion generation technology,Zhe Yang,2024,Applied and Computational Engineering,,,,,1,0.000,0.000,10.54254/2755-2721/30/20230073,https://www.semanticscholar.org/paper/e7530f3c6067d852b60f19360f60a0a7596d1322,https://ace.ewapublishing.org/media/0aaecc4153424cba9f9354d2127ae01f.marked_zINyiOL.pdf,semantic_scholar,,"Nowadays, deep learning and neural network-related research play a very important role in the widely use of artificial intelligence -related technologies, Among them, the hot development in the direction of generative adversarial networks (GAN) has given birth to many generation-related techniques. "
79,nvu9jVEqoo,Learning Text-driven 3D Human Motion Generation from 3D-free Web Videos,,2026,ICLR 2026,main,Active,"applications to computer vision, audio, language, and other modalities",Human Motion Generation,0,0.997,0.000,,https://openreview.net/forum?id=nvu9jVEqoo,,offline_iclr,,"Text-driven 3D human motion generation has gained attention for synthesizing complex movements from textual descriptions. Traditional approaches depend on expensive 3D motion capture, which restricts motion diversity, whereas 2D human videos provide abundant and accessible data. However, the absence"
80,ZL1QqLkfLD,Multi-Modal Action Recognizer Bridges Human Motion Generation and Understanding,,2026,ICLR 2026,main,Active,"applications to computer vision, audio, language, and other modalities",Skeleton-Based Human Action Recognition;Motion Generation,0,0.995,0.000,,https://openreview.net/forum?id=ZL1QqLkfLD,,offline_iclr,,"Human action recognition and motion generation are two active research problems in human-centric computer vision, both aiming to align motion with textual semantics. However, most existing works study these two problems separately, without uncovering the bidirectional links between them, namely that"
81,mx9jLnzQGr,Motion Generalist: Multimodal Motion Generation,Zeyu Zhang; Yiran Wang; Wei Mao; Danning Li; Akira Zhao,2026,ICLR 2026,main,Withdraw,generative models,Text-to-Motion;Music-to-Dance;Human Motion Generation,0,0.983,0.000,,https://openreview.net/forum?id=mx9jLnzQGr,,offline_iclr,,"Conditional motion generation has been extensively studied in computer vision, yet two critical challenges remain. First, while masked autoregressive methods have recently outperformed diffusion-based approaches, existing masking models lack a mechanism to prioritize dynamic frames and body parts ba"
82,QJJMUErY1k,FreeMo: Motion Generation with Structured Joint-Collision Energy,,2026,ICLR 2026,main,Active,"applications to computer vision, audio, language, and other modalities",motion generation,0,0.979,0.000,,https://openreview.net/forum?id=QJJMUErY1k,,offline_iclr,,"In this paper, we present FreeMo, a motion generation framework that produces physically plausible human motion by explicitly addressing self-collisions, where body parts intersect in unrealistic ways. Existing physics-aware generation models primarily handle external interactions, such as foot-grou"
83,dF4gObeMCu,Motion Score Matching in Video Generation,,2026,ICLR 2026,main,Active,generative models,Diffusion;Score Matching;Video Generation,0,0.962,0.000,,https://openreview.net/forum?id=dF4gObeMCu,,offline_iclr,,"Subtle motions in videos are critical for overall realism for video generation but are overlooked by current score distillation methods like distribution matching distillation. Current distillation methods prefer to match the style first, %because that will
since it takes up most of the numerical si"
84,r5Ii1GTEWj,Motion-R1: Latent-Intent Motion Generation with Physical Consistency,,2026,ICLR 2026,main,Active,reinforcement learning,Robot Motion Primitive Generation,0,0.952,0.000,,https://openreview.net/forum?id=r5Ii1GTEWj,,offline_iclr,,"Human motion synthesis serves as a foundational component in computer graphics, embodied AI, and robotics. Despite progress has elevated motion quality and physical plausibility, prevailing methods remain constrained by their reliance on explicit and hand-crafted control cues. More importantly, they"
85,,MotionAnimate: Animate human images with pose motion for vivid and temporally consistent video generation,Ruoyu Wang; Shaowei Wang; Rui Gong; Chen Cai; Jianjun Gao 0005,2026,Inf. Fusion,,,,,0,0.000,0.000,10.1016/J.INFFUS.2025.103559,https://dblp.org/rec/journals/inffus/WangWGCGWLY26,,dblp,,
86,,Design and Integration of Multi-Modal Sensor Systems for Enhanced Robotic Manipulation: Applications in Grasping & Control Across Adaptive Grippers and Robotic Platforms,Tanzeel Ahmad Fazal,2026,,,,,,0,0.000,0.000,,https://openalex.org/W7116823897,,openalex,,"This thesis presents the design, development, and application of three new variants of multi-modal sensor systems, each created to address key challenges in robotic manipulation, perception, and human-robot interaction. Modern robots are increasingly expected to operate in unstructured, sensitive, a"
87,,Numerical Analysis of Two Side-by-Side Flexible Filaments in Shear Flow and Orbit Class Prediction using Immersed Boundary Method and Machine Learning Techniques,Mithun Kanchan; Ranjith Maniyeri; Omkar Powar,2026,DOAJ (DOAJ: Directory of Open Access Journals),,,,,0,0.000,0.000,10.22055/jacm.2025.48275.5112,https://openalex.org/W7105756217,https://doaj.org/article/97d35f2b4b674818a99270394922ae2d,openalex,,"This study utilizes a second-order immersed boundary method (IBM) for investigating the orbital dynamics of two flexible, inextensible filaments placed side-by-side in low-Reynolds-number shear flows. A parametric analysis explores the effects of filament length, bending rigidity, and shear-strain r"
88,,Relative Motion Around an Arbitrary Ephemeris Reference Trajectory,David Cunningham; Ryan P. Russell,2026,Journal of Guidance Control and Dynamics,,,,,0,0.000,0.000,10.2514/1.g009381,https://openalex.org/W7117898863,,openalex,,"Relative motion solutions are increasingly required in non-Keplerian models that lack analytic solutions. To address this gap, a relative motion model is proposed using an ephemeris reference trajectory defined by a Spacecraft, Planet, Instrument, C-matrix, and Events (SPICE) spacecraft and planet k"
89,,Epistemic Situational Awareness (ESA): A Phenomenological Control Property of Governed Reasoning Systems,Adam Ableman Mazurk,2026,Zenodo (CERN European Organization for Nuclear Research),,,,,0,0.000,0.000,10.5281/zenodo.18121270,https://openalex.org/W7117962878,https://doi.org/10.5281/zenodo.18121270,openalex,,"Epistemic Situational Awareness (ESA) introduces a system-level control property for governed reasoning systems: the continuous ability to locate oneself epistemically while reasoning is in motion. ESA reframes common failures such as hallucination, overclaiming, and authority laundering not as defe"
90,,Experimental Study of Power Generation Performance for Pulley-Buoy-Accelerated Linear Wave Power Generation Systems,Chen Hu; Bin Deng; Haoran Zhang; Canmi Fang; Yongqiang Tu,2026,Applied Sciences,,,,,0,0.000,0.000,10.3390/app16010456,https://openalex.org/W7117971941,https://doi.org/10.3390/app16010456,openalex,,"This study presents a pulley-buoy-accelerated linear wave power generation system and verifies its feasibility and effectiveness through experimental research. Compared with traditional wave power generation systems that rely on three-stage energy conversion, the proposed system eliminates intermedi"
91,,iDMaTraj: Improved Diffusion Mamba Model for Stochastic Pedestrian Trajectory Prediction,Yin Huan Wang; Feiran FU; Ming Fang; Junlong Feng; Lijin Deng,2026,Computers,,,,,0,0.000,0.000,10.3390/computers15010012,https://openalex.org/W7117982453,https://doi.org/10.3390/computers15010012,openalex,,"Trajectory prediction constitutes a key technology for intelligent systems to forecast future movements of dynamic agents, yet it faces significant challenges due to the uncertainty of motion behavior. We propose iDMa, a stochastic trajectory prediction framework that pioneers the integration of dif"
92,WavXPunwzM,Causal Motion Tokenizer for Streaming Motion Generation,Biao Jiang; Xin Chen; Ailing Zeng; Xinru Sun; Fukun Yin,2025,ICLR 2025,main,Withdraw,generative models,3d motion;motion generation;human motion synthesis;text-driven;text-to-motion,0,0.981,0.000,,https://openreview.net/forum?id=WavXPunwzM,,offline_iclr,,"Recent advancements in human motion generation have leveraged various multimodal inputs, including text, music, and audio. Despite significant progress, the challenge of generating human motion in a streaming context—particularly from text—remains underexplored. Traditional methods often rely on tem"
93,QOHgjY5KDp,Aligning Human Motion Generation with Human Perceptions,Haoru Wang; Wentao Zhu; Luyi Miao; Yishu Xu; Feng Gao,2025,ICLR 2025,main,Poster,datasets and benchmarks,Human Motion Generation,0,0.980,0.000,,https://iclr.cc/virtual/2025/poster/29694,https://openreview.net/pdf?id=QOHgjY5KDp,offline_iclr,,"Human motion generation is a critical task with a wide spectrum of applications. Achieving high realism in generated motions requires naturalness, smoothness, and plausibility. However, current evaluation metrics often rely on simple heuristics or distribution distances and do not align well with hu"
94,TaURJrZcjJ,Absolute Coordinates Make Motion Generation Easy,Zichong Meng; Zeyu Han; Xiaogang Peng; Yiming Xie; Huaizu Jiang,2025,NIPS 2025,main,Reject,deep_learning,Text-to-Human Motion Generation;Diffusion Model;Human Motion Representation,0,0.972,0.000,,https://openreview.net/forum?id=TaURJrZcjJ,,offline_nips,,"State-of-the-art text-to-motion generation models rely on the kinematic-aware, local-relative motion representation popularized by HumanML3D, which encodes motion relative to the pelvis and to the previous frame with built-in redundancy.
While this design simplifies training for earlier generation m"
95,268d8243d7,Multi-Person Interaction Generation from Two-Person Motion Priors,Wenning Xu; Shiyu Fan; Paul Henderson; Edmond S. L. Ho,2025,SIGGRAPH 2025,main,Technical Paper,,,0,0.967,0.000,,,,offline_siggraph,,
96,472,KinMo: Kinematic-aware Human Motion Understanding and Generation,Pengfei Zhang; Pinxin Liu; Pablo Garrido; Hyeongwoo Kim; Bindita Chaudhuri,2025,ICCV 2025,main,Poster,,,0,0.966,0.000,,https://iccv.thecvf.com/virtual/2025/poster/472,https://openaccess.thecvf.com/content/ICCV2025/papers/Zhang_KinMo_Kinematic-aware_Human_Motion_Understanding_and_Generation_ICCV_2025_paper.pdf,offline_iccv,,"Current human motion synthesis frameworks rely on global action descriptions, creating a modality gap that limits both motion understanding and generation capabilities. A single coarse description, such as ""run"", fails to capture essential details like variations in speed, limb positioning, and kine"
97,pdE9onSn2h,SnapMoGen: Human Motion Generation from Expressive Texts,chuan guo; Inwoo Hwang; Jian Wang; Bing Zhou,2025,NIPS 2025,main,Poster,applications,Human Motion Generation,0,0.963,0.000,,https://openreview.net/forum?id=pdE9onSn2h,,offline_nips,,"Text-to-motion generation has experienced remarkable progress in recent years. However, current approaches remain limited to synthesizing motion from short or general text prompts, primarily due to dataset constraints. This limitation undermines fine-grained controllability and generalization to uns"
98,34223,IM-Zero: Instance-level Motion Controllable Video Generation in a Zero-shot Manner,Yuyang Huang; Yabo Chen; Li Ding; Xiaopeng Zhang; Wenrui Dai,2025,CVPR 2025,main,Poster,,,0,0.960,0.000,,https://cvpr.thecvf.com/virtual/2025/poster/34223,https://openaccess.thecvf.com/content/CVPR2025/papers/Huang_IM-Zero_Instance-level_Motion_Controllable_Video_Generation_in_a_Zero-shot_Manner_CVPR_2025_paper.pdf,offline_cvpr,,"Controllability of video generation has been recently concerned in addition to the quality of generated videos. The main challenge to controllable video generation is to synthesize videos based on user-specified instance spatial locations and movement trajectories. However, existing methods suffer f"
99,35094,Diffusion-based Realistic Listening Head Generation via Hybrid Motion Modeling,Yinuo Wang; Yanbo Fan; Xuan Wang; Guo Yu; Fei Wang,2025,CVPR 2025,main,Highlight,,,0,0.959,0.000,,https://cvpr.thecvf.com/virtual/2025/poster/35094,https://openaccess.thecvf.com/content/CVPR2025/papers/Wang_Diffusion-based_Realistic_Listening_Head_Generation_via_Hybrid_Motion_Modeling_CVPR_2025_paper.pdf,offline_cvpr,,"Listening head generation aims to synthesize non-verbal responsive listening head videos that naturally react to a certain speaker, for which, both realistic head movements, expressive facial expressions, and high visual qualities are expected. Previous approaches typically follow a two-stage pipeli"
100,d5bbd39657,ELGAR: Expressive Cello Performance Motion Generation for Audio Rendition,Zhiping Qiu; Yitong Jin; Yuan Wang; Yi Shi; Chao Tan,2025,SIGGRAPH 2025,main,Technical Paper,,,0,0.958,0.000,,,,offline_siggraph,,
101,3oh7lBEF7X,Autoregressive Motion Generation with Gaussian Mixture-Guided Latent Sampling,Linnan Tu; Lingwei Meng; Zongyi Li; Hefei Ling; Shijuan Huang,2025,NIPS 2025,main,Poster,applications,Motion generation;Gaussian Mixture;VAE;Autoregressive Generation,0,0.958,0.000,,https://openreview.net/forum?id=3oh7lBEF7X,,offline_nips,,"Existing efforts in motion synthesis typically utilize either generative transformers with discrete representations or diffusion models with continuous representations.
However, the discretization process in generative transformers can introduce motion errors, while the sampling process in diffusion"
102,12da6b4778,MoRAG - Multi-Fusion Retrieval Augmented Generation for Human Motion,Sai Shashank Kalakonda; Shubh Maheshwari; Ravi Kiran Sarvadevabhatla,2025,WACV 2025,main,Poster,,,0,0.954,0.000,,https://openaccess.thecvf.com/content/WACV2025/html/Kalakonda_MoRAG_-_Multi-Fusion_Retrieval_Augmented_Generation_for_Human_Motion_WACV_2025_paper.html,https://openaccess.thecvf.com/content/WACV2025/papers/Kalakonda_MoRAG_-_Multi-Fusion_Retrieval_Augmented_Generation_for_Human_Motion_WACV_2025_paper.pdf,offline_wacv,,We introduce MoRAG a novel multi-part fusion based retrieval-augmented generation strategy for text-based human motion generation. The method enhances motion diffusion models by leveraging additional knowledge obtained through an improved motion retrieval process. By effectively prompting large lang
103,1556,Morph: A Motion-free Physics Optimization Framework for Human Motion Generation,Zhuo Li; Mingshuang Luo; RuiBing Hou; XIN ZHAO; Hao Liu,2025,ICCV 2025,main,Poster,,,0,0.953,0.000,,https://iccv.thecvf.com/virtual/2025/poster/1556,,offline_iccv,,
104,ba9c429335,AutoKeyframe: Autoregressive Keyframe Generation for Human Motion Synthesis and Editing,Bowen Zheng; Ke Chen; Yuxin Yao; Zijiao Zeng; Xinwei Jiang,2025,SIGGRAPH 2025,main,Technical Paper,,,0,0.953,0.000,,,,offline_siggraph,,
105,2033b3278b,UniTMGE: Uniform Text-Motion Generation and Editing Model via Diffusion,Ruoyu Wang; Yangfan He; Tengjiao Sun; Xiang Li; Tianyu Shi,2025,WACV 2025,main,Poster,,,0,0.952,0.000,,https://openaccess.thecvf.com/content/WACV2025/html/Wang_UniTMGE_Uniform_Text-Motion_Generation_and_Editing_Model_via_Diffusion_WACV_2025_paper.html,https://openaccess.thecvf.com/content/WACV2025/papers/Wang_UniTMGE_Uniform_Text-Motion_Generation_and_Editing_Model_via_Diffusion_WACV_2025_paper.pdf,offline_wacv,,Current methods have shown promising results in applying diffusion models to motion generation given text input. However these methods are limited to unimodal inputs and outputs restricted to motion generation alone and lacking multimodal control capabilities. To address these issues we introduce TM
106,2039,"UniEgoMotion: A Unified Model for Egocentric Motion Reconstruction, Forecasting, and Generation",Chaitanya Patel; Hiroki Nakamura; Yuta Kyuragi; Kazuki Kozuka; Juan Carlos Niebles,2025,ICCV 2025,main,Poster,,,0,0.952,0.000,,https://iccv.thecvf.com/virtual/2025/poster/2039,https://openaccess.thecvf.com/content/ICCV2025/papers/Patel_UniEgoMotion_A_Unified_Model_for_Egocentric_Motion_Reconstruction_Forecasting_and_ICCV_2025_paper.pdf,offline_iccv,,"Egocentric human motion generation and forecasting with scene-context is crucial for enhancing AR/VR experiences, improving human-robot interaction, advancing assistive technologies, and enabling adaptive healthcare solutions by accurately predicting and simulating movement from a first-person persp"
107,Zp8NOZo0rA,ControlMM: Controllable Masked Motion Generation,Ekkasit Pinyoanuntapong; Muhammad Usama Saleem; Korrawe Karunratanakul; Pu Wang; Hongfei Xue,2025,ICLR 2025,main,Reject,generative models,Masked Motion Model;Generative Model;Text-to-motion,0,0.951,0.000,,https://openreview.net/forum?id=Zp8NOZo0rA,,offline_iclr,,"Recent advances in motion diffusion models have enabled spatially controllable text-to-motion generation. However, despite achieving acceptable control precision, these models suffer from generation speed and fidelity limitations. To address these challenges, we propose ControlMM, a novel approach i"
108,2588,VMBench: A Benchmark for Perception-Aligned Video Motion Generation,Xinran Ling; Chen Zhu; Meiqi Wu; Hangyu Li; Xiaokun Feng,2025,ICCV 2025,main,Poster,,,0,0.950,0.000,,https://iccv.thecvf.com/virtual/2025/poster/2588,https://openaccess.thecvf.com/content/ICCV2025/papers/Ling_VMBench_A_Benchmark_for_Perception-Aligned_Video_Motion_Generation_ICCV_2025_paper.pdf,offline_iccv,,"Video generation has advanced rapidly, improving evaluation methods, yet assessing video's motion remains a major challenge. Specifically, there are two key issues: 1) current motion metrics do not fully align with human perceptions; 2) the existing motion prompts are limited. Based these findings, "
109,0YXxh8WALf,MimicMotion: High-Quality Human Motion Video Generation with Confidence-aware Pose Guidance,Yuang Zhang; Jiaxi Gu; Li-Wen Wang; Han Wang; JunqiCheng,2025,ICML 2025,main,Poster,deep_learning->generative_models_and_autoencoders,Human Motion Video Generation,0,0.949,0.000,,https://icml.cc/virtual/2025/poster/46679,https://openreview.net/pdf?id=0YXxh8WALf,offline_icml,,"In recent years, while generative AI has advanced significantly in image generation, video generation continues to face challenges in controllability, length, and detail quality, which hinder its application. We present MimicMotion, a framework for generating high-quality human videos of arbitrary l"
110,article-34752,"UniMuMo: Unified Text, Music, and Motion Generation",Han Yang; Kun Su; Yutong Zhang; Jiaben Chen; Kaizhi Qian,2025,AAAI 2025,main,Technical,natural language processing iii,,0,0.948,0.000,,https://ojs.aaai.org/index.php/AAAI/article/view/34752,https://ojs.aaai.org/index.php/AAAI/article/view/34752/36907,offline_aaai,,"We introduce UniMuMo, a unified multimodal model capable of taking arbitrary text, music, and motion data as input conditions to generate outputs across all three modalities. To address the lack of time-synchronized data, we align unpaired music and motion data based on rhythmic patterns to leverage"
111,,MotionLab: Unified Human Motion Generation and Editing via the Motion-Condition-Motion Paradigm,Ziyan Guo; Zeyu Hu; Na Zhao; De Wen Soh,2025,CoRR,,,,,0,0.000,0.000,10.48550/ARXIV.2502.02358,https://dblp.org/rec/journals/corr/abs-2502-02358,,dblp,,
112,,Conditional generative adversarial networks for the generation of strong ground motion parameters using KiK-net ground motion records,Zhenning Ba; Jingxuan Zhao; Fangbo Wang; Linghui Lyu,2025,Appl. Soft Comput.,,,,,0,0.000,0.000,10.1016/J.ASOC.2025.112730,https://dblp.org/rec/journals/asc/BaZWL25,,dblp,,
113,,PhaseTrack: Physics-Based Motion Tracking via Phase-Guided Motion Generation,Ruikun Zheng; Chengjie Mou; Ruizhen Hu,2025,Comput. Graph.,,,,,0,0.000,0.000,10.1016/J.CAG.2025.104333,https://dblp.org/rec/journals/cg/ZhengMH25,,dblp,,
114,,Motion Manifold Flow Primitives for Task-Conditioned Trajectory Generation Under Complex Task-Motion Dependencies,Yonghyeon Lee; Byeongho Lee; Seungyeon Kim 0003; Frank C. Park 0001,2025,IEEE Robotics Autom. Lett.,,,,,0,0.000,0.000,10.1109/LRA.2025.3575313,https://dblp.org/rec/journals/ral/LeeLKP25,,dblp,,
115,,Progressive Human Motion Generation Based on Text and Few Motion Frames,Ling-An Zeng; Gaojie Wu; Ancong Wu; Jian-Fang Hu; Wei-Shi Zheng 0001,2025,IEEE Trans. Circuits Syst. Video Technol.,,,,,0,0.000,0.000,10.1109/TCSVT.2025.3556868,https://dblp.org/rec/journals/tcsv/ZengWWHZ25,,dblp,,
116,,Doodle Your Motion: Sketch-Guided Human Motion Generation,Zizhao Wu; Qin Wang; Xinyang Zheng; Jianglei Ye; Ping Yang,2025,IEEE Trans. Vis. Comput. Graph.,,,,,0,0.000,0.000,10.1109/TVCG.2024.3521333,https://dblp.org/rec/journals/tvcg/WuWZYYWW25,,dblp,,
117,,Motion Dictionary-Based Approach for Highly Generalizable Text-To-Motion Generation,Wenxuan Gui; Ruiyan Wang; Rong Xie; Li Song,2025,BMSB,,,,,0,0.000,0.000,10.1109/BMSB65076.2025.11165659,https://dblp.org/rec/conf/bmsb/GuiWXS25,,dblp,,
118,,Towards Human Motion Prediction for Collaborative Robotics with Text-to-Motion Data Generation,Marco Casarin; Monica Reggiani; Stefano Michieletto,2025,CASE,,,,,0,0.000,0.000,10.1109/CASE58245.2025.11164020,https://dblp.org/rec/conf/case/CasarinRM25,,dblp,,
119,,From Sparse Signal to Smooth Motion: Real-Time Motion Generation with Rolling Prediction Models,Germán Barquero; Nadine Bertsch; Manojkumar Marramreddy; Carlos Chacón; Filippo Arcadu,2025,CVPR,,,,,0,0.000,0.000,10.1109/CVPR52734.2025.00179,https://dblp.org/rec/conf/cvpr/BarqueroBMCARHP25,,dblp,,
120,,Motion Prompting: Controlling Video Generation with Motion Trajectories,Daniel Geng; Charles Herrmann; Junhwa Hur; Forrester Cole; Serena Zhang,2025,CVPR,,,,,0,0.000,0.000,10.1109/CVPR52734.2025.00010,https://dblp.org/rec/conf/cvpr/GengHHCZPLAR0WO25,,dblp,,
121,,MoCLIP Motion-Aware Fine-Tuning and Distillation of CLIP for Human Motion Generation,Gabriel Maldonado; Armin Danesh Pazho; Ghazal Alinezhad Noghre; Vinit Katariya; Hamed Tabkhi,2025,CVPR Workshops,,,,,0,0.000,0.000,,https://dblp.org/rec/conf/cvpr/MaldonadoPNKT25,,dblp,,
122,,MotionStone: Decoupled Motion Intensity Modulation with Diffusion Transformer for Image-to-Video Generation,Shuwei Shi; Biao Gong; Xi Chen; Dandan Zheng; Shuai Tan,2025,CVPR,,,,,0,0.000,0.000,10.1109/CVPR52734.2025.02129,https://dblp.org/rec/conf/cvpr/ShiGCZTYLHZCYZ25,,dblp,,
123,,MG-MotionLLM: A Unified Framework for Motion Comprehension and Generation across Multiple Granularities,Bizhu Wu; Jinheng Xie; Keming Shen; Zhe Kong; Jianfeng Ren,2025,CVPR,,,,,0,0.000,0.000,10.1109/CVPR52734.2025.02593,https://dblp.org/rec/conf/cvpr/WuXSKRBQS25,,dblp,,
124,,MotionPro: A Precise Motion Controller for Image-to-Video Generation,Zhongwei Zhang; Fuchen Long; Zhaofan Qiu; Yingwei Pan; Wu Liu 0005,2025,CVPR,,,,,0,0.000,0.000,10.1109/CVPR52734.2025.02603,https://dblp.org/rec/conf/cvpr/ZhangLQPLY025,,dblp,,
125,,"LaMP: Language-Motion Pretraining for Motion Generation, Retrieval, and Captioning",Zhe Li 0038; Weihao Yuan 0001; Yisheng He; Lingteng Qiu; Shenhao Zhu,2025,ICLR,,,,,0,0.000,0.000,,https://dblp.org/rec/conf/iclr/Li0HQZ0SDDY25,,dblp,,
126,,MotionClone: Training-Free Motion Cloning for Controllable Video Generation,Pengyang Ling; Jiazi Bu; Pan Zhang 0001; Xiaoyi Dong; Yuhang Zang,2025,ICLR,,,,,0,0.000,0.000,,https://dblp.org/rec/conf/iclr/LingB0DZWC0025,,dblp,,
127,,Motion-Agent: A Conversational Framework for Human Motion Generation with LLMs,Qi Wu; Yubo Zhao; Yifan Wang; Xinhang Liu; Yu-Wing Tai,2025,ICLR,,,,,0,0.000,0.000,,https://dblp.org/rec/conf/iclr/WuZWLTT25,,dblp,,
128,,GameMLD: A Game-Sourced Motion-Language Dataset for Stylized Motion Generation,Yiyu Fu; Ziming Cheng; Yihao Liao; Jiangfeiyang Wang; Ruomei Wang 0001,2025,ICME,,,,,0,0.000,0.000,10.1109/ICME59968.2025.11209164,https://dblp.org/rec/conf/icmcs/FuCLWWYLZ25,,dblp,,
129,,MotionFlow: Learning Implicit Motion Flow for Complex Camera Trajectory Control in Video Generation,Guojun Lei; Chi Wang; Yikai Wang; Hong Li; Ying Song,2025,ICME,,,,,0,0.000,0.000,10.1109/ICME59968.2025.11209460,https://dblp.org/rec/conf/icmcs/LeiWWLSX25,,dblp,,
130,,VideoJAM: Joint Appearance-Motion Representations for Enhanced Motion Generation in Video Models,Hila Chefer; Uriel Singer; Amit Zohar; Yuval Kirstain; Adam Polyak,2025,ICML,,,,,0,0.000,0.000,,https://dblp.org/rec/conf/icml/CheferSZKPTWS25,,dblp,,
131,,MotionGlot: A Multi-Embodied Motion Generation Model,Sudarshan S. Harithas; Srinath Sridhar 0002,2025,ICRA,,,,,0,0.000,0.000,10.1109/ICRA55743.2025.11127473,https://dblp.org/rec/conf/icra/HarithasS25,,dblp,,
132,,An Average-Distance Minimizing Motion Sweep for Bounded Spatial Objects and Its Application in Bézier-Like Freeform Motion Generation,Huan Liu; Qiaode Jeffrey Ge,2025,ICRA,,,,,0,0.000,0.000,10.1109/ICRA55743.2025.11128523,https://dblp.org/rec/conf/icra/LiuG25,,dblp,,
133,,Free-Form Motion Control: A Synthetic Video Generation Dataset with Controllable Camera and Object Motions,Xincheng Shuai; Henghui Ding; Zhenyuan Qin; Hao Luo 0004; Xingjun Ma,2025,CoRR,,,,,0,0.000,0.000,10.48550/ARXIV.2501.01425,https://dblp.org/rec/journals/corr/abs-2501-01425,,dblp,,
134,,Training-Free Motion-Guided Video Generation with Enhanced Temporal Consistency Using Motion Consistency Loss,Xinyu Zhang 0017; Zicheng Duan; Dong Gong; Lingqiao Liu,2025,CoRR,,,,,0,0.000,0.000,10.48550/ARXIV.2501.07563,https://dblp.org/rec/journals/corr/abs-2501-07563,,dblp,,
135,,MotionAgent: Fine-grained Controllable Video Generation via Motion Field Agent,Xinyao Liao; Xianfang Zeng; Liao Wang; Gang Yu 0002; Guosheng Lin,2025,CoRR,,,,,0,0.000,0.000,10.48550/ARXIV.2502.03207,https://dblp.org/rec/journals/corr/abs-2502-03207,,dblp,,
136,,Motion Anything: Any to Motion Generation,Zeyu Zhang 0006; Yiran Wang; Wei Mao 0001; Danning Li; Rui Zhao,2025,CoRR,,,,,0,0.000,0.000,10.48550/ARXIV.2503.06955,https://dblp.org/rec/journals/corr/abs-2503-06955,,dblp,,
137,,GenM3: Generative Pretrained Multi-path Motion Model for Text Conditional Human Motion Generation,Junyu Shi; Lijiang Liu; Yong Sun; Zhiyuan Zhang; Jinni Zhou,2025,CoRR,,,,,0,0.000,0.000,10.48550/ARXIV.2503.14919,https://dblp.org/rec/journals/corr/abs-2503-14919,,dblp,,
138,,MotionStreamer: Streaming Motion Generation via Diffusion-based Autoregressive Model in Causal Latent Space,Lixing Xiao; Shunlin Lu; Huaijin Pi; Ke Fan; Liang Pan,2025,CoRR,,,,,0,0.000,0.000,10.48550/ARXIV.2503.15451,https://dblp.org/rec/journals/corr/abs-2503-15451,,dblp,,
139,,GAITGen: Disentangled Motion-Pathology Impaired Gait Generative Model - Bringing Motion Generation to the Clinical Domain,Vida Adeli; Soroush Mehraban; Majid Mirmehdi; Alan L. Whone; Benjamin Filtjens,2025,CoRR,,,,,0,0.000,0.000,10.48550/ARXIV.2503.22397,https://dblp.org/rec/journals/corr/abs-2503-22397,,dblp,,
140,,IKMo: Image-Keyframed Motion Generation with Trajectory-Pose Conditioned Motion Diffusion Model,Yang Zhao; Yan Zhang 0101; Xubo Yang,2025,CoRR,,,,,0,0.000,0.000,10.48550/ARXIV.2505.21146,https://dblp.org/rec/journals/corr/abs-2505-21146,,dblp,,
141,,Motion-R1: Chain-of-Thought Reasoning and Reinforcement Learning for Human Motion Generation,Runqi Ouyang; Haoyun Li; Zhenyuan Zhang; Xiaofeng Wang; Zheng Zhu,2025,CoRR,,,,,0,0.000,0.000,10.48550/ARXIV.2506.10353,https://dblp.org/rec/journals/corr/abs-2506-10353,,dblp,,
142,,MotionShot: Adaptive Motion Transfer across Arbitrary Objects for Text-to-Video Generation,Yanchen Liu; Yanan Sun 0005; Zhening Xing; Junyao Gao 0002; Kai Chen 0026,2025,CoRR,,,,,0,0.000,0.000,10.48550/ARXIV.2507.16310,https://dblp.org/rec/journals/corr/abs-2507-16310,,dblp,,
143,,PP-Motion: Physical-Perceptual Fidelity Evaluation for Human Motion Generation,Sihan Zhao; Zixuan Wang 0026; Tianyu Luan; Jia Jia 0001; Wentao Zhu,2025,CoRR,,,,,0,0.000,0.000,10.48550/ARXIV.2508.08179,https://dblp.org/rec/journals/corr/abs-2508-08179,,dblp,,
144,,VimoRAG: Video-based Retrieval-augmented 3D Motion Generation for Motion Language Models,Haidong Xu; Guangwei Xu; Zhedong Zheng; Xiatian Zhu; Wei Ji 0008,2025,CoRR,,,,,0,0.000,0.000,10.48550/ARXIV.2508.12081,https://dblp.org/rec/journals/corr/abs-2508-12081,,dblp,,
145,,MotionFlux: Efficient Text-Guided Motion Generation through Rectified Flow Matching and Preference Alignment,Zhiting Gao; Dan Song 0006; Diqiong Jiang; Chao Xue; An-An Liu,2025,CoRR,,,,,0,0.000,0.000,10.48550/ARXIV.2508.19527,https://dblp.org/rec/journals/corr/abs-2508-19527,,dblp,,
146,,"MotionVerse: A Unified Multimodal Framework for Motion Comprehension, Generation and Editing",Ruibing Hou; Mingshuang Luo; Hongyu Pan; Hong Chang 0001; Shiguang Shan,2025,CoRR,,,,,0,0.000,0.000,10.48550/ARXIV.2509.23635,https://dblp.org/rec/journals/corr/abs-2509-23635,,dblp,,
147,,MotionRAG: Motion Retrieval-Augmented Image-to-Video Generation,Chenhui Zhu; Yilu Wu; Shuai Wang; Gangshan Wu; Limin Wang 0002,2025,CoRR,,,,,0,0.000,0.000,10.48550/ARXIV.2509.26391,https://dblp.org/rec/journals/corr/abs-2509-26391,,dblp,,
148,,Pulp Motion: Framing-aware multimodal camera and human motion generation,Robin Courant; Xi Wang 0024; David Loiseaux; Marc Christie; Vicky Kalogeiton,2025,CoRR,,,,,0,0.000,0.000,10.48550/ARXIV.2510.05097,https://dblp.org/rec/journals/corr/abs-2510-05097,,dblp,,
149,,MoMaps: Semantics-Aware Scene Motion Generation with Motion Maps,Jiahui Lei; Kyle Genova; George Kopanas; Noah Snavely; Leonidas J. Guibas,2025,CoRR,,,,,0,0.000,0.000,10.48550/ARXIV.2510.11107,https://dblp.org/rec/journals/corr/abs-2510-11107,,dblp,,
150,,SpaceTimePilot: Generative Rendering of Dynamic Scenes Across Space and Time,Zhening Huang; Hyeonho Jeong; Xuelin Chen; Yulia Gryaditskaya; Tuanfeng Y. Wang,2025,arXiv,,,,,0,0.000,0.000,,http://arxiv.org/abs/2512.25075v1,https://arxiv.org/pdf/2512.25075v1,arxiv,,"We present SpaceTimePilot, a video diffusion model that disentangles space and time for controllable generative rendering. Given a monocular video, SpaceTimePilot can independently alter the camera viewpoint and the motion sequence within the generative process, re-rendering the scene for continuous"
151,,Randomization Times under Quantum Chaotic Hamiltonian Evolution,Souradeep Ghosh; Nicholas Hunter-Jones; Joaquin F. Rodriguez-Nieva,2025,arXiv,,,,,0,0.000,0.000,,http://arxiv.org/abs/2512.25074v1,https://arxiv.org/pdf/2512.25074v1,arxiv,,"Randomness generation through quantum-chaotic evolution underpins foundational questions in statistical mechanics and applications across quantum information science, including benchmarking, tomography, metrology, and demonstrations of quantum computational advantage. While statistical mechanics suc"
152,,GaMO: Geometry-aware Multi-view Diffusion Outpainting for Sparse-View 3D Reconstruction,Yi-Chuan Huang; Hao-Jen Chien; Chin-Yang Lin; Ying-Huan Chen; Yu-Lun Liu,2025,arXiv,,,,,0,0.000,0.000,,http://arxiv.org/abs/2512.25073v1,https://arxiv.org/pdf/2512.25073v1,arxiv,,"Recent advances in 3D reconstruction have achieved remarkable progress in high-quality scene capture from dense multi-view imagery, yet struggle when input views are limited. Various approaches, including regularization techniques, semantic priors, and geometric constraints, have been implemented to"
153,,Edit3r: Instant 3D Scene Editing from Sparse Unposed Images,Jiageng Liu; Weijie Lyu; Xueting Li; Yejie Guo; Ming-Hsuan Yang,2025,arXiv,,,,,0,0.000,0.000,,http://arxiv.org/abs/2512.25071v1,https://arxiv.org/pdf/2512.25071v1,arxiv,,"We present Edit3r, a feed-forward framework that reconstructs and edits 3D scenes in a single pass from unposed, view-inconsistent, instruction-edited images. Unlike prior methods requiring per-scene optimization, Edit3r directly predicts instruction-aligned 3D edits, enabling fast and photorealisti"
154,,Coordinated Humanoid Manipulation with Choice Policies,Haozhi Qi; Yen-Jen Wang; Toru Lin; Brent Yi; Yi Ma,2025,arXiv,,,,,0,0.000,0.000,,http://arxiv.org/abs/2512.25072v1,https://arxiv.org/pdf/2512.25072v1,arxiv,,"Humanoid robots hold great promise for operating in human-centric environments, yet achieving robust whole-body coordination across the head, hands, and legs remains a major challenge. We present a system that combines a modular teleoperation interface with a scalable learning framework to address t"
155,,Scaling Open-Ended Reasoning to Predict the Future,Nikhil Chandak; Shashwat Goel; Ameya Prabhu; Moritz Hardt; Jonas Geiping,2025,arXiv,,,,,0,0.000,0.000,,http://arxiv.org/abs/2512.25070v1,https://arxiv.org/pdf/2512.25070v1,arxiv,,"High-stakes decision making involves reasoning under uncertainty about the future. In this work, we train language models to make predictions on open-ended forecasting questions. To scale up training data, we synthesize novel forecasting questions from global events reported in daily news, using a f"
156,,Classification of Interacting Topological Crystalline Superconductors in Three Dimensions and Beyond,Shang-Qiang Ning; Xing-Yu Ren; Qing-Rui Wang; Yang Qi; Zheng-Cheng Gu,2025,arXiv,,,,,0,0.000,0.000,,http://arxiv.org/abs/2512.25069v1,https://arxiv.org/pdf/2512.25069v1,arxiv,,"Although classification for free-fermion topological superconductors (TSC) is established, systematically understanding the classification of 3D interacting TSCs remains difficult, especially those protected by crystalline symmetries like the 230 space groups. We build up a general framework for sys"
157,,No-cost Bell Nonlocality Certification from Quantum Tomography and Its Applications in Quantum Magic Witnessing,Pawel Cieslinski; Lukas Knips; Harald Weinfurter; Wieslaw Laskowski,2025,arXiv,,,,,0,0.000,0.000,,http://arxiv.org/abs/2512.25068v1,https://arxiv.org/pdf/2512.25068v1,arxiv,,"Tomographic measurements are the standard tool for characterizing quantum states, yet they are usually regarded only as means for state reconstruction or fidelity measurement. Here, we show that the same Pauli-basis measurements (X, Y, Z) can be directly employed for the certification of nonlocality"
158,,FineTec: Fine-Grained Action Recognition Under Temporal Corruption via Skeleton Decomposition and Sequence Completion,Dian Shao; Mingfei Shi; Like Liu,2025,arXiv,,,,,0,0.000,0.000,,http://arxiv.org/abs/2512.25067v1,https://arxiv.org/pdf/2512.25067v1,arxiv,,"Recognizing fine-grained actions from temporally corrupted skeleton sequences remains a significant challenge, particularly in real-world scenarios where online pose estimation often yields substantial missing data. Existing methods often struggle to accurately recover temporal dynamics and fine-gra"
159,,From Inpainting to Editing: A Self-Bootstrapping Framework for Context-Rich Visual Dubbing,Xu He; Haoxian Zhang; Hejia Chen; Changyuan Zheng; Liyang Chen,2025,arXiv,,,,,0,0.000,0.000,,http://arxiv.org/abs/2512.25066v1,https://arxiv.org/pdf/2512.25066v1,arxiv,,"Audio-driven visual dubbing aims to synchronize a video's lip movements with new speech, but is fundamentally challenged by the lack of ideal training data: paired videos where only a subject's lip movements differ while all other visual conditions are identical. Existing methods circumvent this wit"
160,,Vulcan: Instance-Optimal Systems Heuristics Through LLM-Driven Search,Rohit Dwivedula; Divyanshu Saxena; Sujay Yadalam; Daehyeok Kim; Aditya Akella,2025,arXiv,,,,,0,0.000,0.000,,http://arxiv.org/abs/2512.25065v1,https://arxiv.org/pdf/2512.25065v1,arxiv,,"Resource-management tasks in modern operating and distributed systems continue to rely primarily on hand-designed heuristics for tasks such as scheduling, caching, or active queue management. Designing performant heuristics is an expensive, time-consuming process that we are forced to continuously g"
161,,Many Minds from One Model: Bayesian Transformers for Population Intelligence,Diji Yang; Yi Zhang,2025,arXiv,,,,,0,0.000,0.000,,http://arxiv.org/abs/2512.25063v1,https://arxiv.org/pdf/2512.25063v1,arxiv,,"Despite their scale and success, modern transformers are almost universally trained as single-minded systems: optimization produces one deterministic set of parameters, representing a single functional hypothesis about the data. Motivated by the idea that intelligence emerge from many minds, we prop"
162,,Melting curve of correlated iron at Earth's core conditions from machine-learned DFT+DMFT,Rishi Rao; Li Zhu,2025,arXiv,,,,,0,0.000,0.000,,http://arxiv.org/abs/2512.25061v1,https://arxiv.org/pdf/2512.25061v1,arxiv,,"Reliable constraints on iron's melting curve at Earth's inner-core boundary require accurate finite-temperature electronic correlations, yet DFT+DMFT calculations remain too costly for large-scale thermodynamic sampling. Here, we develop a machine-learning accelerator for charge self-consistent DFT+"
163,,The variety of orthogonal frames,Laura Casabella; Alessio Sammartano,2025,arXiv,,,,,0,0.000,0.000,,http://arxiv.org/abs/2512.25058v1,https://arxiv.org/pdf/2512.25058v1,arxiv,,"An orthogonal n-frame is an ordered set of n pairwise orthogonal vectors. The set of all orthogonal n-frames in a d-dimensional quadratic vector space is an algebraic variety V(d,n). In this paper, we investigate the variety V(d,n) as well as the quadratic ideal I(d,n) generated by the orthogonality"
164,,The Logical Structure of Physical Laws: A Fixed Point Reconstruction,Eren Volkan Küçük,2025,arXiv,,,,,0,0.000,0.000,,http://arxiv.org/abs/2512.25057v1,https://arxiv.org/pdf/2512.25057v1,arxiv,,"We formalise the self referential definition of physical laws using monotone operators on a lattice of theories, resolving the pathologies of naive set theoretic formulations. By invoking Tarski fixed point theorem, we identify physical theories as least fixed points of admissibility constraints der"
165,,Sequential Bayesian parameter-state estimation in dynamical systems with noisy and incomplete observations via a variational framework,Liliang Wang; Alex Gorodetsky,2025,arXiv,,,,,0,0.000,0.000,,http://arxiv.org/abs/2512.25056v1,https://arxiv.org/pdf/2512.25056v1,arxiv,,"Online joint estimation of unknown parameters and states in a dynamical system with uncertainty quantification is crucial in many applications. For example, digital twins dynamically update their knowledge of model parameters and states to support prediction and decision-making. Reliability and comp"
166,,AdaGReS:Adaptive Greedy Context Selection via Redundancy-Aware Scoring for Token-Budgeted RAG,Chao Peng; Bin Wang; Zhilei Long; Jinfang Sheng,2025,arXiv,,,,,0,0.000,0.000,,http://arxiv.org/abs/2512.25052v1,https://arxiv.org/pdf/2512.25052v1,arxiv,,"Retrieval-augmented generation (RAG) is highly sensitive to the quality of selected context, yet standard top-k retrieval often returns redundant or near-duplicate chunks that waste token budget and degrade downstream generation. We present AdaGReS, a redundancy-aware context selection framework for"
167,,Bilinear tau forms of quantum Painlevé equations and $\mathbb{C}^2/\mathbb{Z}_2$ blowup relations in SUSY gauge theories,Giulio Bonelli; Anton Shchechkin; Alessandro Tanzini,2025,arXiv,,,,,0,0.000,0.000,,http://arxiv.org/abs/2512.25051v1,https://arxiv.org/pdf/2512.25051v1,arxiv,,"We derive bilinear tau forms of the canonically quantized Painlevé equations, thereby relating them to those previously obtained from the $\mathbb{C}^2/\mathbb{Z}_2$ blowup relations for the $\mathcal{N}=2$ supersymmetric gauge theory partition functions on a general $Ω$-background. We fully fix the"
168,,The PDE-ODI principle and cylindrical mean curvature flows,Richard H. Bamler; Yi Lai,2025,arXiv,,,,,0,0.000,0.000,,http://arxiv.org/abs/2512.25050v1,https://arxiv.org/pdf/2512.25050v1,arxiv,,"We introduce a new approach for analyzing ancient solutions and singularities of mean curvature flow that are locally modeled on a cylinder. Its key ingredient is a general mechanism, called the \emph{PDE--ODI principle}, which converts a broad class of parabolic differential equations into systems "
169,,All optical Lithography for Spatiotemporal Patterning of Azopolymer Microreliefs,I Komang Januariyasa; Francesco Reda; Nikolai Liubimtsev; Marina Saphiannikova; Fabio Borbone,2025,arXiv,,,,,0,0.000,0.000,,http://arxiv.org/abs/2512.25048v1,https://arxiv.org/pdf/2512.25048v1,arxiv,,"Microstructured surfaces are central to photonics, biointerfaces, and functional coatings, yet they are typically fabricated through multi-step lithographic workflows requiring masks or molds and post-processing. Azopolymers provide an alternative route by converting structured optical fields into s"
170,,Extreme nonlinear optics in optical fibers,Mario Ferraro; Bertrand Kibler; Pierre Béjot; Frédéric Gérome; Benoit Debord,2025,arXiv,,,,,0,0.000,0.000,,http://arxiv.org/abs/2512.25046v1,https://arxiv.org/pdf/2512.25046v1,arxiv,,"This paper reviews the field of extreme nonlinear optics in optical fibers, highlighting key phenomena and advancements. It discusses multiple ionization effects caused by femtosecond laser pulses that generate plasma and induce permanent material modifications, as well as plasma luminescence and it"
171,,Bayesian Elastic Net Regression with Structured Prior Dependence,Christopher M. Hans; Ningyi Liu,2025,arXiv,,,,,0,0.000,0.000,,http://arxiv.org/abs/2512.25045v1,https://arxiv.org/pdf/2512.25045v1,arxiv,,"Many regularization priors for Bayesian regression assume the regression coefficients are a priori independent. In particular this is the case for standard Bayesian treatments of the lasso and the elastic net. While independence may be reasonable in some data-analytic settings, incorporating depende"
172,,Primordial black hole dark matter from ultra-slow-roll inflation in Horndeski gravity,Despina Totolou; Theodoros Papanikolaou; Emmanuel N. Saridakis,2025,arXiv,,,,,0,0.000,0.000,,http://arxiv.org/abs/2512.25044v1,https://arxiv.org/pdf/2512.25044v1,arxiv,,"Primordial black holes (PBHs) provide a well-motivated non-particle candidate for dark matter, requiring an enhancement of curvature perturbations on small inflationary scales consistent with observational constraints. In this work we study PBH production within Horndeski gravity, accounting for com"
173,,On exact Observability for Compactly perturbed infinite dimension system,Nisrine Charaf; Faouzi Triki,2025,arXiv,,,,,0,0.000,0.000,,http://arxiv.org/abs/2512.25041v1,https://arxiv.org/pdf/2512.25041v1,arxiv,,"In this paper, we study the observability of compactly perturbed infinite dimensional systems. Assuming that a given infinite-dimensional system with self-adjoint generator is exactly observable we derive sufficient conditions on a compact self adjoint perturbation to guarantee that the perturbed sy"
174,,Towards precision cosmology with Voids x CMB correlations (I): Roman-Agora mock catalogs and pipeline validation,Mar Pérez Sar; Carlos Hernández Monteagudo; András Kovács; Alice Pisani,2025,arXiv,,,,,0,0.000,0.000,,http://arxiv.org/abs/2512.25040v1,https://arxiv.org/pdf/2512.25040v1,arxiv,,"We construct and validate a set of multi-purpose mock galaxy catalogs designed to capture, to different degrees of accuracy, the main characteristics of the Nancy Grace Roman Space Telescope survey. These catalogs provide a foundation for void statistics and various CMB cross-correlation analyses. O"
175,,The Hochschild homology of a noncommutative symmetric quotient stack,Rina Anno; Vladimir Baranovsky; Timothy Logvinenko,2025,arXiv,,,,,0,0.000,0.000,,http://arxiv.org/abs/2512.25039v1,https://arxiv.org/pdf/2512.25039v1,arxiv,,"We prove an orbifold type decomposition theorem for the Hochschild homology of the symmetric powers of a small DG category $\mathcal{A}$. In noncommutative geometry, these can be viewed as the noncommutative symmetric quotient stacks of $\mathcal{A}$. We use this decomposition to show that the total"
176,,Universal polar dual pairs of spherical codes found in $E_8$ and $Λ_{24}$,S. V. Borodachov; P. G. Boyvalenkov; P. D. Dragnev; D. P. Hardin; E. B. Saff,2025,arXiv,,,,,0,0.000,0.000,,http://arxiv.org/abs/2512.25037v1,https://arxiv.org/pdf/2512.25037v1,arxiv,,"We identify universal polar dual pairs of spherical codes $C$ and $D$ such that for a large class of potential functions $h$ the minima of the discrete $h$-potential of $C$ on the sphere occur at the points of $D$ and vice versa. Moreover, the minimal values of their normalized potentials are equal."
177,,Perturbative Kondo destruction and global phase diagram of heavy fermion metals,Yiming Wang; Shouvik Sur; Chia-Chuan Liu; Qimiao Si,2025,arXiv,,,,,0,0.000,0.000,,http://arxiv.org/abs/2512.25036v1,https://arxiv.org/pdf/2512.25036v1,arxiv,,"Strange metals represent a foundational problem in quantum condensed matter physics, and heavy fermion systems provide a canonical setting to advance a general understanding. The concept of a Kondo destruction quantum critical point is widely invoked to describe the competition of the Kondo effect a"
178,,Large Neutrino-Dark Matter Interactions: From Effective Field Theory to Ultraviolet Completions,K. S. Babu; P. S. Bhupal Dev; Anil Thapa,2025,arXiv,,,,,0,0.000,0.000,,http://arxiv.org/abs/2512.25035v1,https://arxiv.org/pdf/2512.25035v1,arxiv,,"We develop a general effective field theory (EFT) framework for neutrino-dark matter (DM) interactions, and apply it to systematically find all possible gauge-invariant ultraviolet (UV) completions at a given EFT operator dimension. Our goal here is to find simple UV-complete models that can realize"
179,,Generative Classifiers Avoid Shortcut Solutions,Alexander C. Li; Ananya Kumar; Deepak Pathak,2025,arXiv,,,,,0,0.000,0.000,,http://arxiv.org/abs/2512.25034v1,https://arxiv.org/pdf/2512.25034v1,arxiv,,"Discriminative approaches to classification often learn shortcuts that hold in-distribution but fail even under minor distribution shift. This failure mode stems from an overreliance on features that are spuriously correlated with the label. We show that generative classifiers, which use class-condi"
180,,Testing Monotonicity in a Finite Population,Jiafeng Chen; Jonathan Roth; Jann Spiess,2025,arXiv,,,,,0,0.000,0.000,,http://arxiv.org/abs/2512.25032v1,https://arxiv.org/pdf/2512.25032v1,arxiv,,"We consider the extent to which we can learn from a completely randomized experiment whether everyone has treatment effects that are weakly of the same sign, a condition we call monotonicity. From a classical sampling perspective, it is well-known that monotonicity is untestable. By contrast, we sho"
181,,Fractal conduction pathways governing ionic transport in a glass,J. L. Iguain; F. O. Sanchez-Varreti; M. A. Frechero,2025,arXiv,,,,,0,0.000,0.000,,http://arxiv.org/abs/2512.25031v1,https://arxiv.org/pdf/2512.25031v1,arxiv,,"We present a systematic characterization of the fractal conduction pathways governing ionic transport in a non-crystalline solid below the glass-transition temperature. Using classical molecular dynamics simulations of lithium metasilicate, we combine mobility-resolved dynamical analysis with a real"
182,,Multivariate Generalized Counting Process via Gamma Subordination,Manisha Dhillon; Kuldeep Kumar Kataria; Shyan Ghosh,2025,arXiv,,,,,0,0.000,0.000,,http://arxiv.org/abs/2512.25030v1,https://arxiv.org/pdf/2512.25030v1,arxiv,,"In this paper, we study a multivariate gamma subordinator whose components are independent gamma processes subject to a random time governed by an independent negative binomial process. We derive the explicit expressions for its joint Laplace-Stieltjes transform, its probability density function and"
183,,Mod $p$ Poincaré duality for $p$-adic period domains,Guillaume Pignon-Ywanne,2025,arXiv,,,,,0,0.000,0.000,,http://arxiv.org/abs/2512.25029v1,https://arxiv.org/pdf/2512.25029v1,arxiv,,"In this article, we introduce a new class of smooth partially proper rigid analytic varieties over a $p$-adic field that satisfy Poincaré duality for étale cohomology with mod $p$-coefficients : the varieties satisfying ""primitive comparison with compact support"". We show that almost proper varietie"
184,,Modeling Language as a Sequence of Thoughts,Nasim Borazjanizadeh; James McClelland,2025,arXiv,,,,,0,0.000,0.000,,http://arxiv.org/abs/2512.25026v1,https://arxiv.org/pdf/2512.25026v1,arxiv,,"Transformer language models can generate strikingly natural text by modeling language as a sequence of tokens. Yet, by relying primarily on surface-level co-occurrence statistics, they fail to form globally consistent latent representations of entities and events, lack of which contributes to brittl"
185,,On Nonlinear Inertial Transformations,Nicholas Agia,2025,arXiv,,,,,0,0.000,0.000,,http://arxiv.org/abs/2512.25024v1,https://arxiv.org/pdf/2512.25024v1,arxiv,,"It is often assumed that the most general transformation between two inertial reference frames is affine linear in their Cartesian coordinates, an assumption which is however not true. We provide a complete derivation of the most general inertial frame transformation, which is indeed nonlinear; alon"
186,,ResponseRank: Data-Efficient Reward Modeling through Preference Strength Learning,Timo Kaufmann; Yannick Metz; Daniel Keim; Eyke Hüllermeier,2025,arXiv,,,,,0,0.000,0.000,,http://arxiv.org/abs/2512.25023v1,https://arxiv.org/pdf/2512.25023v1,arxiv,,"Binary choices, as often used for reinforcement learning from human feedback (RLHF), convey only the direction of a preference. A person may choose apples over oranges and bananas over grapes, but which preference is stronger? Strength is crucial for decision-making under uncertainty and generalizat"
187,,Convergence of the generalization error for deep gradient flow methods for PDEs,Chenguang Liu; Antonis Papapantoleon; Jasper Rou,2025,arXiv,,,,,0,0.000,0.000,,http://arxiv.org/abs/2512.25017v1,https://arxiv.org/pdf/2512.25017v1,arxiv,,The aim of this article is to provide a firm mathematical foundation for the application of deep gradient flow methods (DGFMs) for the solution of (high-dimensional) partial differential equations (PDEs). We decompose the generalization error of DGFMs into an approximation and a training error. We f
188,,MAMA-Memeia! Multi-Aspect Multi-Agent Collaboration for Depressive Symptoms Identification in Memes,Siddhant Agarwal; Adya Dhuler; Polly Ruhnke; Melvin Speisman; Md Shad Akhtar,2025,arXiv,,,,,0,0.000,0.000,,http://arxiv.org/abs/2512.25015v1,https://arxiv.org/pdf/2512.25015v1,arxiv,,"Over the past years, memes have evolved from being exclusively a medium of humorous exchanges to one that allows users to express a range of emotions freely and easily. With the ever-growing utilization of memes in expressing depressive sentiments, we conduct a study on identifying depressive sympto"
189,,Diffusion Language Models are Provably Optimal Parallel Samplers,Haozhe Jiang; Nika Haghtalab; Lijie Chen,2025,arXiv,,,,,0,0.000,0.000,,http://arxiv.org/abs/2512.25014v1,https://arxiv.org/pdf/2512.25014v1,arxiv,,Diffusion language models (DLMs) have emerged as a promising alternative to autoregressive models for faster inference via parallel token generation. We provide a rigorous foundation for this advantage by formalizing a model of parallel sampling and showing that DLMs augmented with polynomial-length
190,,Bounding regularity of $\mathrm{VI}^m$-modules,Wee Liang Gan; Khoa Ta,2025,arXiv,,,,,0,0.000,0.000,,http://arxiv.org/abs/2512.25010v1,https://arxiv.org/pdf/2512.25010v1,arxiv,,Fix a finite field $\mathbb{F}$. Let $\mathrm{VI}$ be a skeleton of the category of finite dimensional $\mathbb{F}$-vector spaces and injective $\mathbb{F}$-linear maps. We study $\mathrm{VI}^m$-modules over a noetherian commutative ring in the nondescribing characteristic case. We prove that if a f
191,,The splitting field and generators of the elliptic surface $Y^2=X^3 +t^{360} +1$,Sajad Salami,2025,arXiv,,,,,0,0.000,0.000,,http://arxiv.org/abs/2512.25009v1,https://arxiv.org/pdf/2512.25009v1,arxiv,,"The splitting field of an elliptic surface $\mathcal{E}/\mathbb{Q}(t)$ is the smallest finite extension $\mathcal{K} \subset \mathbb{C}$ such that all $\mathbb{C}(t)$-rational points are defined over $\mathcal{K}(t)$. In this paper, we provide a symbolic algorithmic approach to determine the splitti"
192,,FoundationSLAM: Unleashing the Power of Depth Foundation Models for End-to-End Dense Visual SLAM,Yuchen Wu; Jiahe Li; Fabio Tosi; Matteo Poggi; Jin Zheng,2025,arXiv,,,,,0,0.000,0.000,,http://arxiv.org/abs/2512.25008v1,https://arxiv.org/pdf/2512.25008v1,arxiv,,"We present FoundationSLAM, a learning-based monocular dense SLAM system that addresses the absence of geometric consistency in previous flow-based approaches for accurate and robust tracking and mapping. Our core idea is to bridge flow estimation with geometric reasoning by leveraging the guidance f"
193,,Fast Poisson brackets and constraint algebras in canonical gravity,Will Barker,2025,arXiv,,,,,0,0.000,0.000,,http://arxiv.org/abs/2512.25007v1,https://arxiv.org/pdf/2512.25007v1,arxiv,,"In the study of alternative or extended theories of gravity, Dirac's Hamiltonian constraint algorithm is invaluable for enumerating the propagating modes and gauge symmetries. For gravity, this canonical approach is frequently applied as a means for finding pathologies such as strongly coupled modes"
194,,Grassmannian Geometries for Non-Planar On-Shell Diagrams,Artyom Lisitsyn; Umut Oktem; Melissa Sherman-Bennett; Jaroslav Trnka,2025,arXiv,,,,,0,0.000,0.000,,http://arxiv.org/abs/2512.25005v1,https://arxiv.org/pdf/2512.25005v1,arxiv,,"On-shell diagrams are gauge invariant quantities which play an important role in the description of scattering amplitudes. Based on the principles of generalized unitarity, they are given by products of elementary three-point amplitudes where the kinematics of internal on-shell legs are determined b"
195,,The local limit of weighted spanning trees on balanced networks,Ágnes Kúsz,2025,arXiv,,,,,0,0.000,0.000,,http://arxiv.org/abs/2512.25001v1,https://arxiv.org/pdf/2512.25001v1,arxiv,,"We prove that the local limit of the weighted spanning trees on any simple connected high degree almost regular sequence of electric networks is the Poisson(1) branching process conditioned to survive forever, by generalizing [NP22] and closing a gap in their proof. We also study the local statistic"
196,,Basic Inequalities for First-Order Optimization with Applications to Statistical Risk Analysis,Seunghoon Paik; Kangjie Zhou; Matus Telgarsky; Ryan J. Tibshirani,2025,arXiv,,,,,0,0.000,0.000,,http://arxiv.org/abs/2512.24999v1,https://arxiv.org/pdf/2512.24999v1,arxiv,,"We introduce \textit{basic inequalities} for first-order iterative optimization algorithms, forming a simple and versatile framework that connects implicit and explicit regularization. While related inequalities appear in the literature, we isolate and highlight a specific form and develop it as a w"
197,,Manifold classification from the descriptive viewpoint,Jeffrey Bergfalk; Iian B. Smythe,2025,arXiv,,,,,0,0.000,0.000,,http://arxiv.org/abs/2512.24996v1,https://arxiv.org/pdf/2512.24996v1,arxiv,,"We consider classification problems for manifolds and discrete subgroups of Lie groups from a descriptive set-theoretic point of view. This work is largely foundational in conception and character, recording both a framework for general study and Borel complexity computations for some of the most fu"
198,,Strong Gravitational Lensing by a Black Hole with a Global Monopole in Kalb-Ramond Bumblebee Gravity,Bijendra Kumar Vishvakarma; Shubham Kala,2025,arXiv,,,,,0,0.000,0.000,,http://arxiv.org/abs/2512.24995v1,https://arxiv.org/pdf/2512.24995v1,arxiv,,"We investigate the strong gravitational lensing and shadow properties of the black hole in the context of bumblebee gravity, characterized by a global monopole charge $κη^2$ and a Lorentz symmetry breaking parameter $γ$. We compute the deflection angles of light passing near the black hole in strong"
199,,The Fourier extension conjecture for the paraboloid,Cristian Rios; Eric T. Sawyer,2025,arXiv,,,,,0,0.000,0.000,,http://arxiv.org/abs/2512.24990v1,https://arxiv.org/pdf/2512.24990v1,arxiv,,We give a proof of Fourier extension conjecture on the paraboloid in all dimensions bigger than 2 that begins with a decomposition suggested in Sawyer [Saw8] of writing a smooth Alpert projection as a sum of pieces whose Fourier extensions are localized. This is then used in the case d=3 to establis
200,,Harnessing wind energy through responsive kinetic façades for sustainable building design,Passaint Massoud,2025,Journal of Umm Al-Qura University for Engineering and Architecture,,,,,0,0.000,0.000,10.1007/s43995-025-00272-4,https://openalex.org/W7117666647,https://doi.org/10.1007/s43995-025-00272-4,openalex,,
201,,Beyond mechanics: Maximum‐likelihood‐driven PET detector alignment calibration,Julian Thull; Y. Kuhl; Florian Mueller; David Schug; Bjoern Weissler,2025,Medical Physics,,,,,0,0.000,0.000,10.1002/mp.70256,https://openalex.org/W7117680345,https://onlinelibrary.wiley.com/doi/pdfdirect/10.1002/mp.70256,openalex,,"Abstract Background Accurate quantification is a cornerstone of positron‐emission tomography (PET), yet mechanical inaccuracies during detector assembly continue to undermine this goal. Deviations from intended design geometries arise due to factors such as manufacturing tolerances, mechanical stres"
202,,Lightweight Machine Learning System Embedded in Smart Wearable Devices for Personalized Sport Guidance,Ming Mo; Wenfeng Shi; Jun Wang; Yi Yang; Xuyin Xu,2025,Textile & Leather Review,,,,,0,0.000,0.000,10.31881/tlr.2025.1210,https://openalex.org/W7117690558,https://www.tlr-journal.com/wp-content/uploads/2025/12/TLR_2025_1210_MO.pdf,openalex,,"The convergence of the textile industry and electronics presents new frontiers in functional apparel. This research details a system for personalized athletic guidance, rooted in advanced textile processing and materials science. The foundation is a smart garment fabricated from a blend of synthetic"
203,,Improving cardiac computed tomography angiography image quality and diagnostic confidence for atrial fibrillation after left atrial appendage closure using a second-generation whole-heart motion correction algorithm,Yanan Li; Ganglian Fan; Tingting Qu; Lihong Chen; Le Cao,2025,Quantitative Imaging in Medicine and Surgery,,,,,0,0.000,0.000,10.21037/qims-2025-689,https://openalex.org/W7117699005,https://doi.org/10.21037/qims-2025-689,openalex,,
204,,Electricity Generation and Smart Battery Charging Using Wind Turbines in Moving Vehicles,Hüseyin Gürbüz; Nurullah Akgün,2025,International Journal of Automotive Science And Technology,,,,,0,0.000,0.000,10.30939/ijastech..1751960,https://openalex.org/W7117747390,https://dergipark.org.tr/en/download/article-file/5095186,openalex,,"Although electric vehicles offer increased user comfort, the range limitation remains one of their most significant challenges, primarily due to battery capacity. Moreover, for electric vehicles—classified as zero-emission—it is crucial that the electricity used originates from renewable energy sour"
205,,Advancing Tropical Cyclone Rainfall Simulation and Projection With Eddy‐Resolving Climate Models,Baiping Wang; Xiaohui Ma; Weiwei Ma; Lixin Wu,2025,Geophysical Research Letters,,,,,0,0.000,0.000,10.1029/2025gl118880,https://openalex.org/W7117749682,https://onlinelibrary.wiley.com/doi/pdfdirect/10.1029/2025GL118880,openalex,,"Abstract Tropical cyclone (TC) plays a critical role in driving hydrological extremes. However, current generation climate models often fail to capture TC inner‐core dynamical structures, leading to substantial underestimation (&gt;50%) of TC rainfall (TCR). Here, using a set of eddy‐resolving high‐"
206,,Validation of Virtual Human Motion Sensors in a Digital Twin Environment Using LLM-based Activity Generation,Atsuya IKENO; Tomokazu Matsui; Hirohiko Suwa; Keiichi Yasumoto,2025,,,,,,0,0.000,0.000,10.1145/3737611.3776623,https://openalex.org/W7117756472,https://doi.org/10.1145/3737611.3776623,openalex,,
207,,Design and Evaluation of Stand-to-Sit and Sit-to-Stand Control Protocols for a HIP–Knee–Ankle–Foot Prosthesis with a Motorized Hip Joint,Farshad Golshan; Natalie Baddour; Hossein Gholizadeh; David Nielen; Edward D. Lemaire,2025,Bioengineering,,,,,0,0.000,0.000,10.3390/bioengineering13010048,https://openalex.org/W7117785912,https://www.mdpi.com/2306-5354/13/1/48/pdf?version=1767190404,openalex,,Background: Sitting and standing with conventional hip–knee–ankle–foot (HKAF) prostheses are demanding tasks for hip disarticulation (HD) amputees due to the passive nature of current prosthetic hip joints that cannot assist with moment generation. This study developed a sitting and standing control
208,,Nano-Coordinated Smart Self-Healing Material (NCSM-Y001),Chirag Rathi,2025,Zenodo (CERN European Organization for Nuclear Research),,,,,0,0.000,0.000,10.5281/zenodo.18109819,https://openalex.org/W7117880191,https://doi.org/10.5281/zenodo.18109819,openalex,,"Nano-Coordinated Smart Self-Healing Material (NCSM) introduces a next-generation aerospace nanomaterial capable of autonomous repair under extreme thermal, radiation, and impact conditions. This framework uses coordinated graphene-CNT nanoparticles equipped with micro-sensors, ion/solar energy harve"
209,,"A Review on Path Planning for Autonomous Underwater Vehicles: From Models, Classical Methods, and Learning‐Based Intelligence Perspectives",Yinyi Lai; Yu Li; Zhiyuan Xu; JiaShu Han; Wenbin Kang,2025,Journal of Field Robotics,,,,,0,0.000,0.000,10.1002/rob.70143,https://openalex.org/W7117543247,https://onlinelibrary.wiley.com/doi/pdfdirect/10.1002/rob.70143,openalex,,"ABSTRACT Autonomous underwater vehicles (AUVs) are pivotal for advancing ocean exploration, environmental monitoring, and deep‐sea resource utilization. However, their operational effectiveness is fundamentally constrained by the harsh and dynamic underwater environment. This review systematically s"
210,,Generating interaction gestures in dyadic conversations using a diffusion model,Yuya Okadome; Yazan Alkatshah; Yutaka Nakamura,2025,PLoS ONE,,,,,0,0.000,0.000,10.1371/journal.pone.0339579,https://openalex.org/W7117562422,https://doi.org/10.1371/journal.pone.0339579,openalex,,"As expectations for computer graphic (CG) avatars and conversational robots increase, enhancing dialogue skills via multimodal channels is crucial for achieving fluent interactions with humans. Thus, automatic interaction motion generation is essential for autonomous conversation systems. Natural mo"
211,,CONTROL UNIT OF AN OPEN-LOOP AUTOMATIC CONTROL SYSTEM,A. Matsaiienko; S. Pohrebniak; H. Kuzavkov,2025,Наукові праці Державного науково-дослідного інституту випробувань і сертифікації озброєння та військової техніки,,,,,0,0.000,0.000,10.37701/dndivsovt.26.2025.09,https://openalex.org/W7117570634,https://dndivsovt.com/index.php/journal/article/download/650/615,openalex,,"The article presents the development and investigation results of a control unit for an open-loop automatic control system (ACS), designed to stabilize a platform equipped with a weapon system without feedback. The subject of the study is the structural and functional organization of the control uni"
212,,Digiratory/FluctuationAnalysisTools 1.10.0,Aleksandr Sinitca; Asya Lyanova; Aleksandr Kuzmenko; Maya Gavrichenkova; Timofey Baburin,2025,Zenodo (CERN European Organization for Nuclear Research),,,,,0,0.000,0.000,10.5281/zenodo.18098519,https://openalex.org/W7117656669,https://doi.org/10.5281/zenodo.18098519,openalex,,"FluctuationAnalysisTools 1.10.0 A Python library for creating and processing long-term dependent datasets, with a focus on statistical analysis tools for fluctuation analysis, time series generation, and signal processing. Features Synthetic Data Generation: Create datasets with controlled statistic"
213,,Enhancing Wind Energy Efficiency Using a Counter-Rotating Vertical Axis Turbine,Kuldeep B Pawar; Shubham M Shinde; Priyanka R. Shinde; Aishwarya D. Apshinge,2025,Zenodo (CERN European Organization for Nuclear Research),,,,,0,0.000,0.000,10.5281/zenodo.18091734,https://openalex.org/W7117711551,https://doi.org/10.5281/zenodo.18091734,openalex,,"With the rising global demand for electricity, conventional non-renewable energy sources are proving inadequate and contribute significantly to environmental pollution. As a result, renewable energy sources have gained prominence, with wind energy being one of the most viable alternatives. Wind turb"
214,,TEMPERATURE DEPENDENCE OF CRACK INITIATION MECHANISMS IN FRETTING FATIGUE OF THE TI-6AL-4V TITANIUM ALLOY,Yurii Ryzhkov,2025,Bulletin of Kharkov National Automobile and Highway University,,,,,0,0.000,0.000,10.30977/bul.2219-5548.2025.111.0.95,https://openalex.org/W7117782096,http://bulletin.khadi.kharkov.ua/article/download/349018/336173,openalex,,"Abstract. Problem. Fretting fatigue remains a critical damage mechanism in highly loaded contacts of aero-engine and power-generation hardware, where small-amplitude relative motion under high contact stress accelerates crack initiation and limits service life. Despite extensive literature on crack "
215,,ТЕМПЕРАТУРНА ЗАЛЕЖНІСТЬ МЕХАНІЗМІВ ЗАРОДЖЕННЯ ТРІЩИН У ПРОЦЕСІ ФРЕТИНГ-ВТОМИ В ТИТАНОВОМУ СПЛАВІ Ti-6Al-4V,Юрій Володимирович Рижков,2025,Scientific periodicals of Ukraine,,,,,0,0.000,0.000,,https://openalex.org/W7117945224,,openalex,,"Abstract. Problem. Fretting fatigue remains a critical damage mechanism in highly loaded contacts of aero-engine and power-generation hardware, where small-amplitude relative motion under high contact stress accelerates crack initiation and limits service life. Despite extensive literature on crack "
216,,Atlas Cores: Momentum-Dominated Compact Objects in the MIND Framework (Formally known as black holes),Alvaro Fabian BRICIO ARZUBIDE,2025,Zenodo (CERN European Organization for Nuclear Research),,,,,0,0.000,0.000,10.5281/zenodo.18112236,https://openalex.org/W7117963958,https://doi.org/10.5281/zenodo.18112236,openalex,,"This work introduces Atlas Cores—compact, momentum-dominated gravitational structures (formally known as black holes)—within the MIND (Momentum-Induced Nonlinear Dynamics) framework. We show that when angular momentum and frame-dragging effects dominate the spacetime geometry, the standard Kerr-cent"
217,,UniAct: Unified Motion Generation and Action Streaming for Humanoid Robots,Nan Jiang; Zimo He; Wanhe Yu; Lexi Pang; Yunhao Li,2025,arXiv (Cornell University),,,,,0,0.000,0.000,10.48550/arxiv.2512.24321,https://openalex.org/W7117964931,https://doi.org/10.48550/arxiv.2512.24321,openalex,,"A long-standing objective in humanoid robotics is the realization of versatile agents capable of following diverse multimodal instructions with human-level flexibility. Despite advances in humanoid control, bridging high-level multimodal perception with whole-body execution remains a significant bot"
218,,Think Before You Move: Latent Motion Reasoning for Text-to-Motion Generation,Yijie Qian; Juncheng Wang; Yuxiang Feng; Chao Xu; Wang Lu,2025,arXiv (Cornell University),,,,,0,0.000,0.000,10.48550/arxiv.2512.24100,https://openalex.org/W7117983105,https://doi.org/10.48550/arxiv.2512.24100,openalex,,"Current state-of-the-art paradigms predominantly treat Text-to-Motion (T2M) generation as a direct translation problem, mapping symbolic language directly to continuous poses. While effective for simple actions, this System 1 approach faces a fundamental theoretical bottleneck we identify as the Sem"
219,,A Targeted Region-based Optical Flow and Motion Vector Deriving Approach for Self-Driving Vehicles using Monocular Vision,P. A. D. S. N. Wijesekara,2025,Journal of the University of Ruhuna,,,,,0,0.000,0.000,10.4038/jur.v13i2.8072,https://openalex.org/W7117448175,https://jur.sljol.info/articles/8073/files/695201e306fe9.pdf,openalex,,"In autonomous driving, object dynamics are crucial for improved driving performance and fewer collisions, in conjunction with three-dimensional awareness of the environment. Using an aerial perspective, several previous efforts have followed the course of automobiles and examined optical flow for se"
220,,Design and Fabrication of Organic Waste Crushing Machine,"DEPARTMENT OF MECHANICAL ENGINEERIG & ANNAI JKK SAMPOORANI AMMAL POLYTECHNIC COLLEGE, T.N. PALAYAM, INDIA.; S. PERINBAN; A. RAMESH; P. RAVICHANDRAN; M. NAVANEETHAN",2025,INTERANTIONAL JOURNAL OF SCIENTIFIC RESEARCH IN ENGINEERING AND MANAGEMENT,,,,,0,0.000,0.000,10.55041/ijsrem55596,https://openalex.org/W7117451948,https://ijsrem.com/download/design-and-fabrication-of-organic-waste-crushing-machine/?wpdmdl=63080&refresh=6952a44feeb491767023695,openalex,,"Abstract - The rapid increase in organic waste generation has created significant challenges in waste management, particularly in areas with limited access to electrical power. Effective reduction of organic waste volume is essential to support sustainable disposal methods such as composting and bio"
221,,Entanglement generation between different center-of-mass motions in double levitated micromagnet system,Wenjie Liu; Shi Rao,2025,Scientific Reports,,,,,0,0.000,0.000,10.1038/s41598-025-28242-9,https://openalex.org/W7117467312,https://doi.org/10.1038/s41598-025-28242-9,openalex,,Abstract We theoretically propose a scheme to realize quantum entanglement between two center-of-mass motion (CM) as the external degrees of freedom of two separated levitated yttrium iron garnet spheres. The microwave cavity field is introduced to bridge the interaction between the two separated mi
222,,From Risk to Reality: Paradigm Shift in the Industry with VR Assisted Maneuver Training (ManeVRa),Orkun Teke; Fatih Çay; Dinçer Yargıcı,2025,Bozok journal of engineering and architecture.,,,,,0,0.000,0.000,10.70700/bjea.1777013,https://openalex.org/W7117473127,,openalex,,"The maneuvering of high voltage equipment in power plants represents one of the most critical and risk-laden operations in the energy sector, demanding both advanced technical proficiency and a high level of operational awareness. Traditional training methods fall short in providing safe, repeatable"
223,,MATHEMATICAL MODELING AND COMPUTER SIMULATION OF NONLINEAR DYNAMICS PHENOMENA IN A COMPLEX PASSIVE-ACTIVE VIBRATION-DAMPING AND VIBRATION-ISOLATING MAGNETIC SUPPORT WITH A SWIVELING OR ROTATING VERTICAL ROD-SHAFT,Gennadii Martynenko,2025,Bulletin of the National Technical University «KhPI» Series Dynamics and Strength of Machines,,,,,0,0.000,0.000,10.20998/2078-9130.2025.2.347834,https://openalex.org/W7117483966,http://jdsm.khpi.edu.ua/article/download/347834/335161,openalex,,"The article discusses specialized original computer software designed for calculating and analyzing the dynamics parameters of the rod-shaft in a vibration-damping and vibration-isolating complex fully magnetic support of the passive-active type, accounting for various types of magnetic elements. Th"
224,,Ultrafast Symmetry-Breaking Charge Separation in Covalent Boron-Dipyrromethene Dimers Modulated by Coulombic and Charge Transfer Coupling,Hao Zhang; Zhuoran Kuang; Yuhang Yang; Rui Jing; Jiarui Zhang,2025,The Journal of Physical Chemistry Letters,,,,,0,0.000,0.000,10.1021/acs.jpclett.5c03787,https://openalex.org/W7117487888,,openalex,,"To mimic the light capture and charge generation in natural light-harvesting systems, photoinduced symmetry-breaking charge separation (SBCS) in various multichromophoric systems has been widely investigated. Yet, the thermodynamic and kinetic constraints of SBCS hinder its further development and a"
225,,Histology-based Microstructural Tissue Phantoms for Realistic Ultrasound Simulation,Daniek A. C. Van Aarle; Richard G. P. Lopata; Hans-Martin Schwab,2025,Ultrasonic Imaging,,,,,0,0.000,0.000,10.1177/01617346251406563,https://openalex.org/W7117540954,https://doi.org/10.1177/01617346251406563,openalex,,"Ultrasound simulation has become an essential tool for transducer design, optimizing imaging strategies, and validating image analysis techniques. A simulation method that accommodates tissue-specific scattering would significantly improve realism of insilico phantoms, generating much needed trainin"
226,,Aerodynamic mechanism of the dual lock-in regions of vertical vortex-induced vibration of the triple-box girder,Xue-Yang Tai; Shi-Xiong Zheng; Zheng-Xi Yan; Ling Zhang,2025,International Journal of Structural Stability and Dynamics,,,,,0,0.000,0.000,10.1142/s0219455427502129,https://openalex.org/W7117561226,,openalex,,"The triple-box girder has attracted significant attention due to its excellent aerodynamic stability and passage capacity. However, this type of box girder may exhibit dual vortex-induced vibration (VIV) lock-in regions with identical vibration modes and frequencies, which deviates from the Strouhal"
227,,SoulX-LiveTalk: Real-Time Infinite Streaming of Audio-Driven Avatars via Self-Correcting Bidirectional Distillation,Le Shen; Qiao Qian; Tan Yu; Ke Zhou; Tianhang Yu,2025,arXiv (Cornell University),,,,,0,0.000,0.000,10.48550/arxiv.2512.23379,https://openalex.org/W7117650847,https://doi.org/10.48550/arxiv.2512.23379,openalex,,"Deploying massive diffusion models for real-time, infinite-duration, audio-driven avatar generation presents a significant engineering challenge, primarily due to the conflict between computational load and strict latency constraints. Existing approaches often compromise visual fidelity by enforcing"
228,,HY-Motion 1.0: Scaling Flow Matching Models for Text-To-Motion Generation,Yuxin Wen; Qing Shuai; Di Kang; Jing Li; Cheng Wen,2025,arXiv (Cornell University),,,,,0,0.000,0.000,10.48550/arxiv.2512.23464,https://openalex.org/W7117683918,https://doi.org/10.48550/arxiv.2512.23464,openalex,,"We present HY-Motion 1.0, a series of state-of-the-art, large-scale, motion generation models capable of generating 3D human motions from textual descriptions. HY-Motion 1.0 represents the first successful attempt to scale up Diffusion Transformer (DiT)-based flow matching models to the billion-para"
229,,DriveLaW:Unifying Planning and Video Generation in a Latent Driving World,Tianze Xia; Yongkang Li; Lijun Zhou; Jingfeng Yao; Kaixin Xiong,2025,arXiv (Cornell University),,,,,0,0.000,0.000,10.48550/arxiv.2512.23421,https://openalex.org/W7117692002,https://doi.org/10.48550/arxiv.2512.23421,openalex,,"World models have become crucial for autonomous driving, as they learn how scenarios evolve over time to address the long-tail challenges of the real world. However, current approaches relegate world models to limited roles: they operate within ostensibly unified architectures that still keep world "
230,,SC-Net: Robust Correspondence Learning via Spatial and Cross-Channel Context,Shuyuan Lin; Hailiang Liao; Qiang Qi; Junjie Huang; Taotao Lai,2025,arXiv (Cornell University),,,,,0,0.000,0.000,10.48550/arxiv.2512.23473,https://openalex.org/W7117710066,https://doi.org/10.48550/arxiv.2512.23473,openalex,,"Recent research has focused on using convolutional neural networks (CNNs) as the backbones in two-view correspondence learning, demonstrating significant superiority over methods based on multilayer perceptrons. However, CNN backbones that are not tailored to specific tasks may fail to effectively a"
231,,МАТЕМАТИЧНЕ МОДЕЛЮВАННЯ ТА КОМП’ЮТЕРНА СИМУЛЯЦІЯ ЯВИЩ НЕЛІНІЙНОЇ ДИНАМІКИ ВІБРОГАСНОЇ ТА ВІБРОІЗОЛЮЮЧОЇ КОМПЛЕКСНОЇ ПАСИВНО-АКТИВНОЇ МАГНІТНОЇ ОПОРИ З ПОВОРОТНИМ АБО ОБЕРТОВИМ ВЕРТИКАЛЬНИМ ШТОК-ВАЛОМ,Геннадій Мартиненко,2025,Scientific periodicals of Ukraine,,,,,0,0.000,0.000,,https://openalex.org/W7117857426,,openalex,,"The article discusses specialized original computer software designed for calculating and analyzing the dynamics parameters of the rod-shaft in a vibration-damping and vibration-isolating complex fully magnetic support of the passive-active type, accounting for various types of magnetic elements. Th"
232,,"Wall crossing, string networks and quantum toroidal algebras",Yegor Zenkevich,2025,arXiv,,,,,0,0.000,0.000,,http://arxiv.org/abs/2512.24988v1,https://arxiv.org/pdf/2512.24988v1,arxiv,,"We investigate BPS states in 4d N=4 supersymmetric Yang-Mills theory and the corresponding (p, q) string networks in Type IIB string theory. We propose a new interpretation of the algebra of line operators in this theory as a tensor product of vector representations of a quantum toroidal algebra, wh"
233,,A guide to the $2$-generated axial algebras of Monster type,Justin McInroy; Abdul Wajid Mir,2025,arXiv,,,,,0,0.000,0.000,,http://arxiv.org/abs/2512.24987v1,https://arxiv.org/pdf/2512.24987v1,arxiv,,"Axial algebras of Monster type are a class of non-associative algebras which generalise the Griess algebra, whose automorphism group is the largest sporadic simple group, the Monster. The $2$-generated algebras, which are the building blocks from which all algebras in this class can be constructed, "
234,,PhysTalk: Language-driven Real-time Physics in 3D Gaussian Scenes,Luca Collorone; Mert Kiray; Indro Spinelli; Fabio Galasso; Benjamin Busam,2025,arXiv,,,,,0,0.000,0.000,,http://arxiv.org/abs/2512.24986v1,https://arxiv.org/pdf/2512.24986v1,arxiv,,"Realistic visual simulations are omnipresent, yet their creation requires computing time, rendering, and expert animation knowledge. Open-vocabulary visual effects generation from text inputs emerges as a promising solution that can unlock immense creative potential. However, current pipelines lack "
235,,The Supersymmetry of Cuts in Pure Gauge Theory and Gravity,Jacob L. Bourjaily,2025,arXiv,,,,,0,0.000,0.000,,http://arxiv.org/abs/2512.24984v1,https://arxiv.org/pdf/2512.24984v1,arxiv,,"At tree-level, scattering amplitudes involving only gluons or gravitons are unaffected by supersymmetry, allowing them to be efficiently encoded by and extracted from those of maximally supersymmetric (N=4,8) theories. This fails beyond tree-level, of course, but much less than would be expected. We"
236,,Lindbladian PT phase transitions,Yuma Nakanishi; Tomohiro Sasamoto,2025,arXiv,,,,,0,0.000,0.000,,http://arxiv.org/abs/2512.24981v1,https://arxiv.org/pdf/2512.24981v1,arxiv,,"A parity-time (PT) transition is a spectral transition characteristic of non-Hermitian generators; it typically occurs at an exceptional point, where multiple eigenvectors coalesce. The concept of a PT transition has been extended to Markovian open quantum systems, which are described by the GKSL eq"
237,,A Modal Logic for Possibilistic Reasoning with Fuzzy Formal Contexts,Prosenjit Howlader; Churn-Jung Liau,2025,arXiv,,,,,0,0.000,0.000,,http://arxiv.org/abs/2512.24980v1,https://arxiv.org/pdf/2512.24980v1,arxiv,,We introduce a two-sort weighted modal logic for possibilistic reasoning with fuzzy formal contexts. The syntax of the logic includes two types of weighted modal operators corresponding to classical necessity ($\Box$) and sufficiency ($\boxminus$) modalities and its formulas are interpreted in fuzzy
238,,SymSeqBench: a unified framework for the generation and analysis of rule-based symbolic sequences and datasets,Barna Zajzon; Younes Bouhadjar; Maxime Fabre; Felix Schmidt; Noah Ostendorf,2025,arXiv,,,,,0,0.000,0.000,,http://arxiv.org/abs/2512.24977v1,https://arxiv.org/pdf/2512.24977v1,arxiv,,"Sequential structure is a key feature of multiple domains of natural cognition and behavior, such as language, movement and decision-making. Likewise, it is also a central property of tasks to which we would like to apply artificial intelligence. It is therefore of great importance to develop framew"
239,,Hierarchical Deformation Planning and Neural Tracking for DLOs in Constrained Environments,Yunxi Tang; Tianqi Yang; Jing Huang; Xiangyu Chu; Kwok Wai Samuel Au,2025,arXiv,,,,,0,0.000,0.000,,http://arxiv.org/abs/2512.24974v1,https://arxiv.org/pdf/2512.24974v1,arxiv,,"Deformable linear objects (DLOs) manipulation presents significant challenges due to DLOs' inherent high-dimensional state space and complex deformation dynamics. The wide-populated obstacles in realistic workspaces further complicate DLO manipulation, necessitating efficient deformation planning an"
240,,GEQIE Framework for Rapid Quantum Image Encoding,Rafał Potempa; Michał Kordasz; Józef P. Cyran; Kamil Wereszczyński; Krzysztof Simiński,2025,arXiv,,,,,0,0.000,0.000,,http://arxiv.org/abs/2512.24973v1,https://arxiv.org/pdf/2512.24973v1,arxiv,,"This work presents a Python framework named after the General Equation of Quantum Image Encoding (GEQIE). The framework creates the image-encoding state using a unitary gate, which can later be transpiled to target quantum backends. The benchmarking results, simulated with different noise levels, de"
241,,The Impact of LLMs on Online News Consumption and Production,Hangcheng Zhao; Ron Berman,2025,arXiv,,,,,0,0.000,0.000,,http://arxiv.org/abs/2512.24968v1,https://arxiv.org/pdf/2512.24968v1,arxiv,,Large language models (LLMs) change how consumers acquire information online; their bots also crawl news publishers' websites for training data and to answer consumer queries; and they provide tools that can lower the cost of content creation. These changes lead to predictions of adverse impact on n
242,,Cosmic Himalayas in CROCODILE : Probing the Extreme Quasar Overdensities by Count-in-Cells analysis and Nearest Neighbor Distribution,Yuto Kuwayama; Yongming Liang; Kentaro Nagamine; Yuri Oku; Daisuke Nishihama,2025,arXiv,,,,,0,0.000,0.000,,http://arxiv.org/abs/2512.24966v1,https://arxiv.org/pdf/2512.24966v1,arxiv,,"The recently reported Cosmic Himalayas (CH) -- an extreme quasar overdensity at z~2 -- poses an apparent challenge to the Lambda CDM framework, with a reported significance of 16.9-sigma under Gaussian assumptions. Such an event appears improbably rare, with a formal probability of P ~ 10^-68. In th"
243,,ShowUI-$π$: Flow-based Generative Models as GUI Dexterous Hands,Siyuan Hu; Kevin Qinghong Lin; Mike Zheng Shou,2025,arXiv,,,,,0,0.000,0.000,,http://arxiv.org/abs/2512.24965v1,https://arxiv.org/pdf/2512.24965v1,arxiv,,"Building intelligent agents capable of dexterous manipulation is essential for achieving human-like automation in both robotics and digital environments. However, existing GUI agents rely on discrete click predictions (x,y), which prohibits free-form, closed-loop trajectories (e.g. dragging a progre"
244,,Approximating evolution operators of linear delay equations: a general framework for the convergence analysis,Alessia andò; Giusy Bosco; Dimitri Breda; Davide Liessi,2025,arXiv,,,,,0,0.000,0.000,,http://arxiv.org/abs/2512.24964v1,https://arxiv.org/pdf/2512.24964v1,arxiv,,"We consider the problem of discretizing evolution operators of linear delay equations with the aim of approximating their spectra, which is useful in investigating the stability properties of (nonlinear) equations via the principle of linearized stability. We develop a general convergence analysis b"
245,,Fundamental Limits for Near-Field Sensing -- Part II: Wide-Band Systems,Tong Wei; Kumar Vijay Mishra; Bhavani Shankar M. R.; Björn Ottersten,2025,arXiv,,,,,0,0.000,0.000,,http://arxiv.org/abs/2512.24962v1,https://arxiv.org/pdf/2512.24962v1,arxiv,,"Near-field sensing with extremely large-scale antenna arrays (ELAAs) in practical 6G systems is expected to operate over broad bandwidths, where delay, Doppler, and spatial effects become tightly coupled across frequency. The purpose of this and the companion paper (Part I) is to develop the unified"
246,,Semi-overlapping Multi-bandit Best Arm Identification for Sequential Support Network Learning,András Antos; András Millinghoffer; Péter Antal,2025,arXiv,,,,,0,0.000,0.000,,http://arxiv.org/abs/2512.24959v1,https://arxiv.org/pdf/2512.24959v1,arxiv,,"Many modern AI and ML problems require evaluating partners' contributions through shared yet asymmetric, computationally intensive processes and the simultaneous selection of the most beneficial candidates. Sequential approaches to these problems can be unified under a new framework, Sequential Supp"
247,,AMAP Agentic Planning Technical Report,Yulan Hu; Xiangwen Zhang; Sheng Ouyang; Hao Yi; Lu Xu,2025,arXiv,,,,,0,0.000,0.000,,http://arxiv.org/abs/2512.24957v1,https://arxiv.org/pdf/2512.24957v1,arxiv,,"We present STAgent, an agentic large language model tailored for spatio-temporal understanding, designed to solve complex tasks such as constrained point-of-interest discovery and itinerary planning. STAgent is a specialized model capable of interacting with ten distinct tools within spatio-temporal"
248,,MSACL: Multi-Step Actor-Critic Learning with Lyapunov Certificates for Exponentially Stabilizing Control,Yongwei Zhang; Yuanzhe Xing; Quan Quan; Zhikun She,2025,arXiv,,,,,0,0.000,0.000,,http://arxiv.org/abs/2512.24955v1,https://arxiv.org/pdf/2512.24955v1,arxiv,,"Achieving provable stability in model-free reinforcement learning (RL) remains a challenge, particularly in balancing exploration with rigorous safety. This article introduces MSACL, a framework that integrates exponential stability theory with maximum entropy RL through multi-step Lyapunov certific"
249,,VIPER: Process-aware Evaluation for Generative Video Reasoning,Yifan Li; Yukai Gu; Yingqian Min; Zikang Liu; Yifan Du,2025,arXiv,,,,,0,0.000,0.000,,http://arxiv.org/abs/2512.24952v1,https://arxiv.org/pdf/2512.24952v1,arxiv,,"Recent breakthroughs in video generation have demonstrated an emerging capability termed Chain-of-Frames (CoF) reasoning, where models resolve complex tasks through the generation of continuous frames. While these models show promise for Generative Video Reasoning (GVR), existing evaluation framewor"
250,,"The uncertainty constants: A unified framework of two, three and four observables",Minyi Huang,2025,arXiv,,,,,0,0.000,0.000,,http://arxiv.org/abs/2512.24950v1,https://arxiv.org/pdf/2512.24950v1,arxiv,,"Uncertainty is a fundamental and important concept in quantum mechanics. Recent works have revealed both the product and sum forms of uncertainty constants for three observables. Such a result is intimately to the properties of Pauli operators. In this work, using the technique in matrix theory, we "
251,,ProDM: Synthetic Reality-driven Property-aware Progressive Diffusion Model for Coronary Calcium Motion Correction in Non-gated Chest CT,Xinran Gong; Gorkem Durak; Halil Ertugrul Aktas; Vedat Cicek; Jinkui Hao,2025,arXiv,,,,,0,0.000,0.000,,http://arxiv.org/abs/2512.24948v1,https://arxiv.org/pdf/2512.24948v1,arxiv,,"Coronary artery calcium (CAC) scoring from chest CT is a well-established tool to stratify and refine clinical cardiovascular disease risk estimation. CAC quantification relies on the accurate delineation of calcified lesions, but is oftentimes affected by artifacts introduced by cardiac and respira"
252,,CPJ: Explainable Agricultural Pest Diagnosis via Caption-Prompt-Judge with LLM-Judged Refinement,Wentao Zhang; Tao Fang; Lina Lu; Lifei Wang; Weihe Zhong,2025,arXiv,,,,,0,0.000,0.000,,http://arxiv.org/abs/2512.24947v1,https://arxiv.org/pdf/2512.24947v1,arxiv,,"Accurate and interpretable crop disease diagnosis is essential for agricultural decision-making, yet existing methods often rely on costly supervised fine-tuning and perform poorly under domain shifts. We propose Caption--Prompt--Judge (CPJ), a training-free few-shot framework that enhances Agri-Pes"
253,,Dynamic response phenotypes and model discrimination in systems and synthetic biology,Eduardo D. Sontag,2025,arXiv,,,,,0,0.000,0.000,,http://arxiv.org/abs/2512.24945v1,https://arxiv.org/pdf/2512.24945v1,arxiv,,"Biological systems encode function not primarily in steady states, but in the structure of transient responses elicited by time-varying stimuli. Overshoots, biphasic dynamics, adaptation kinetics, fold-change detection, entrainment, and cumulative exposure effects often determine phenotypic outcomes"
254,,Interaction of a Vortex Pair with a Polymeric Fluid Layer,Rabia Sonmez; Robert A. Handler; David B. Goldstein; Anton Burstev; Ryan Kelly,2025,arXiv,,,,,0,0.000,0.000,,http://arxiv.org/abs/2512.24944v1,https://arxiv.org/pdf/2512.24944v1,arxiv,,"The interaction of vortical structures with boundaries has been extensively studied in Newtonian fluids, where conditions such as no slip walls, free surfaces, or contaminated surfaces dictate whether vortices rebound, dissipate, or generate secondary structures. In this work, we investigate a relat"
255,,RAIR: A Rule-Aware Benchmark Uniting Challenging Long-Tail and Visual Salience Subset for E-commerce Relevance Assessment,Chenji Lu; Zhuo Chen; Hui Zhao; Zhenyi Wang; Pengjie Wang,2025,arXiv,,,,,0,0.000,0.000,,http://arxiv.org/abs/2512.24943v1,https://arxiv.org/pdf/2512.24943v1,arxiv,,"Search relevance plays a central role in web e-commerce. While large language models (LLMs) have shown significant results on relevance task, existing benchmarks lack sufficient complexity for comprehensive model assessment, resulting in an absence of standardized relevance evaluation metrics across"
256,,Multi-particle quantum systems within the Worldline Monte Carlo formalism,Ivan Ahumada; Max Badcott; James P. Edwards; Craig McNeile; Filippo Ricchetti,2025,arXiv,,,,,0,0.000,0.000,,http://arxiv.org/abs/2512.24942v1,https://arxiv.org/pdf/2512.24942v1,arxiv,,We extend the Worldline Monte Carlo approach to computationally simulating the Feynman path integral of non-relativistic multi-particle quantum-mechanical systems. We show how to generate an arbitrary number of worldlines distributed according to the (free) kinetic part of the multi-particle quantum
257,,Iterative Deployment Improves Planning Skills in LLMs,Augusto B. Corrêa; Yoav Gelberg; Luckeciano C. Melo; Ilia Shumailov; André G. Pereira,2025,arXiv,,,,,0,0.000,0.000,,http://arxiv.org/abs/2512.24940v1,https://arxiv.org/pdf/2512.24940v1,arxiv,,"We show that iterative deployment of large language models (LLMs), each fine-tuned on data carefully curated by users from the previous models' deployment, can significantly change the properties of the resultant models. By testing this mechanism on various planning domains, we observe substantial i"
258,,Microscopic Insights to the Ultralow Thermal Conductivity of Monolayer 1T-SnTe2,Kemal Aziz; John E. Ekpe; Augustine O. Okekeoma; Stanley O. Ebuwa; Sylvester M. Mbam,2025,arXiv,,,,,0,0.000,0.000,,http://arxiv.org/abs/2512.24938v1,https://arxiv.org/pdf/2512.24938v1,arxiv,,"Two-dimensional (2D) metallic systems with intrinsically low lattice thermal conductivity are rare, yet they are of great interest for next-generation energy and electronic technologies. Here, we present a comprehensive first-principles investigation of monolayer tin telluride (SnTe2) in its 1T (CdI"
259,,Modelling the movements of organisms by stochastic theory in a comoving frame,Norberto Lucero Azuara; Rainer Klages,2025,arXiv,,,,,0,0.000,0.000,,http://arxiv.org/abs/2512.24937v1,https://arxiv.org/pdf/2512.24937v1,arxiv,,Imagine you walk in a plane. You move by making a step of a certain length per time interval in a chosen direction. Repeating this process by randomly sampling step length and turning angle defines a two-dimensional random walk in what we call comoving frame coordinates. This is precisely how Ross a
260,,A finite element approach for minimizing line and surface energies arising in the study of singularities in liquid crystals,Dominik Stantejsky,2025,arXiv,,,,,0,0.000,0.000,,http://arxiv.org/abs/2512.24928v1,https://arxiv.org/pdf/2512.24928v1,arxiv,,"Motivated by a problem originating in the study of defect structures in nematic liquid crystals, we describe and study a numerical algorithm for the resolution of a Plateau-like problem. The energy contains the area of a two-dimensional surface $T$ and the length of its boundary $\partial T$ reduced"
261,,Are First-Order Diffusion Samplers Really Slower? A Fast Forward-Value Approach,Yuchen Jiao; Na Li; Changxiao Cai; Gen Li,2025,arXiv,,,,,0,0.000,0.000,,http://arxiv.org/abs/2512.24927v1,https://arxiv.org/pdf/2512.24927v1,arxiv,,"Higher-order ODE solvers have become a standard tool for accelerating diffusion probabilistic model (DPM) sampling, motivating the widespread view that first-order methods are inherently slower and that increasing discretization order is the primary path to faster generation. This paper challenges t"
262,,Towards Provably Secure Generative AI: Reliable Consensus Sampling,Yu Cui; Hang Fu; Sicheng Pan; Zhuoyu Sun; Yifei Liu,2025,arXiv,,,,,0,0.000,0.000,,http://arxiv.org/abs/2512.24925v1,https://arxiv.org/pdf/2512.24925v1,arxiv,,Existing research on generative AI security is primarily driven by mutually reinforcing attack and defense methodologies grounded in empirical experience. This dynamic frequently gives rise to previously unknown attacks that can circumvent current detection and prevention. This necessitates the cont
263,,Semi-Supervised Diversity-Aware Domain Adaptation for 3D Object detection,Bartłomiej Olber; Jakub Winter; Paweł Wawrzyński; Andrii Gamalii; Daniel Górniak,2025,arXiv,,,,,0,0.000,0.000,,http://arxiv.org/abs/2512.24922v1,https://arxiv.org/pdf/2512.24922v1,arxiv,,"3D object detectors are fundamental components of perception systems in autonomous vehicles. While these detectors achieve remarkable performance on standard autonomous driving benchmarks, they often struggle to generalize across different domains - for instance, a model trained in the U.S. may perf"
264,,On Maps that Preserve the Lie Products Equal to Fixed Elements,Shiv Kumar Chaudhary; Om Prakash,2025,arXiv,,,,,0,0.000,0.000,,http://arxiv.org/abs/2512.24912v1,https://arxiv.org/pdf/2512.24912v1,arxiv,,"This work characterizes the general form of a bijective linear map $Ψ:\mathscr{M}_n(\mathbb{C}) \to \mathscr{M}_n(\mathbb{C})$ such that $[Ψ(A_1),~Ψ(A_2)]=D_2$ whenever $[A_1,~A_2]=D_1$ where $D_1~\text{and}~D_2$ are fixed matrices. Additionally, let $\mathscr{H}_1$ and $\mathscr{H}_2$ be the infini"
265,,Non-Equilibrium Dynamics in QCD and Holography,Matthias Kaminski,2025,arXiv,,,,,0,0.000,0.000,,http://arxiv.org/abs/2512.24909v1,https://arxiv.org/pdf/2512.24909v1,arxiv,,"The plasma generated in heavy ion collisions goes through different phases in its time evolution. While early times right after the collision are governed by far-from equilibrium dynamics, later times are believed to be well described by near-equilibrium dynamics. While the regimes of non-equilibriu"
266,,Stochastic factors can matter: improving robust growth under ergodicity,Balint Binkert; David Itkin; Paul Mangers Bastian; Josef Teichmann,2025,arXiv,,,,,0,0.000,0.000,,http://arxiv.org/abs/2512.24906v1,https://arxiv.org/pdf/2512.24906v1,arxiv,,"Drifts of asset returns are notoriously difficult to model accurately and, yet, trading strategies obtained from portfolio optimization are very sensitive to them. To mitigate this well-known phenomenon we study robust growth-optimization in a high-dimensional incomplete market under drift uncertain"
267,,One-Shot Camera-Based Extrusion Optimization for High Speed Fused Filament Fabrication,Yufan Lin; Xavier Guidetti; Yannick Nagel; Efe C. Balta; John Lygeros,2025,arXiv,,,,,0,0.000,0.000,,http://arxiv.org/abs/2512.24905v1,https://arxiv.org/pdf/2512.24905v1,arxiv,,"Off-the-shelf fused filament fabrication 3D printers are widely accessible and convenient, yet they exhibit quality loss at high speeds due to dynamic mis-synchronization between printhead motion and material extrusion systems, notably corner over-extrusion. Existing methods require specialized hard"
268,,Anomalous cw-expansive homeomorphisms on compact surfaces of higher genus,Alberto Sarmiento; Douglas Danton; Viviane Pardini Valério,2025,arXiv,,,,,0,0.000,0.000,,http://arxiv.org/abs/2512.24904v1,https://arxiv.org/pdf/2512.24904v1,arxiv,,"In this paper, we construct cw-expansive homeomorphisms on compact surfaces of genus greater than or equal to zero with a fixed point whose local stable set is connected but not locally connected. This provides an affirmative answer to question posed by Artigue [3]. To achieve this, we generalize th"
269,,"FinMMDocR: Benchmarking Financial Multimodal Reasoning with Scenario Awareness, Document Understanding, and Multi-Step Computation",Zichen Tang; Haihong E; Rongjin Li; Jiacheng Liu; Linwei Jia,2025,arXiv,,,,,0,0.000,0.000,,http://arxiv.org/abs/2512.24903v1,https://arxiv.org/pdf/2512.24903v1,arxiv,,"We introduce FinMMDocR, a novel bilingual multimodal benchmark for evaluating multimodal large language models (MLLMs) on real-world financial numerical reasoning. Compared to existing benchmarks, our work delivers three major advancements. (1) Scenario Awareness: 57.9% of 1,200 expert-annotated pro"
270,,Self-Supervised Amortized Neural Operators for Optimal Control: Scaling Laws and Applications,Wuzhe Xu; Jiequn Han; Rongjie Lai,2025,arXiv,,,,,0,0.000,0.000,,http://arxiv.org/abs/2512.24897v1,https://arxiv.org/pdf/2512.24897v1,arxiv,,"Optimal control provides a principled framework for transforming dynamical system models into intelligent decision-making, yet classical computational approaches are often too expensive for real-time deployment in dynamic or uncertain environments. In this work, we propose a method based on self-sup"
271,,Semi-Automated Data Annotation in Multisensor Datasets for Autonomous Vehicle Testing,Andrii Gamalii; Daniel Górniak; Robert Nowak; Bartłomiej Olber; Krystian Radlak,2025,arXiv,,,,,0,0.000,0.000,,http://arxiv.org/abs/2512.24896v1,https://arxiv.org/pdf/2512.24896v1,arxiv,,"This report presents the design and implementation of a semi-automated data annotation pipeline developed within the DARTS project, whose goal is to create a large-scale, multimodal dataset of driving scenarios recorded in Polish conditions. Manual annotation of such heterogeneous data is both costl"
272,,Resolving the Origins and Pathways of Ionizing Radiation Escape with UV Integral Field Spectroscopy,Cody Carr; Renyue Cen; Brian Fleming; Sophia Flury; Stephan McCandliss,2025,arXiv,,,,,0,0.000,0.000,,http://arxiv.org/abs/2512.24895v1,https://arxiv.org/pdf/2512.24895v1,arxiv,,"The Epoch of Reionization marks the last major phase transition in the early Universe, during which the majority of neutral hydrogen once filling the intergalactic medium was ionized by the first galaxies. The James Webb Space Telescope (JWST) is now identifying promising galaxy candidates capable o"
273,,"Towards autonomous time-calibration of large quantum-dot devices: Detection, real-time feedback, and noise spectroscopy",Anantha S. Rao; Barnaby van Straaten; Valentin John; Cécile X. Yu; Stefan D. Oosterhout,2025,arXiv,,,,,0,0.000,0.000,,http://arxiv.org/abs/2512.24894v1,https://arxiv.org/pdf/2512.24894v1,arxiv,,"The performance and scalability of semiconductor quantum-dot (QD) qubits are limited by electrostatic drift and charge noise that shift operating points and destabilize qubit parameters. As systems expand to large one- and two-dimensional arrays, manual recalibration becomes impractical, creating a "
274,,Hierarchical Dynamics and Time-Length Scale Superposition in Glassy Suspensions of Ultra-Low Crosslinked Microgels,A. Martinelli; R. Elancheliyan; A. Scotti; A. V. Petrunin; D. Truzzolillo,2025,arXiv,,,,,0,0.000,0.000,,http://arxiv.org/abs/2512.24890v1,https://arxiv.org/pdf/2512.24890v1,arxiv,,"We employ small-angle X-ray and dynamic light scattering to investigate the microscopic structure and dynamics of dense suspensions of ultra-low crosslinked (ULC) poly(N-isopropylacrylamide) (PNIPAM) microgels. By probing the supercooled and glassy regimes, we characterize the relationship between s"
275,,Heterogeneous Multi-Agent Multi-Target Tracking using Cellular Sheaves,Tyler Hanks; Cristian F. Nino; Joana Bou Barcelo; Austin Copeland; Warren Dixon,2025,arXiv,,,,,0,0.000,0.000,,http://arxiv.org/abs/2512.24886v1,https://arxiv.org/pdf/2512.24886v1,arxiv,,"Multi-agent target tracking in the presence of nonlinear dynamics and agent heterogeneity, where state-space dimensions may differ, is a challenging problem that traditional graph Laplacian methods cannot easily address. This work leverages the framework of cellular sheaves, a mathematical generaliz"
276,,BEDA: Belief Estimation as Probabilistic Constraints for Performing Strategic Dialogue Acts,Hengli Li; Zhaoxin Yu; Qi Shen; Chenxi Li; Mengmeng Wang,2025,arXiv,,,,,0,0.000,0.000,,http://arxiv.org/abs/2512.24885v1,https://arxiv.org/pdf/2512.24885v1,arxiv,,"Strategic dialogue requires agents to execute distinct dialogue acts, for which belief estimation is essential. While prior work often estimates beliefs accurately, it lacks a principled mechanism to use those beliefs during generation. We bridge this gap by first formalizing two core acts Adversari"
277,,Quantumness of hybrid systems under quantum noise,M. Abdellaoui; N. -E. Abouelkhir; A. Slaoui; R. Ahl Laamara; S. Haddadi,2025,arXiv,,,,,0,0.000,0.000,,http://arxiv.org/abs/2512.24884v1,https://arxiv.org/pdf/2512.24884v1,arxiv,,"We investigate the quantum correlations in an axially symmetric hybrid qubit-qutrit system subjected to different noisy environments. We first introduce a physical model and analyze its Hamiltonian structure, emphasizing the role of hybrid dimensionality and axial symmetry. The effects of decoherenc"
278,,Totally compatible structures on the radical of an incidence algebra,Mykola Khrypchenko,2025,arXiv,,,,,0,0.000,0.000,,http://arxiv.org/abs/2512.24881v1,https://arxiv.org/pdf/2512.24881v1,arxiv,,We describe totally compatible structures on the Jacobson radical of the incidence algebra of a finite poset over a field. We show that such structures are in general non-proper.
279,,mHC: Manifold-Constrained Hyper-Connections,Zhenda Xie; Yixuan Wei; Huanqi Cao; Chenggang Zhao; Chengqi Deng,2025,arXiv,,,,,0,0.000,0.000,,http://arxiv.org/abs/2512.24880v1,https://arxiv.org/pdf/2512.24880v1,arxiv,,"Recently, studies exemplified by Hyper-Connections (HC) have extended the ubiquitous residual connection paradigm established over the past decade by expanding the residual stream width and diversifying connectivity patterns. While yielding substantial performance gains, this diversification fundame"
280,,Image-Plane Detection of Spatially Entangled Photon Pairs with a CMOS Camera,David McFadden; Rainer Heintzmann,2025,arXiv,,,,,0,0.000,0.000,,http://arxiv.org/abs/2512.24878v1,https://arxiv.org/pdf/2512.24878v1,arxiv,,"Spatially entangled photon pairs (biphotons) generated by spontaneous parametric down-conversion offer unique opportunities for quantum imaging, but image-plane biphoton correlations are difficult to observe with camera-based detectors. Previous camera-based biphoton imaging experiments have relied "
281,,A structure-preserving parametric approximation for anisotropic geometric flows via an $α$-surface energy matrix,Weizhu Bao; Yifei Li; Wenjun Ying; Yulin Zhang,2025,arXiv,,,,,0,0.000,0.000,,http://arxiv.org/abs/2512.24875v1,https://arxiv.org/pdf/2512.24875v1,arxiv,,"We propose a structure-preserving parametric approximation for geometric flows with general anisotropic effects. By introducing a hyperparameter $α$, we construct a unified surface energy matrix $\hat{\boldsymbol{G}}_k^α(θ)$ that encompasses all existing formulations of surface energy matrices, and "
282,655,Motion Mamba: Efficient and Long Sequence Motion Generation,Zeyu Zhang; Akide Liu; Ian Reid; RICHARD HARTLEY; Bohan Zhuang,2024,ECCV 2024,main,Poster,,,0,1.000,0.000,,https://eccv2024.ecva.net//virtual/2024/poster/655,https://www.ecva.net/papers/eccv_2024/papers_ECCV/papers/00100.pdf,offline_eccv,,"""Human motion generation stands as a significant pursuit in generative computer vision, while achieving long-sequence and efficient motion generation remains challenging. Recent advancements in state space models (SSMs), notably Mamba, have showcased considerable promise in long sequence modeling wi"
283,rxD2ZCExRG,HumanTOMATO: Text-aligned Whole-body Motion Generation,Shunlin Lu; Ling-Hao Chen; Ailing Zeng; Jing Lin; Ruimao Zhang,2024,ICLR 2024,main,Reject,generative models,whole body motion generation;motion synthesis;text-driven motion generation,0,0.996,0.000,,https://openreview.net/forum?id=rxD2ZCExRG,,offline_iclr,,"This work targets a novel text-driven **whole-body** motion generation task, which takes a given textual description as input and aims at generating high-quality, diverse, and coherent facial expressions, hand gestures, and body motions simultaneously.
Previous works on text-driven motion generation"
284,2126,MotionLCM: Real-time Controllable Motion Generation via Latent Consistency Model,Wenxun Dai; Ling-Hao Chen; Jingbo Wang*; Jinpeng Liu; Bo Dai*,2024,ECCV 2024,main,Poster,,,0,0.984,0.000,,https://eccv2024.ecva.net//virtual/2024/poster/2126,https://www.ecva.net/papers/eccv_2024/papers_ECCV/papers/02504.pdf,offline_eccv,,"""This work introduces MotionLCM, extending controllable motion generation to a real-time level. Existing methods for spatial-temporal control in text-conditioned motion generation suffer from significant runtime inefficiency. To address this issue, we first propose the motion latent consistency mode"
285,nkzSE5KkCA,Enhancing Motion in Text-to-Video Generation with Decomposed Encoding and Conditioning,Penghui Ruan; Pichao WANG; Divya Saxena; Jiannong Cao; Yuhui Shi,2024,NIPS 2024,main,Poster,diffusion_based_models,Text-to-Video Generation;Diffusion Models,0,0.966,0.000,,https://neurips.cc/virtual/2024/poster/93667,https://openreview.net/pdf?id=nkzSE5KkCA,offline_nips,,"Despite advancements in Text-to-Video (T2V) generation, producing videos with realistic motion remains challenging. Current models often yield static or minimally dynamic outputs, failing to capture complex motions described by text. This issue stems from the internal biases in text encoding which o"
286,gktA1Qycj9,CigTime: Corrective Instruction Generation Through Inverse Motion Editing,Qihang Fang; Chengcheng Tang; Bugra Tekin; Yanchao Yang,2024,NIPS 2024,main,Poster,machine_vision,Correctional Instruction Generation,0,0.958,0.000,,https://neurips.cc/virtual/2024/poster/94123,https://openreview.net/pdf?id=gktA1Qycj9,offline_nips,,"Recent advancements in models linking natural language with human motions have shown significant promise in motion generation and editing based on instructional text. Motivated by applications in sports coaching and motor skill learning, we investigate the inverse problem: generating corrective inst"
287,3di7IStl3a,StableMoFusion: Towards Robust and Efficient Diffusion-based Motion Generation Framework,Yiheng Huang; Yang Hui; Chuanchen Luo; Yuxi Wang; Shibiao Xu,2024,ACMMM 2024,main,Oral,[Generation] Generative Multimedia,,0,0.958,0.000,,,,offline_acmmm,,
288,aLK06bsEgo,Enabling Synergistic Full-Body Control in Prompt-Based Co-Speech Motion Generation,Bohong Chen; Yumeng Li; Yao-Xiang Ding; Tianjia Shao; Kun Zhou,2024,ACMMM 2024,main,Poster,[Generation] Generative Multimedia,,0,0.958,0.000,,,,offline_acmmm,,
289,,Motion-I2V: Consistent and Controllable Image-to-video Generation With Explicit Motion Modeling,Xiaoyu Shi; Zhaoyang Huang; Fu-Yun Wang; Weikang Bian; Dasong Li,2024,SIGGRAPH 2024,main,Technical Paper,,,0,0.953,0.000,,,,offline_siggraph,,
290,,MotionCtrl: A Unified and Flexible Motion Controller for Video Generation,Zhouxia Wang; Ziyang Yuan; Xintao Wang; Yaowei Li; Tianshui Chen,2024,SIGGRAPH 2024,main,Technical Paper,,,0,0.953,0.000,,,,offline_siggraph,,
291,,Physics-based Scene Layout Generation From Human Motion,Jianan Li; Tao Huang; Qingxu Zhu; Tien-Tsin Wong,2024,SIGGRAPH 2024,main,Technical Paper,,Modeling; Animation; Geometry; Machine Learning,0,0.952,0.000,,,,offline_siggraph,,
292,1750,Local Action-Guided Motion Diffusion Model for Text-to-Motion Generation,Peng Jin*; Hao Li; Zesen Cheng; Kehan Li; Runyi Yu,2024,ECCV 2024,main,Poster,,,0,0.951,0.000,,https://eccv2024.ecva.net//virtual/2024/poster/1750,https://www.ecva.net/papers/eccv_2024/papers_ECCV/papers/03669.pdf,offline_eccv,,"""Text-to-motion generation requires not only grounding local actions in language but also seamlessly blending these individual actions to synthesize diverse and realistic global motions. However, existing motion generation methods primarily focus on the direct synthesis of global motions while negle"
293,264,Large Motion Model for Unified Multi-Modal Motion Generation,Mingyuan Zhang*; Daisheng Jin; Chenyang Gu; Fangzhou Hong; Zhongang Cai,2024,ECCV 2024,main,Poster,,,0,0.949,0.000,,https://eccv2024.ecva.net//virtual/2024/poster/264,https://www.ecva.net/papers/eccv_2024/papers_ECCV/papers/02125.pdf,offline_eccv,,"""Human motion generation, a cornerstone technique in animation and video production, has widespread applications in various tasks like text-to-motion and music-to-dance. Previous works focus on developing specialist models tailored for each task without scalability. In this work, we present Large Mo"
294,,Direct-a-Video: Customized Video Generation With User-directed Camera Movement and Object Motion,Shiyuan Yang; Liang Hou; Haibin Huang; Chongyang Ma; Pengfei Wan,2024,SIGGRAPH 2024,main,Technical Paper,,,0,0.949,0.000,,,,offline_siggraph,,
295,dA6yat7UNM,Realistic Full-Body Motion Generation from Sparse Tracking with State Space Model,Kun Dong; Jian Xue; Zehai Niu; Xing Lan; Ke Lv,2024,ACMMM 2024,main,Oral,[Experience] Interactions and Quality of Experience,,0,0.949,0.000,,,,offline_acmmm,,
296,2uy3LZHNIG,SMART: Scalable Multi-agent Real-time Motion Generation via Next-token Prediction,Wei Wu; Xiaoxin Feng; Ziyan Gao; Yuheng KAN,2024,NIPS 2024,main,Poster,generative_models,Autonomous driving; Generative motion model; Multi-agent motion simulation; Motion prediction,0,0.946,0.000,,https://neurips.cc/virtual/2024/poster/96788,https://openreview.net/pdf?id=2uy3LZHNIG,offline_nips,,"Data-driven autonomous driving motion generation tasks are frequently impacted by the limitations of dataset size and the domain gap between datasets, which precludes their extensive application in real-world scenarios. To address this issue, we introduce SMART, a novel autonomous driving motion gen"
297,,MotionGPT-2: A General-Purpose Motion-Language Model for Motion Generation and Understanding,Yuan Wang; Di Huang; Yaqi Zhang; Wanli Ouyang; Jile Jiao,2024,CoRR,,,,,0,0.000,0.000,10.48550/ARXIV.2410.21747,https://dblp.org/rec/journals/corr/abs-2410-21747,,dblp,,
298,,Motion-2-to-3: Leveraging 2D Motion Data to Boost 3D Motion Generation,Huaijin Pi; Ruoxi Guo; Zehong Shen; Qing Shuai; Zechen Hu,2024,CoRR,,,,,0,0.000,0.000,10.48550/ARXIV.2412.13111,https://dblp.org/rec/journals/corr/abs-2412-13111,,dblp,,
299,GYjV1M5s0D,FineMoGen: Fine-Grained Spatio-Temporal Motion Generation and Editing,Mingyuan Zhang; Huirong Li; Zhongang Cai; Jiawei Ren; Lei Yang,2023,NIPS 2023,main,Poster,,Motion Generation;Diffusion Model,0,0.987,0.000,,https://nips.cc/virtual/2023/poster/72207,https://openreview.net/pdf?id=GYjV1M5s0D,offline_nips,,"Text-driven motion generation has achieved substantial progress with the emergence of diffusion models. However, existing methods still struggle to generate complex motion sequences that correspond to fine-grained descriptions, depicting detailed and accurate spatio-temporal actions.This lack of fin"
300,,Make-An-Animation: Large-Scale Text-conditional 3D Human Motion Generation,Samaneh Azadi; Akbar Shah; Thomas Hayes; Devi Parikh; Sonal Gupta,2023,ICCV 2023,main,Poster,,,0,0.967,0.000,,,https://openaccess.thecvf.com/content/ICCV2023/papers/Azadi_Make-An-Animation_Large-Scale_Text-conditional_3D_Human_Motion_Generation_ICCV_2023_paper.pdf,offline_iccv,,"Text-guided human motion generation has drawn significant interest because of its impactful applications spanning animation and robotics. Recently, application of diffusion models for motion generation has enabled improvements in the quality of generated motions. However, existing approaches are lim"
301,,Bowing-Net: Motion Generation for String Instruments Based on Bowing Information,Asuka Hirata; Keitaro Tanaka; Ryo Shimamura; Shigeo Morishima,2021,SIGGRAPH 2021,main,Poster,,,0,0.953,0.000,,,,offline_siggraph,,
302,7b81b8d6ed,TwoStreamVAN: Improving Motion Modeling in Video Generation,Ximeng Sun; Huijuan Xu; Kate Saenko,2020,WACV 2020,main,Poster,,,0,0.946,0.000,,https://openaccess.thecvf.com/content_WACV_2020/html/Sun_TwoStreamVAN_Improving_Motion_Modeling_in_Video_Generation_WACV_2020_paper.html,https://openaccess.thecvf.com/content_WACV_2020/papers/Sun_TwoStreamVAN_Improving_Motion_Modeling_in_Video_Generation_WACV_2020_paper.pdf,offline_wacv,,"Video generation is an inherently challenging task, as it requires modeling realistic temporal dynamics as well as spatial content. Existing methods entangle the two intrinsically different tasks of motion and content creation in a single generator network, but this approach struggles to simultaneou"
