Rank,ID,Title,Authors,Year,Venue,Track,Status,Primary Area,Keywords,Citations,BM25 Score,Combined Score,DOI,URL,PDF,Source,TLDR,Abstract
1,7ZyFjPUeJp,Self-predictive Mamba: Improving Multi-agent Reinforcement Learning with Self-predictive Encoding,Zhaohan Feng; Runqing Wang; Boxuan Zhang; Jian Sun; Fang Deng,2025,ICLR 2025,main,Reject,reinforcement learning,Sequence model;state space model;Mamba;multi-agent reinforcement learning;self-predictive representation learning,0,19.296,0.000,,https://openreview.net/forum?id=7ZyFjPUeJp,,offline_iclr,,"In multi-agent reinforcement learning (MARL), agents must collaborate to achieve team goals while only having access to limited local observations. This partial observability, coupled with the dynamic presence of other agents, renders the environment non-stationary for each agent, complicating the p"
2,2025.coling-main.316,Slender-Mamba: Fully Quantized Mamba in 1.58 Bits From Head to Toe,Zhenxuan Yu; Takeshi Kojima; Yutaka Matsuo; Yusuke Iwasawa,2025,COLING 2025,main,Main,,,0,18.195,0.000,,https://aclanthology.org/2025.coling-main.316/,https://aclanthology.org/2025.coling-main.316.pdf,offline_coling,,"Large language models (LLMs) have achieved significant performance improvements in natural language processing (NLP) domain. However, these models often require large computational resources for training and inference. Recently, Mamba, a language model architecture based on State-Space Models (SSMs)"
3,cSgEW7EZ9h,Meta-Black-Box-Optimization through Offline Q-function Learning with Mamba Architecture,Zeyuan Ma; Hongshu Guo; Zhou Jiang; Zhiguang Cao; Yue-Jiao Gong,2025,ICLR 2025,main,Withdraw,optimization,Black-Box Optimization;Dynamic Algorithm Configuration;Learning to Optimize;Offline Reinforcement Learning;Mamba,0,18.158,0.000,,https://openreview.net/forum?id=cSgEW7EZ9h,,offline_iclr,,"Recent progress in Meta-Black-Box-Optimization (MetaBBO) has demonstrated that meta-training a neural network based meta-level control policy over an optimization task distribution could significantly enhance the optimization performance of the low-level black-box optimizers. However, achieving such"
4,LwLaFpJpfM,Active Audio Cancellation with Multi-Band Mamba Network,Yehuda Mishaly; Lior Wolf; Eliya Nachmani,2025,ICLR 2025,main,Withdraw,"applications to computer vision, audio, language, and other modalities",Active Noise Cancellation;Audio;Speech;Mamba,0,17.823,0.000,,https://openreview.net/forum?id=LwLaFpJpfM,,offline_iclr,,"A novel deep learning approach for Active Audio Cancellation (AAC) is presented, which surpasses traditional Active Noise Cancellation (ANC) by effectively canceling any audio signal, regardless of its spectral content. We propose, for the first time, a deep learning approach to AAC using a novel mu"
5,4p28lkk44b,Achilles' Heel of Mamba: Essential difficulties of the Mamba architecture demonstrated by synthetic data,Tianyi Chen; Pengxiao Lin; Zhiwei Wang; Zhi-Qin John Xu,2025,NIPS 2025,main,Spotlight,deep_learning,Mamba;Transformer;Deep learning,0,17.133,0.000,,https://openreview.net/forum?id=4p28lkk44b,,offline_nips,,"State Space Models (SSMs) have emerged as promising alternatives to attention mechanisms, with the Mamba architecture demonstrating impressive performance and linear complexity for processing long sequences. However, the fundamental differences between Mamba and Transformer architectures remain inco"
6,C3t6GMPnC5,Mamba State-Space Models Can Be Strong Downstream Learners,John Timothy Halloran; Manbir S Gulati; Paul F Roysdon,2024,NIPS 2024,main,Reject,deep_learning_architectures,Mamba;state-space models;in-context learning;large language models;LLMs;SSMs,0,16.308,0.000,,https://openreview.net/forum?id=C3t6GMPnC5,,offline_nips,,"Mamba state-space models (SSMs) have recently outperformed state-of-the-art (SOTA) Transformer large language models (LLMs) in various tasks and been widely adapted. However, Mamba’s downstream learning capabilities remain either unexplored–e.g., mixed-precision (MPFT) and parameter-efficient fine-t"
7,vOfDGYGVyj,Sparse Mamba: Reinforcing Controllability In Structural State Space Models,Emadeldeen Hamdan; Hongyi Pan; Ahmet Cetin,2025,ICLR 2025,main,Withdraw,"foundation or frontier models, including LLMs",Mamba;state space models;natural language processing,0,16.272,0.000,,https://openreview.net/forum?id=vOfDGYGVyj,,offline_iclr,,"In this work, we introduce the concept of controllability and observability to the Mamba SSM's architecture in our Sparse-Mamba (S-Mamba) for natural language processing (NLP) applications. The structured state space model (SSM) development in recent studies, such as Mamba and Mamba2, outperformed a"
8,hBVywPrw6d,MAP: Unleashing Hybrid Mamba-Transformer Vision Backbone’s Potential with Masked Autoregressive Pretraining,Yunze Liu; Li Yi,2025,ICLR 2025,main,Withdraw,"unsupervised, self-supervised, semi-supervised, and supervised representation learning",Hybrid Vision Backbone;Masked Autoregressive;Self-supervised Learning,0,16.243,0.000,,https://openreview.net/forum?id=hBVywPrw6d,,offline_iclr,,"Mamba has achieved significant advantages in long-context modeling and autoregressive tasks, but its scalability with large parameters remains a major limitation in vision applications. pretraining is a widely used strategy to enhance backbone model performance. Although the success of Masked Autoen"
9,article-34144,Scaling Diffusion Mamba with Bidirectional SSMs for Efficient 3D Shape Generation,Shentong Mo,2025,AAAI 2025,main,Technical,machine learning iv,,0,16.111,0.000,,https://ojs.aaai.org/index.php/AAAI/article/view/34144,https://ojs.aaai.org/index.php/AAAI/article/view/34144/36299,offline_aaai,,"Recent advancements in sequence modeling have led to the development of the Mamba architecture, noted for its selective state space approach, offering a promising avenue for efficient long sequence handling. However, its application in 3D shape generation, particularly at high resolutions, remains u"
10,33646,Parameter Efficient Mamba Tuning via Projector-targeted Diagonal-centric Linear Transformation,Seokil Ham; Hee-Seon Kim; Sangmin Woo; Changick Kim,2025,CVPR 2025,main,Poster,,,0,16.046,0.000,,https://cvpr.thecvf.com/virtual/2025/poster/33646,https://openaccess.thecvf.com/content/CVPR2025/papers/Ham_Parameter_Efficient_Mamba_Tuning_via_Projector-targeted_Diagonal-centric_Linear_Transformation_CVPR_2025_paper.pdf,offline_cvpr,,"Despite the growing interest in Mamba architecture as a potential replacement for Transformer architecture, parameter-efficient fine-tuning (PEFT) approaches for Mamba remain largely unexplored. In our study, we introduce two key insights-driven strategies for PEFT in Mamba architecture: (1) While s"
11,1879,ReMamber: Referring Image Segmentation with Mamba Twister,Yuhuan Yang; Chaofan Ma; Jiangchao Yao; Zhun Zhong*; Ya Zhang,2024,ECCV 2024,main,Poster,,,0,16.026,0.000,,https://eccv2024.ecva.net//virtual/2024/poster/1879,https://www.ecva.net/papers/eccv_2024/papers_ECCV/papers/01522.pdf,offline_eccv,,"""Referring Image Segmentation (RIS) leveraging transformers has achieved great success on the interpretation of complex visual-language tasks. However, the quadratic computation cost makes it resource-consuming in capturing long-range visual-language dependencies. Fortunately, Mamba addresses this w"
12,33055,MambaOut: Do We Really Need Mamba for Vision?,Weihao Yu; Xinchao Wang,2025,CVPR 2025,main,Poster,,,0,15.619,0.000,,https://cvpr.thecvf.com/virtual/2025/poster/33055,https://openaccess.thecvf.com/content/CVPR2025/papers/Yu_MambaOut_Do_We_Really_Need_Mamba_for_Vision_CVPR_2025_paper.pdf,offline_cvpr,,"Mamba, an architecture with RNN-like token mixer of state space model (SSM), was recently introduced to address the quadratic complexity of the attention mechanism and subsequently applied to vision tasks. Nevertheless, the performance of Mamba for vision is often underwhelming when compared with co"
13,2622,MTMamba: Enhancing Multi-Task Dense Scene Understanding by Mamba-Based Decoders,Baijiong Lin*; Weisen Jiang; Pengguang Chen; Yu Zhang; Shu Liu,2024,ECCV 2024,main,Poster,,,0,15.593,0.000,,https://eccv2024.ecva.net//virtual/2024/poster/2622,https://www.ecva.net/papers/eccv_2024/papers_ECCV/papers/08907.pdf,offline_eccv,,"""Multi-task dense scene understanding, which learns a model for multiple dense prediction tasks, has a wide range of application scenarios. Modeling long-range dependency and enhancing cross-task interactions are crucial to multi-task dense prediction. In this paper, we propose MTMamba, a novel Mamb"
14,zOMa82W1HV,SQuBa: Speech Mamba Language Model with Querying-Attention for Efficient Summarization,SooHwan Eom; Jay Shim; Eunseop Yoon; Hee Suk Yoon; Hyeonmok Ko,2025,ICLR 2025,main,Reject,"applications to computer vision, audio, language, and other modalities",Summarisation;Speech;Mamba,0,15.550,0.000,,https://openreview.net/forum?id=zOMa82W1HV,,offline_iclr,,"Abstractive Speech Summarization (SSum) becomes increasingly difficult as the input speech length grows. To address this, we present SQuBa (Speech Querying Mamba Architecture), an end-to-end model designed explicitly for efficient speech summarization. SQuBa leverages a querying-attention Mamba proj"
15,PQpvhUrA1C,Autoregressive Pretraining with Mamba in Vision,Sucheng Ren; Xianhang Li; Haoqin Tu; Feng Wang; Fangxun Shu,2025,ICLR 2025,main,Poster,"foundation or frontier models, including LLMs",Auto regressive Pretraining,0,15.501,0.000,,https://iclr.cc/virtual/2025/poster/29755,https://openreview.net/pdf?id=PQpvhUrA1C,offline_iclr,,"The vision community has started to build with the recently developed state space model, Mamba, as the new backbone for a range of tasks. This paper shows that Mamba's visual capability can be significantly enhanced through autoregressive pretraining, a direction not previously explored. Efficiency-"
16,eDZjLPfsin,Memba: Membrane-driven Parameter-Efficient Fine-Tuning for Mamba,,2026,ICLR 2026,main,Active,"applications to computer vision, audio, language, and other modalities",Brain-inspired computing;Mamba;Fine-tuning,0,15.365,0.000,,https://openreview.net/forum?id=eDZjLPfsin,,offline_iclr,,"State Space Models (SSMs) have emerged as powerful alternatives to attention-based Transformers, with Mamba demonstrating impressive efficiency and scalability. As these models grow increasingly larger, the need for Parameter-Efficient Fine-Tuning (PEFT) methods becomes critical to adapt pre-trained"
17,1011,PVMamba: Parallelizing Vision Mamba via Dynamic State Aggregation,Fei Xie; Zhongdao Wang; Weijia Zhang; Chao Ma,2025,ICCV 2025,main,Poster,,,0,15.315,0.000,,https://iccv.thecvf.com/virtual/2025/poster/1011,https://openaccess.thecvf.com/content/ICCV2025/papers/Xie_PVMamba_Parallelizing_Vision_Mamba_via_Dynamic_State_Aggregation_ICCV_2025_paper.pdf,offline_iccv,,"Mamba, an architecture with RNN-like sequence modeling of State Space Model (SSM), has demonstrated promising capabilities in long-range modeling with high efficiency. However, Mamba models struggle with structured 2D visual data using sequential computing, thereby lagging behind their attention-bas"
18,2271,Efficient Spiking Point Mamba for Point Cloud Analysis,Peixi Wu; Bosong Chai; Menghua Zheng; Wei Li; Zhangchi Hu,2025,ICCV 2025,main,Poster,,,0,15.302,0.000,,https://iccv.thecvf.com/virtual/2025/poster/2271,https://openaccess.thecvf.com/content/ICCV2025/papers/Wu_Efficient_Spiking_Point_Mamba_for_Point_Cloud_Analysis_ICCV_2025_paper.pdf,offline_iccv,,"Bio-inspired Spiking Neural Networks (SNNs) provide an energy-efficient way to extract 3D spatio-temporal features. However, existing 3D SNNs have struggled with long-range dependencies until the recent emergence of Mamba, which offers superior computational efficiency and sequence modeling capabili"
19,6vP20U55bA,Stochastic Layer-Wise Shuffle for Improving Vision Mamba Training,Zizheng Huang; Haoxing Chen; Jiaqi Li; jun lan; Huijia Zhu,2025,ICML 2025,main,Poster,deep_learning->other_representation_learning,Vision Mamba;Image Modeling;Training Regularization;Pre-training,0,15.145,0.000,,https://icml.cc/virtual/2025/poster/46353,https://openreview.net/pdf?id=6vP20U55bA,offline_icml,,"Recent Vision Mamba (Vim) models exhibit nearly linear complexity in sequence length, making them highly attractive for processing visual data. However, the training methodologies and their potential are still not sufficiently explored. In this paper, we investigate strategies for Vim and propose St"
20,33010,Spectral Informed Mamba for Robust Point Cloud Processing,Ali Bahri; Moslem Yazdanpanah; Mehrdad Noori; Sahar Dastani; Milad Cheraghalikhani,2025,CVPR 2025,main,Poster,,,0,15.126,0.000,,https://cvpr.thecvf.com/virtual/2025/poster/33010,https://openaccess.thecvf.com/content/CVPR2025/papers/Bahri_Spectral_Informed_Mamba_for_Robust_Point_Cloud_Processing_CVPR_2025_paper.pdf,offline_cvpr,,"State Space Models (SSMs) have shown significant promise in Natural Language Processing (NLP) and, more recently, computer vision. This paper introduces a new methodology leveraging Mamba and Masked Autoencoder (MAE) networks for point cloud data in both supervised and self-supervised learning. We p"
21,YK8eO7BEkJ,An Empirical Study on Normalization in Mamba,Peilin Feng; Yuanshuai Wang; Yunhao Ni; Zekun Li; Wenjun Wu,2025,ICLR 2025,main,Reject,"applications to computer vision, audio, language, and other modalities",Mamba;long-sequence modeling;normalization;performance;stability,0,15.037,0.000,,https://openreview.net/forum?id=YK8eO7BEkJ,,offline_iclr,,"Normalization layers are crucial for improving the training efficiency and stability of deep neural network architectures. The recently proposed Mamba network has demonstrated significant potential in competing with Transformers. However, as with many deep architectures, the training stability of Ma"
22,YDl4vqQqGP,MambaSL: Exploring Single-Layer Mamba for Time Series Classification,,2026,ICLR 2026,main,Active,learning on time series and dynamical systems,modular selective SSM;multi-head adaptive pooling;skip connection;single-layer Mamba;time series classification,0,14.972,0.000,,https://openreview.net/forum?id=YDl4vqQqGP,,offline_iclr,,"Despite recent advances in state space models (SSMs) such as Mamba across various sequence domains, research on their standalone capacity for time series classification (TSC) has remained limited. 
We propose MambaSL, a framework that minimally redesigns the selective SSM and projection layers of a "
23,article-33336,SIGMA: Selective Gated Mamba for Sequential Recommendation,Ziwei Liu; Qidong Liu; Yejing Wang; Wanyu Wang; Pengyue Jia,2025,AAAI 2025,main,Technical,data mining knowledge management ii,,0,14.906,0.000,,https://ojs.aaai.org/index.php/AAAI/article/view/33336,https://ojs.aaai.org/index.php/AAAI/article/view/33336/35491,offline_aaai,,"Sequential Recommender Systems (SRS) has stood out as a highly promising technique in numerous domains due to its impressive capability of capturing complex user preferences. Current SRS have employed transformer-based models to give the next-item prediction. Nevertheless, its quadratic computationa"
24,5WKEH9LhAQ,Block-Biased Mamba for Long-Range Sequence Processing,Annan Yu; N. Benjamin Erichson,2025,NIPS 2025,main,Poster,deep_learning,Sequence Model;State Space Model;Mamba;Long Range Arena,0,14.886,0.000,,https://openreview.net/forum?id=5WKEH9LhAQ,,offline_nips,,"Mamba extends earlier state space models (SSMs) by introducing input-dependent dynamics, and has demonstrated strong empirical performance across a range of domains, including language modeling, computer vision, and foundation models. However, a surprising weakness remains: despite being built on ar"
25,783,WaveMamba: Wavelet-Driven Mamba Fusion for RGB-Infrared Object Detection,Haodong Zhu; Wenhao Dong; Linlin Yang; Hong Li; Yuguang Yang,2025,ICCV 2025,main,Poster,,,0,14.878,0.000,,https://iccv.thecvf.com/virtual/2025/poster/783,https://openaccess.thecvf.com/content/ICCV2025/papers/Zhu_WaveMamba_Wavelet-Driven_Mamba_Fusion_for_RGB-Infrared_Object_Detection_ICCV_2025_paper.pdf,offline_iccv,,"Leveraging the complementary characteristics of visible (RGB) and infrared (IR) imagery offers significant potential for improving object detection. In this paper, we propose WaveMamba, a cross-modality fusion method that efficiently integrates the unique and complementary frequency features of RGB "
26,34287,Adventurer: Optimizing Vision Mamba Architecture Designs for Efficiency,Feng Wang; Timing Yang; Yaodong Yu; Sucheng Ren; Guoyizhe Wei,2025,CVPR 2025,main,Poster,,,0,14.830,0.000,,https://cvpr.thecvf.com/virtual/2025/poster/34287,https://openaccess.thecvf.com/content/CVPR2025/papers/Wang_Adventurer_Optimizing_Vision_Mamba_Architecture_Designs_for_Efficiency_CVPR_2025_paper.pdf,offline_cvpr,,"In this work, we introduce the Adventurer series models where we treat images as sequences of patch tokens and employ uni-directional language models to learn visual representations. This modeling paradigm allows us to process images in a recurrent formulation with linear complexity relative to the "
27,9VnevS2YoR,Vision Mamba Mender,Jiacong Hu; Anda Cao; Zunlei Feng; Shengxuming Zhang; Yi Wang,2024,NIPS 2024,main,Poster,machine_vision,Mamba;State Space Models;Computer Vision,0,14.718,0.000,,https://neurips.cc/virtual/2024/poster/96306,https://openreview.net/pdf?id=9VnevS2YoR,offline_nips,,"Mamba, a state-space model with selective mechanisms and hardware-aware architecture, has demonstrated outstanding performance in long sequence modeling tasks, particularly garnering widespread exploration and application in the field of computer vision. While existing works have mixed opinions of i"
28,uAmbHy4R8f,MBMamba: When Memory Buffer Meets Mamba for Structure-Aware Image Deblurring,,2026,ICLR 2026,main,Active,"applications to computer vision, audio, language, and other modalities",Image restoration;Image deblurring;Mamba,0,14.697,0.000,,https://openreview.net/forum?id=uAmbHy4R8f,,offline_iclr,,"The Mamba architecture has emerged as a promising alternative to CNNs and Transformers for image deblurring. However, its flatten-and-scan strategy often results in local pixel forgetting and channel redundancy, limiting its ability to effectively aggregate 2D spatial information. Although existing "
29,SU3lZ8jrRD,Spectral Spatial Traversing in Point Clouds: Enhancing Data Analysis with Mamba Networks,Ali Bahri; Moslem Yazdanpanah; Mehrdad Noori; Sahar Dastani; Milad Cheraghalikhani,2025,ICLR 2025,main,Withdraw,"unsupervised, self-supervised, semi-supervised, and supervised representation learning",State Space Models;Masked Autoencoders;3D Point Clouds;Spectral Spatial Traversing,0,14.685,0.000,,https://openreview.net/forum?id=SU3lZ8jrRD,,offline_iclr,,"State Space Models (SSMs) such as Mamba have shown significant promise for sequence modeling in Natural Language Processing (NLP) and, more recently, computer vision. This paper presents a new methodology for both supervised and self-supervised learning using Mamba and Masked Autoencoder networks sp"
30,article-32489,FEAST-Mamba: FEAture and SpaTial Aware Mamba Network with Bidirectional Orthogonal Fusion for Cross-Modal Point Cloud Segmentation,Chade Li; Pengju Zhang; Bo Liu; Hao Wei; Yihong Wu,2025,AAAI 2025,main,Technical,computer vision iv,,0,14.655,0.000,,https://ojs.aaai.org/index.php/AAAI/article/view/32489,https://ojs.aaai.org/index.php/AAAI/article/view/32489/34644,offline_aaai,,"Point cloud segmentation has a wide range of applications in autonomous driving, augmented reality and virtual reality. Multi-modal fusion strategies have received increasing attention in point cloud segmentation recently. Despite the success, existing methods usually generate unnecessary informatio"
31,yWSxjlFsmX,Is Mamba Compatible with Trajectory Optimization in Offline Reinforcement Learning?,Yang Dai; Oubo Ma; Longfei Zhang; Xingxing Liang; Shengchao Hu,2024,NIPS 2024,main,Poster,reinforcement_learning,Offline RL; Trajectory Optimization; Mamba,0,14.619,0.000,,https://neurips.cc/virtual/2024/poster/93011,https://openreview.net/pdf?id=yWSxjlFsmX,offline_nips,,"Transformer-based trajectory optimization methods have demonstrated exceptional performance in offline Reinforcement Learning (offline RL). Yet, it poses challenges due to substantial parameter size and limited scalability, which is particularly critical in sequential decision-making scenarios where"
32,9VRFPC29nb,Simplified Mamba with Disentangled Dependency Encoding for Long-Term Time Series Forecasting,Zixuan Weng; Jindong Han; Wenzhao Jiang; Hao Liu,2025,ICLR 2025,main,Reject,learning on time series and dynamical systems,long-term time series forecasting;time series modeling;mamba,0,14.557,0.000,,https://openreview.net/forum?id=9VRFPC29nb,,offline_iclr,,"Recent advances in deep learning have led to the development of numerous models for Long-term Time Series Forecasting (LTSF). However, most approaches still struggle to comprehensively capture reliable and informative dependencies inherent in time series data. In this paper, we identify and formally"
33,32513,TSP-Mamba: The Travelling Salesman Problem Meets Mamba for Image Super-resolution and Beyond,Kun Zhou; Xinyu Lin; Jiangbo Lu,2025,CVPR 2025,main,Poster,,,0,14.525,0.000,,https://cvpr.thecvf.com/virtual/2025/poster/32513,https://openaccess.thecvf.com/content/CVPR2025/papers/Zhou_TSP-Mamba_The_Travelling_Salesman_Problem_Meets_Mamba_for_Image_Super-resolution_CVPR_2025_paper.pdf,offline_cvpr,,"Recently, Mamba-based frameworks have achieved substantial advancements across diverse computer vision and NLP tasks, particularly in their capacity for reasoning over long-range information with linear complexity. However, the fixed 2D-to-1D scanning pattern overlooks the local structures of an ima"
34,6CO8dwHl4F,Graph Mamba Operator for Learning the Dynamics of Particle-based Systems,Karn Tiwari; Niladri Dutta; Prathosh AP; N M Anoop Krishnan,2026,ICLR 2026,main,Withdraw,"applications to physical sciences (physics, chemistry, biology, etc.)",Graph Neural Network;Neural Operator;State Space Models,0,14.436,0.000,,https://openreview.net/forum?id=6CO8dwHl4F,,offline_iclr,,Modelling complex 3D dynamics---from molecular conformations to particle interactions and human motion---requires capturing dependencies spanning long temporal horizons and non-local spatial interactions. Graph neural networks (GNNs) have shown promise in spatio-temporal settings but often suffer fr
35,KI45uDnmzv,MambaQuant: Quantizing the Mamba Family with Variance Aligned Rotation Methods,Zukang Xu; Yuxuan Yue; Xing Hu; Dawei Yang; Zhihang Yuan,2025,ICLR 2025,main,Poster,"foundation or frontier models, including LLMs",Mamba;Quantization,0,14.408,0.000,,https://iclr.cc/virtual/2025/poster/30065,https://openreview.net/pdf?id=KI45uDnmzv,offline_iclr,,"Mamba is an efficient sequence model that rivals Transformers and demonstrates significant potential as a foundational architecture for various tasks. Quantization is commonly used in neural networks to reduce model size and computational latency. However, applying quantization to Mamba remains unde"
36,KkoS6y0pHP,3DSMT: A Hybrid Spiking Mamba-Transformer for Point Cloud Analysis,,2026,ICLR 2026,main,Active,"applications to computer vision, audio, language, and other modalities",Point Cloud Analysis;Spiking neural network;Spiking Local Offset Attention;Spiking Mamba Block,0,14.360,0.000,,https://openreview.net/forum?id=KkoS6y0pHP,,offline_iclr,,"The sparse unordered structure of point clouds causes unnecessary computation and energy consumption in deep models. 
Conventionally, the Transformer architecture is leveraged to model global relationships in point clouds, however, its quadratic complexity restricts scalability. Although the Mamba a"
37,BZSTC2RMEd,Pruning-Robust Mamba with Asymmetric Multi-Scale Scanning Paths,Jindi Lv; Yuhao Zhou; Mingjia Shi; Zhiyuan Liang; Panpan Zhang,2025,NIPS 2025,main,Poster,deep_learning,State Space Model;Mamba;Token Reduction;Efficient AI,0,14.351,0.000,,https://openreview.net/forum?id=BZSTC2RMEd,,offline_nips,,"Mamba has proven efficient for long-sequence modeling in vision tasks. However, when token reduction techniques are applied to improve efficiency, Mamba-based models exhibit drastic performance degradation compared to Vision Transformers (ViTs).  This decline is potentially attributed to Mamba's cha"
38,6ktqrC1Bpf,bio2token: all-atom tokenization of any biomolecular structure with mamba,Andrew Liu; Axel Elaldi; Nathan Russell; Olivia Viessmann,2025,ICLR 2025,main,Reject,"applications to physical sciences (physics, chemistry, biology, etc.)",all-atom biomolecular generation;long context;auto-encoder;tokenization,0,14.328,0.000,,https://openreview.net/forum?id=6ktqrC1Bpf,,offline_iclr,,"Efficient encoding and representation of large 3D molecular structures with high fidelity is critical for biomolecular design applications. Despite this, many representation learning approaches restrict themselves to modeling smaller systems or use coarse-grained approximations of the systems, for e"
39,466gVY2sBQ,Token Dynamics on Spheres in Mamba Models,,2026,ICLR 2026,main,Active,"foundation or frontier models, including LLMs",selective state space model;token dynamics;continuous-time limit;dynamical system,0,14.312,0.000,,https://openreview.net/forum?id=466gVY2sBQ,,offline_iclr,,"The dynamical properties of tokens in internal representations, or token dynamics, of a deep learning model has recently attracted considerable attention in deep learning theory. While transformer dynamics have been extensively studied, the analysis of token dynamics in selective state space (Mamba)"
40,rnMH9njZxb,"Understanding Input Selectivity in Mamba: Impact on Approximation Power, Memorization, and Associative Recall Capacity",Ningyuan Teresa Huang; Miguel Sarabia; Abhinav Moudgil; Pau Rodriguez; Luca Zappella,2025,ICML 2025,main,Poster,deep_learning->theory,Mamba;State Space Model;Input selectivity;Function Approximation;Memorization;MQAR,0,14.165,0.000,,https://icml.cc/virtual/2025/poster/43867,https://openreview.net/pdf?id=rnMH9njZxb,offline_icml,,"State-Space Models (SSMs), and particularly Mamba, have recently emerged as a promising alternative to Transformers. Mamba introduces input selectivity to its SSM layer (S6) and incorporates convolution and gating into its block definition. While these modifications do improve Mamba's performance ov"
41,iOleSlC80F,3DET-Mamba: Causal Sequence Modelling for End-to-End 3D Object Detection,Mingsheng Li; Jiakang Yuan; Sijin Chen; Lin Zhang; Anyu Zhu,2024,NIPS 2024,main,Poster,machine_vision,3D Object Detection;Mamba,0,14.140,0.000,,https://neurips.cc/virtual/2024/poster/94006,https://openreview.net/pdf?id=iOleSlC80F,offline_nips,,"Transformer-based architectures have been proven successful in detecting 3D objects from point clouds. However, the quadratic complexity of the attention mechanism struggles to encode rich information as point cloud resolution increases. Recently, state space models (SSM) such as Mamba have gained g"
42,article-33112,Pose Magic: Efficient and Temporally Consistent Human Pose Estimation with a Hybrid Mamba-GCN Network,Xinyi Zhang; Qiqi Bao; Qinpeng Cui; Wenming Yang; Qingmin Liao,2025,AAAI 2025,main,Technical,computer vision ix,,0,13.883,0.000,,https://ojs.aaai.org/index.php/AAAI/article/view/33112,https://ojs.aaai.org/index.php/AAAI/article/view/33112/35267,offline_aaai,,"Current state-of-the-art (SOTA) methods in 3D Human Pose Estimation (HPE) are primarily based on Transformers. However, existing Transformer-based 3D HPE backbones often encounter a trade-off between accuracy and computational efficiency. To resolve the above dilemma, in this work, we leverage recen"
43,P7t2niLbvw,Swift Hydra: Self-Reinforcing Generative Framework for Anomaly Detection with Multiple Mamba Models,Nguyen Hoang Khoi Do; Truc Nguyen; Malik Hassanaly; raed alharbi; Jung Taek Seo,2025,ICLR 2025,main,Poster,"alignment, fairness, safety, privacy, and societal considerations",Anomaly detection;Reinforcement learning;Generative AI,0,13.839,0.000,,https://iclr.cc/virtual/2025/poster/29771,https://openreview.net/pdf?id=P7t2niLbvw,offline_iclr,,"Despite a plethora of anomaly detection models developed over the years, their ability to generalize to unseen anomalies remains an issue, particularly in critical systems. This paper aims to address this challenge by introducing Swift Hydra, a new framework for training an anomaly detection method "
44,2025.findings-acl.551,Q-Mamba: Towards more efficient Mamba models via post-training quantization,Chen Tianqi; Yuanteng Chen; Peisong Wang; Weixiang Xu; Zeyu Zhu,2025,ACL 2025,main,finding,,,0,13.827,0.000,,https://aclanthology.org/2025.findings-acl.551/,https://aclanthology.org/2025.findings-acl.551.pdf,offline_acl,,"State Space Models (SSMs), such as Mamba, have recently demonstrated potential in language understanding tasks, positioning them as competitors to transformer architectures. However, our investigations reveal that the Mamba architecture still has room for further optimization—not only in linear proj"
45,VtP7CamOR5,Mamba Neural Operator: Who Wins? Transformers vs. State-Space Models for PDEs,Chun-Wun Cheng; Jiahao Huang; Yi Zhang; Guang Yang; Carola-Bibiane Schönlieb,2025,ICLR 2025,main,Withdraw,"applications to physical sciences (physics, chemistry, biology, etc.)",Neural Operator;Deep Learning;PDEs,0,13.784,0.000,,https://openreview.net/forum?id=VtP7CamOR5,,offline_iclr,,"Partial differential equations (PDEs) are widely used to model complex physical systems, but solving them efficiently remains a significant challenge. Recently, Transformers have emerged as the preferred architecture for PDEs due to their ability to capture intricate dependencies. However, they stru"
46,1824,End-to-End Multi-Modal Diffusion Mamba,Chunhao Lu; Qiang Lu; Meichen Dong; Jake Luo,2025,ICCV 2025,main,Poster,,,0,13.673,0.000,,https://iccv.thecvf.com/virtual/2025/poster/1824,https://openaccess.thecvf.com/content/ICCV2025/papers/Lu_End-to-End_Multi-Modal_Diffusion_Mamba_ICCV_2025_paper.pdf,offline_iccv,,"Current end-to-end multi-modal models utilize different encoders and decoders to process input and output information. This separation hinders the joint representation learning of various modalities. To unify multi-modal processing, we propose a novel architecture called MDM (Multi-modal Diffusion M"
47,KqbLzSIXkm,DiMSUM: Diffusion Mamba - A Scalable and Unified Spatial-Frequency Method for Image Generation,Hao Phung; Quan Dao; Trung Tuan Dao; Hoang Phan; Dimitris N. Metaxas,2024,NIPS 2024,main,Poster,generative_models,Diffusion models;Mamba;Wavelet transformation,0,13.658,0.000,,https://neurips.cc/virtual/2024/poster/95642,https://openreview.net/pdf?id=KqbLzSIXkm,offline_nips,,"We introduce a novel state-space architecture for diffusion models, effectively harnessing spatial and frequency information to enhance the inductive bias towards local features in input images for image generation tasks. While state-space networks, including Mamba, a revolutionary advancement in re"
48,34229,WeatherGen: A Unified Diverse Weather Generator for LiDAR Point Clouds via Spider Mamba Diffusion,Yang Wu; Yun Zhu; Kaihua Zhang; Jianjun Qian; Jin Xie,2025,CVPR 2025,main,Poster,,,0,13.635,0.000,,https://cvpr.thecvf.com/virtual/2025/poster/34229,https://openaccess.thecvf.com/content/CVPR2025/papers/Wu_WeatherGen_A_Unified_Diverse_Weather_Generator_for_LiDAR_Point_Clouds_CVPR_2025_paper.pdf,offline_cvpr,,"3D scene perception demands a large amount of adverse-weather LiDAR data, yet the cost of LiDAR data collection presents a significant scaling-up challenge. To this end, a series of LiDAR simulators have been proposed. Yet, they can only simulate a single adverse weather with a single physical model"
49,34880,Mamba-Reg: Vision Mamba Also Needs Registers,Feng Wang; Jiahao Wang; Sucheng Ren; Guoyizhe Wei; Jieru Mei,2025,CVPR 2025,main,Poster,,,0,13.630,0.000,,https://cvpr.thecvf.com/virtual/2025/poster/34880,https://openaccess.thecvf.com/content/CVPR2025/papers/Wang_Mamba-Reg_Vision_Mamba_Also_Needs_Registers_CVPR_2025_paper.pdf,offline_cvpr,,"Similar to Vision Transformers, this paper identifies artifacts also present within the feature maps of Vision Mamba. These artifacts, corresponding to high-norm tokens emerging in low-information background areas of images, appear much more severe in Vision Mamba---they exist prevalently even with "
50,VaXFVeFkKD,MM-UNet: Meta Mamba UNet for Medical Image Segmentation,Bin Xie; Yan Yan; Gady Agam,2026,ICLR 2026,main,Withdraw,"applications to computer vision, audio, language, and other modalities",Mamba;Medical Image Segmentation,0,13.508,0.000,,https://openreview.net/forum?id=VaXFVeFkKD,,offline_iclr,,"State Space Models (SSMs) have recently demonstrated outstanding performance in long-sequence modeling, particularly in natural language processing. However, their direct application to medical image segmentation poses several challenges. SSMs, originally designed for 1D sequences, struggle with 3D "
51,X4KsowemNB,SF-Mamba: Rethinking State Space Model for Vision,,2026,ICLR 2026,main,Active,"applications to computer vision, audio, language, and other modalities",Mamba;State space model;vision encoder,0,13.475,0.000,,https://openreview.net/forum?id=X4KsowemNB,,offline_iclr,,"The realm of Mamba for vision has been advanced in recent years to strike for the alternatives of Vision Transformers (ViTs) that suffer from the quadratic complexity.
While the recurrent scanning mechanism of Mamba offers computational efficiency, it inherently limits non-causal interactions betwee"
52,article-33085,IRMamba: Pixel Difference Mamba with Layer Restoration for Infrared Small Target Detection,Mingjin Zhang; Xiaolong Li; Fei Gao; Jie Guo,2025,AAAI 2025,main,Technical,computer vision viii,,0,13.472,0.000,,https://ojs.aaai.org/index.php/AAAI/article/view/33085,https://ojs.aaai.org/index.php/AAAI/article/view/33085/35240,offline_aaai,,"Infrared small target detection (IRSTD) focuses on identifying small targets in infrared images. Despite advancements with deep learning, challenges persist due to the IR long-range imaging mechanism, where targets are small, dim, and easily lost in noise and background clutter. Current deep learnin"
53,article-33098,Point Cloud Mamba: Point Cloud Learning via State Space Model,Tao Zhang; Haobo Yuan; Lu Qi; Jiangning Zhang; Qianyu Zhou,2025,AAAI 2025,main,Technical,computer vision ix,,0,13.460,0.000,,https://ojs.aaai.org/index.php/AAAI/article/view/33098,https://ojs.aaai.org/index.php/AAAI/article/view/33098/35253,offline_aaai,,"Recently, state space models have exhibited strong global modeling capabilities and linear computational complexity in contrast to transformers. This research focuses on applying such architecture to more efficiently and effectively model point cloud data globally with linear computational complexit"
54,33047,MambaVision: A Hybrid Mamba-Transformer Vision Backbone,Ali Hatamizadeh; Jan Kautz,2025,CVPR 2025,main,Poster,,,0,13.450,0.000,,https://cvpr.thecvf.com/virtual/2025/poster/33047,https://openaccess.thecvf.com/content/CVPR2025/papers/Hatamizadeh_MambaVision_A_Hybrid_Mamba-Transformer_Vision_Backbone_CVPR_2025_paper.pdf,offline_cvpr,,"We propose a novel hybrid Mamba-Transformer backbone, MambaVision, specifically tailored for vision applications. Our core contribution includes redesigning the Mamba formulation to enhance its capability for efficient modeling of visual features. Through a comprehensive ablation study, we demonstra"
55,34267,Cross-Modal Interactive Perception Network with Mamba for Lung Tumor Segmentation in PET-CT Images,Jie Mei; Chenyu Lin; Yu Qiu; Yaonan Wang; Hui Zhang,2025,CVPR 2025,main,Poster,,,0,13.226,0.000,,https://cvpr.thecvf.com/virtual/2025/poster/34267,https://openaccess.thecvf.com/content/CVPR2025/papers/Mei_Cross-Modal_Interactive_Perception_Network_with_Mamba_for_Lung_Tumor_Segmentation_CVPR_2025_paper.pdf,offline_cvpr,,"Lung cancer is a leading cause of cancer-related deaths globally. PET-CT is crucial for imaging lung tumors, providing essential metabolic and anatomical information, while it faces challenges such as poor image quality, motion artifacts, and complex tumor morphology. Deep learning-based models are "
56,QwY1vk67T3,RoMA: Scaling up Mamba-based Foundation Models for Remote Sensing,Fengxiang Wang; Yulin Wang; Mingshuo Chen; Haotian Wang; Hongzhen Wang,2025,NIPS 2025,main,Poster,deep_learning,Autoregressive Pretraining;Mamba;Remote Sensing;Foundational Models,0,13.160,0.000,,https://openreview.net/forum?id=QwY1vk67T3,,offline_nips,,"Recent advances in self-supervised learning for Vision Transformers (ViTs) have fueled breakthroughs in remote sensing (RS) foundation models. However, the quadratic complexity of self-attention poses a significant barrier to scalability, particularly for large models and high-resolution images. Whi"
57,yEKyIwJvvl,"Speak, Edit, Repeat: High-Fidelity Voice Editing and Zero-Shot TTS with Cross-Attentive Mamba",,2026,ICLR 2026,main,Active,generative models,Mamba;cross-attention;voice editing;zero-shot TTS;autoregressive model;structured state-space model;speech synthesis,0,13.053,0.000,,https://openreview.net/forum?id=yEKyIwJvvl,,offline_iclr,,"We introduce $\textbf{MAVE}$ ($\textbf{M}$amba with Cross-$\textbf{A}$ttention for $\textbf{V}$oice $\textbf{E}$diting and Synthesis), a novel autoregressive architecture for text-conditioned voice editing and high-fidelity text-to-speech (TTS) synthesis, built on a cross-attentive Mamba backbone. M"
58,NX6oMuoLxu,Layer-Wise Analysis in Exploring the Normalization Strategies in Mamba,,2026,ICLR 2026,main,Active,"applications to computer vision, audio, language, and other modalities",Mamba;Normalization;Stability;Optimization;Scale invariance;Condition number,0,13.052,0.000,,https://openreview.net/forum?id=NX6oMuoLxu,,offline_iclr,,"The Mamba architecture achieves linear time and memory complexity in long-sequence modeling and vision tasks through a dynamic, input-conditioned state transition mechanism and hardware-efficient scan operations. However, as network depth increases, the state space model (SSM) component tends to amp"
59,33920,EfficientViM: Efficient Vision Mamba with Hidden State Mixer based State Space Duality,Sanghyeok Lee; Joonmyung Choi; Hyunwoo J. Kim,2025,CVPR 2025,main,Poster,,,0,12.991,0.000,,https://cvpr.thecvf.com/virtual/2025/poster/33920,https://openaccess.thecvf.com/content/CVPR2025/papers/Lee_EfficientViM_Efficient_Vision_Mamba_with_Hidden_State_Mixer_based_State_CVPR_2025_paper.pdf,offline_cvpr,,"For the deployment of neural networks in resource-constrained environments, prior works have built lightweight architectures with convolution and attention for capturing local and global dependencies, respectively. Recently, the state space model (SSM) has emerged as an effective operation for globa"
60,wElgE9qBb5,Mambular: A Sequential Model for Tabular Deep Learning,Anton Frederik Thielmann; Manish Kumar; Christoph Weisser; Arik Reuter; Benjamin Säfken,2025,ICLR 2025,main,Reject,"other topics in machine learning (i.e., none of the above)",Tabular Deep Learning;Mamba;Sequential Models;SSM;Recurrent Neural Networks,0,12.968,0.000,,https://openreview.net/forum?id=wElgE9qBb5,,offline_iclr,,"The analysis of tabular data has traditionally been dominated by gradient-boosted decision trees (GBDTs), known for their proficiency with mixed categorical and numerical features. However, recent deep learning innovations are challenging this dominance. We introduce Mambular, an adaptation of the M"
61,UYarAv7rUx,"Can Mamba Always Enjoy the ""Free Lunch""?",Ruifeng Ren; Zhicong Li; Yong Liu,2025,ICLR 2025,main,Reject,"foundation or frontier models, including LLMs",Mamba;Expressive Power;Chain of Thought,0,12.941,0.000,,https://openreview.net/forum?id=UYarAv7rUx,,offline_iclr,,"Transformers have been the cornerstone of current Large Language Models (LLMs); however, its linear growth in overhead during inference with respect to sequence length poses challenges for modeling long sequences. In this context, Mamba has gradually attracted attention due to its constant-level siz"
62,1TXDtnDIsV,Learning Mamba as a Continual Learner,Chongyang Zhao; Dong Gong,2025,ICLR 2025,main,Reject,"transfer learning, meta learning, and lifelong learning",Continual Learning;Sequence Modelling,0,12.890,0.000,,https://openreview.net/forum?id=1TXDtnDIsV,,offline_iclr,,"Continual learning (CL) aims to efficiently learn and accumulate knowledge from a data stream with different distributions. By formulating CL as a sequence prediction task, meta-continual learning (MCL) enables to meta-learn an efficient continual learner based on the recent advanced sequence models"
63,55Ruu7bF4b,MambaFormer-MOE: Mamba-Transformer-based Mixture-of-Experts for Time Series Prediction,Weijian Li; Han Liu,2025,ICLR 2025,main,Desk Reject,learning on time series and dynamical systems,mamba;transformer;mixture-of-experts;time series prediction,0,12.886,0.000,,https://openreview.net/forum?id=55Ruu7bF4b,,offline_iclr,,"We propose the MambaFormer-MOE, a mamba-based mixture-of-experts (MOEs) model for multivariate time series prediction. There are three major features of our model. 1. We propose a temporal modeling module based-on the Mamba architecture to model temporal correlations with linear complexity. 2. We pr"
64,N6MIqE11eF,Is Bidirectionality Necessary in Mamba for Time Series Forecasting?,,2026,ICLR 2026,main,Active,learning on time series and dynamical systems,Time Series Forecasting;Mamba,0,12.850,0.000,,https://openreview.net/forum?id=N6MIqE11eF,,offline_iclr,,"Mamba is a sequential model that has recently emerged as a promising alternative to Transformers, offering near-linear complexity.
However, although channels in time series (TS) data generally lack a sequential order, recent studies have adopted Mamba to capture channel dependencies (CD) in TS, intr"
65,WnRzN4U8Y8,WIMFRIS: WIndow Mamba Fusion and Parameter Efficient Tuning for Referring Image Segmentation,,2026,ICLR 2026,main,Active,"applications to computer vision, audio, language, and other modalities",Referring image segmentation;parameter efficient tuning;computer vision,0,12.800,0.000,,https://openreview.net/forum?id=WnRzN4U8Y8,,offline_iclr,,"Existing Parameter-Efficient Tuning (PET) methods for Referring Image Segmentation (RIS) primarily focus on layer-wise feature alignment, often neglecting the crucial role of a neck module for the intermediate fusion of aggregated multi-scale features, which creates a significant performance bottlen"
66,pCJ0l1JVUX,Hamba: Single-view 3D Hand Reconstruction with Graph-guided Bi-Scanning Mamba,Haoye Dong; Aviral Chharia; Wenbo Gou; Francisco Vicente Carrasco; Fernando De la Torre,2024,NIPS 2024,main,Poster,machine_vision,3D Hand Reconstruction;Mamba;State Space Model,0,12.705,0.000,,https://neurips.cc/virtual/2024/poster/93574,https://openreview.net/pdf?id=pCJ0l1JVUX,offline_nips,,"3D Hand reconstruction from a single RGB image is challenging due to the articulated motion, self-occlusion, and interaction with objects. Existing SOTA methods employ attention-based transformers to learn the 3D hand pose and shape, yet they do not fully achieve robust and accurate performance, pri"
67,QBiFoWQp3n,Architecturally Aligned Comparisons Between ConvNets And Vision Mambas,Yuanduo Hong; Jue Wang; Weichao Sun; Huihui Pan,2025,ICLR 2025,main,Reject,"unsupervised, self-supervised, semi-supervised, and supervised representation learning",Architecturally aligned comparisons;Vision Mambas;ConvNets;Vision Transformers,0,12.653,0.000,,https://openreview.net/forum?id=QBiFoWQp3n,,offline_iclr,,"Mamba, an architecture with token mixers of state space models (SSM), has been recently introduced to vision tasks to tackle the quadratic complexity of self-attention. However, since SSM's memory is inherently lossy and precedent vision mambas struggle to compete with advanced ConvNets or ViTs, it "
68,32698,MANTA: Diffusion Mamba for Efficient and Effective Stochastic Long-Term Dense Action Anticipation,Olga Zatsarynna; Emad Bahrami; Yazan Abu Farha; Gianpiero Francesca; Juergen Gall,2025,CVPR 2025,main,Poster,,,0,12.615,0.000,,https://cvpr.thecvf.com/virtual/2025/poster/32698,https://openaccess.thecvf.com/content/CVPR2025/papers/Zatsarynna_MANTA_Diffusion_Mamba_for_Efficient_and_Effective_Stochastic_Long-Term_Dense_CVPR_2025_paper.pdf,offline_cvpr,,"Long-term dense action anticipation is very challenging since it requires predicting actions and their durations several minutes into the future based on provided video observations. To model the uncertainty of future outcomes, stochastic models predict several potential future action sequences for "
69,32704,OSMamba: Omnidirectional Spectral Mamba with Dual-Domain Prior Generator for Exposure Correction,Gehui Li; Bin Chen; Chen Zhao; Lei Zhang; Jian Zhang,2025,CVPR 2025,main,Poster,,,0,12.606,0.000,,https://cvpr.thecvf.com/virtual/2025/poster/32704,,offline_cvpr,,
70,i9RTCC6whL,MAMBA STATE-SPACE MODELS ARE LYAPUNOV-STABLE LEARNERS,John Timothy Halloran; Manbir S Gulati; Paul F Roysdon,2025,ICLR 2025,main,Reject,"foundation or frontier models, including LLMs",Mamba;Mamba SSMs;SSMs;LLMs;PEFT;LoRA;Transformers,0,12.593,0.000,,https://openreview.net/forum?id=i9RTCC6whL,,offline_iclr,,"Mamba state-space models (SSMs) were recently shown to outperform state-of-the-art (SOTA) Transformer large language models (LLMs) across various tasks.  Despite subsequent widespread adaptation, little work has focused on Mamba LLMs' amenability for fine-tuning frameworks ubiquitously used for Tran"
71,j1OucVFZMJ,DiffImp: Efficient Diffusion Model for Probabilistic Time Series Imputation with Bidirectional Mamba Backbone,Hongfan Gao; Wangmeng Shen; Xiangfei Qiu; Ronghui Xu; Jilin Hu,2025,ICLR 2025,main,Reject,learning on time series and dynamical systems,diffusion;time series impuation;state space model,0,12.583,0.000,,https://openreview.net/forum?id=j1OucVFZMJ,,offline_iclr,,"Probabilistic time series imputation has been widely applied in real-world scenarios due to its ability to estimate uncertainty of imputation results. Meanwhile, denoising diffusion probabilistic models (DDPMs) have achieved great success in probabilistic time series imputation tasks with its power "
72,,SpaceTimePilot: Generative Rendering of Dynamic Scenes Across Space and Time,Zhening Huang; Hyeonho Jeong; Xuelin Chen; Yulia Gryaditskaya; Tuanfeng Y. Wang,2025,arXiv,,,,,0,0.000,0.000,,http://arxiv.org/abs/2512.25075v1,https://arxiv.org/pdf/2512.25075v1,arxiv,,"We present SpaceTimePilot, a video diffusion model that disentangles space and time for controllable generative rendering. Given a monocular video, SpaceTimePilot can independently alter the camera viewpoint and the motion sequence within the generative process, re-rendering the scene for continuous"
73,,GaMO: Geometry-aware Multi-view Diffusion Outpainting for Sparse-View 3D Reconstruction,Yi-Chuan Huang; Hao-Jen Chien; Chin-Yang Lin; Ying-Huan Chen; Yu-Lun Liu,2025,arXiv,,,,,0,0.000,0.000,,http://arxiv.org/abs/2512.25073v1,https://arxiv.org/pdf/2512.25073v1,arxiv,,"Recent advances in 3D reconstruction have achieved remarkable progress in high-quality scene capture from dense multi-view imagery, yet struggle when input views are limited. Various approaches, including regularization techniques, semantic priors, and geometric constraints, have been implemented to"
74,,Coordinated Humanoid Manipulation with Choice Policies,Haozhi Qi; Yen-Jen Wang; Toru Lin; Brent Yi; Yi Ma,2025,arXiv,,,,,0,0.000,0.000,,http://arxiv.org/abs/2512.25072v1,https://arxiv.org/pdf/2512.25072v1,arxiv,,"Humanoid robots hold great promise for operating in human-centric environments, yet achieving robust whole-body coordination across the head, hands, and legs remains a major challenge. We present a system that combines a modular teleoperation interface with a scalable learning framework to address t"
75,,Scaling Open-Ended Reasoning to Predict the Future,Nikhil Chandak; Shashwat Goel; Ameya Prabhu; Moritz Hardt; Jonas Geiping,2025,arXiv,,,,,0,0.000,0.000,,http://arxiv.org/abs/2512.25070v1,https://arxiv.org/pdf/2512.25070v1,arxiv,,"High-stakes decision making involves reasoning under uncertainty about the future. In this work, we train language models to make predictions on open-ended forecasting questions. To scale up training data, we synthesize novel forecasting questions from global events reported in daily news, using a f"
76,,Feeling Blue: Constructing a Robust SALT3 UV Template and Constraining its Redshift Dependency,Qinan Wang; David O. Jones; Justin D. R. Pierel; Matthew R. Siebert; W. D'Arcy Kenworthy,2025,arXiv,,,,,0,0.000,0.000,,http://arxiv.org/abs/2512.25064v1,https://arxiv.org/pdf/2512.25064v1,arxiv,,"Upcoming cosmological surveys will obtain numerous rest-frame ultraviolet (UV) observations of Type Ia supernovae (SNe Ia), yet there is concern about how standardizable SNe Ia are in the UV. In this work, we train a robust optical--UV SED model for SNe Ia (SALT3-UV) with the open-source model-train"
77,,Melting curve of correlated iron at Earth's core conditions from machine-learned DFT+DMFT,Rishi Rao; Li Zhu,2025,arXiv,,,,,0,0.000,0.000,,http://arxiv.org/abs/2512.25061v1,https://arxiv.org/pdf/2512.25061v1,arxiv,,"Reliable constraints on iron's melting curve at Earth's inner-core boundary require accurate finite-temperature electronic correlations, yet DFT+DMFT calculations remain too costly for large-scale thermodynamic sampling. Here, we develop a machine-learning accelerator for charge self-consistent DFT+"
78,,On the geometry and topology of representations: the manifolds of modular addition,Gabriela Moisescu-Pareja; Gavin McCracken; Harley Wiltzer; Vincent Létourneau; Colin Daniels,2025,arXiv,,,,,0,0.000,0.000,,http://arxiv.org/abs/2512.25060v1,https://arxiv.org/pdf/2512.25060v1,arxiv,,"The Clock and Pizza interpretations, associated with architectures differing in either uniform or learnable attention, were introduced to argue that different architectural designs can yield distinct circuits for modular addition. In this work, we show that this is not the case, and that both unifor"
79,,Reliable and Resilient Collective Communication Library for LLM Training and Serving,Wei Wang; Nengneng Yu; Sixian Xiong; Zaoxing Liu,2025,arXiv,,,,,0,0.000,0.000,,http://arxiv.org/abs/2512.25059v1,https://arxiv.org/pdf/2512.25059v1,arxiv,,"Modern ML training and inference now span tens to tens of thousands of GPUs, where network faults can waste 10--15\% of GPU hours due to slow recovery. Common network errors and link fluctuations trigger timeouts that often terminate entire jobs, forcing expensive checkpoint rollback during training"
80,,Context-aware LLM-based AI Agents for Human-centered Energy Management Systems in Smart Buildings,Tianzhi He; Farrokh Jazizadeh,2025,arXiv,,,,,0,0.000,0.000,,http://arxiv.org/abs/2512.25055v1,https://arxiv.org/pdf/2512.25055v1,arxiv,,This study presents a conceptual framework and a prototype assessment for Large Language Model (LLM)-based Building Energy Management System (BEMS) AI agents to facilitate context-aware energy management in smart buildings through natural language interaction. The proposed framework comprises three 
81,,AdaGReS:Adaptive Greedy Context Selection via Redundancy-Aware Scoring for Token-Budgeted RAG,Chao Peng; Bin Wang; Zhilei Long; Jinfang Sheng,2025,arXiv,,,,,0,0.000,0.000,,http://arxiv.org/abs/2512.25052v1,https://arxiv.org/pdf/2512.25052v1,arxiv,,"Retrieval-augmented generation (RAG) is highly sensitive to the quality of selected context, yet standard top-k retrieval often returns redundant or near-duplicate chunks that waste token budget and degrade downstream generation. We present AdaGReS, a redundancy-aware context selection framework for"
82,,Towards precision cosmology with Voids x CMB correlations (I): Roman-Agora mock catalogs and pipeline validation,Mar Pérez Sar; Carlos Hernández Monteagudo; András Kovács; Alice Pisani,2025,arXiv,,,,,0,0.000,0.000,,http://arxiv.org/abs/2512.25040v1,https://arxiv.org/pdf/2512.25040v1,arxiv,,"We construct and validate a set of multi-purpose mock galaxy catalogs designed to capture, to different degrees of accuracy, the main characteristics of the Nancy Grace Roman Space Telescope survey. These catalogs provide a foundation for void statistics and various CMB cross-correlation analyses. O"
83,,EF(X) Orientations: A Parameterized Complexity Perspective,Sotiris Kanellopoulos; Edouard Nemery; Christos Pergaminelis; Minas Marios Sotiriou; Manolis Vasilakis,2025,arXiv,,,,,0,0.000,0.000,,http://arxiv.org/abs/2512.25033v1,https://arxiv.org/pdf/2512.25033v1,arxiv,,"The concept of fair orientations in graphs was introduced by Christodoulou, Fiat, Koutsoupias, and Sgouritsa in 2023, naturally modeling fair division scenarios in which resources are only contested by neighbors. In this model, vertices represent agents and undirected edges represent goods; edges ha"
84,,Modeling Language as a Sequence of Thoughts,Nasim Borazjanizadeh; James McClelland,2025,arXiv,,,,,0,0.000,0.000,,http://arxiv.org/abs/2512.25026v1,https://arxiv.org/pdf/2512.25026v1,arxiv,,"Transformer language models can generate strikingly natural text by modeling language as a sequence of tokens. Yet, by relying primarily on surface-level co-occurrence statistics, they fail to form globally consistent latent representations of entities and events, lack of which contributes to brittl"
85,,ResponseRank: Data-Efficient Reward Modeling through Preference Strength Learning,Timo Kaufmann; Yannick Metz; Daniel Keim; Eyke Hüllermeier,2025,arXiv,,,,,0,0.000,0.000,,http://arxiv.org/abs/2512.25023v1,https://arxiv.org/pdf/2512.25023v1,arxiv,,"Binary choices, as often used for reinforcement learning from human feedback (RLHF), convey only the direction of a preference. A person may choose apples over oranges and bananas over grapes, but which preference is stronger? Strength is crucial for decision-making under uncertainty and generalizat"
86,,Strengthening Dual Bounds for Multicommodity Capacitated Network Design with Unsplittable Flow Constraints,Lacy M. Greening; Santanu S. Dey; Alan L. Erera,2025,arXiv,,,,,0,0.000,0.000,,http://arxiv.org/abs/2512.25018v1,https://arxiv.org/pdf/2512.25018v1,arxiv,,"Multicommodity capacitated network design (MCND) models can be used to optimize the consolidation of shipments within e-commerce fulfillment networks. In practice, fulfillment networks require that shipments with the same origin and destination follow the same transfer path. This unsplittable flow r"
87,,MAMA-Memeia! Multi-Aspect Multi-Agent Collaboration for Depressive Symptoms Identification in Memes,Siddhant Agarwal; Adya Dhuler; Polly Ruhnke; Melvin Speisman; Md Shad Akhtar,2025,arXiv,,,,,0,0.000,0.000,,http://arxiv.org/abs/2512.25015v1,https://arxiv.org/pdf/2512.25015v1,arxiv,,"Over the past years, memes have evolved from being exclusively a medium of humorous exchanges to one that allows users to express a range of emotions freely and easily. With the ever-growing utilization of memes in expressing depressive sentiments, we conduct a study on identifying depressive sympto"
88,,Numerical study of boson mixtures with multi-component continuous matrix product states,Wei Tang; Benoît Tuybens; Jutho Haegeman,2025,arXiv,,,,,0,0.000,0.000,,http://arxiv.org/abs/2512.24998v1,https://arxiv.org/pdf/2512.24998v1,arxiv,,"The continuous matrix product state (cMPS) ansatz is a promising numerical tool for studying quantum many-body systems in continuous space. Although it provides a clean framework that allows one to directly simulate continuous systems, the optimization of cMPS is known to be a very challenging task,"
89,,Efficiently Estimating Data Efficiency for Language Model Fine-tuning,Gyung Hyun Je; Colin Raffel,2025,arXiv,,,,,0,0.000,0.000,,http://arxiv.org/abs/2512.24991v1,https://arxiv.org/pdf/2512.24991v1,arxiv,,"While large language models (LLMs) demonstrate reasonable zero-shot capability across many downstream tasks, fine-tuning is a common practice to improve their performance. However, a task's data efficiency--i.e., the number of fine-tuning examples needed to achieve a desired level of performance--is"
90,,Attribution-Guided Distillation of Matryoshka Sparse Autoencoders,Cristina P. Martin-Linares; Jonathan P. Ling,2025,arXiv,,,,,0,0.000,0.000,,http://arxiv.org/abs/2512.24975v1,https://arxiv.org/pdf/2512.24975v1,arxiv,,"Sparse autoencoders (SAEs) aim to disentangle model activations into monosemantic, human-interpretable features. In practice, learned features are often redundant and vary across training runs and sparsity levels, which makes interpretations difficult to transfer and reuse. We introduce Distilled Ma"
91,,Evaluating the Impact of Compression Techniques on the Robustness of CNNs under Natural Corruptions,Itallo Patrick Castro Alves Da Silva; Emanuel Adler Medeiros Pereira; Erick de Andrade Barboza; Baldoino Fonseca dos Santos Neto; Marcio de Medeiros Ribeiro,2025,arXiv,,,,,0,0.000,0.000,,http://arxiv.org/abs/2512.24971v1,https://arxiv.org/pdf/2512.24971v1,arxiv,,"Compressed deep learning models are crucial for deploying computer vision systems on resource-constrained devices. However, model compression may affect robustness, especially under natural corruption. Therefore, it is important to consider robustness evaluation while validating computer vision syst"
92,,The least prime with a given cycle type,Peter J. Cho; Robert J. Lemke Oliver; Asif Zaman,2025,arXiv,,,,,0,0.000,0.000,,http://arxiv.org/abs/2512.24963v1,https://arxiv.org/pdf/2512.24963v1,arxiv,,"Let $G$ be a finite group. Let $K/k$ be a Galois extension of number fields with Galois group isomorphic to $G$, and let $C \subseteq \mathrm{Gal}(K/k) \simeq G$ be a conjugacy invariant subset. It is well known that there exists an unramified prime ideal $\mathfrak{p}$ of $k$ with Frobenius element"
93,,Semi-overlapping Multi-bandit Best Arm Identification for Sequential Support Network Learning,András Antos; András Millinghoffer; Péter Antal,2025,arXiv,,,,,0,0.000,0.000,,http://arxiv.org/abs/2512.24959v1,https://arxiv.org/pdf/2512.24959v1,arxiv,,"Many modern AI and ML problems require evaluating partners' contributions through shared yet asymmetric, computationally intensive processes and the simultaneous selection of the most beneficial candidates. Sequential approaches to these problems can be unified under a new framework, Sequential Supp"
94,,Laser intracavity absorption magnetometry for optical quantum sensing,J. M. Wollenberg; F. Perona; A. Palaci; H. Wenzel; H. Christopher,2025,arXiv,,,,,0,0.000,0.000,,http://arxiv.org/abs/2512.24951v1,https://arxiv.org/pdf/2512.24951v1,arxiv,,"Intracavity absorption spectroscopy (ICAS) is a well-established technique for detecting weak absorption signals with ultrahigh sensitivity. Here, we extend this concept to magnetometry using nitrogen-vacancy (NV) centers in diamond. We introduce laser intracavity absorption magnetometry (LICAM), a "
95,,ProDM: Synthetic Reality-driven Property-aware Progressive Diffusion Model for Coronary Calcium Motion Correction in Non-gated Chest CT,Xinran Gong; Gorkem Durak; Halil Ertugrul Aktas; Vedat Cicek; Jinkui Hao,2025,arXiv,,,,,0,0.000,0.000,,http://arxiv.org/abs/2512.24948v1,https://arxiv.org/pdf/2512.24948v1,arxiv,,"Coronary artery calcium (CAC) scoring from chest CT is a well-established tool to stratify and refine clinical cardiovascular disease risk estimation. CAC quantification relies on the accurate delineation of calcified lesions, but is oftentimes affected by artifacts introduced by cardiac and respira"
96,,CPJ: Explainable Agricultural Pest Diagnosis via Caption-Prompt-Judge with LLM-Judged Refinement,Wentao Zhang; Tao Fang; Lina Lu; Lifei Wang; Weihe Zhong,2025,arXiv,,,,,0,0.000,0.000,,http://arxiv.org/abs/2512.24947v1,https://arxiv.org/pdf/2512.24947v1,arxiv,,"Accurate and interpretable crop disease diagnosis is essential for agricultural decision-making, yet existing methods often rely on costly supervised fine-tuning and perform poorly under domain shifts. We propose Caption--Prompt--Judge (CPJ), a training-free few-shot framework that enhances Agri-Pes"
97,,Venturing into Uncharted Waters: The Navigation Compass from Transformer to Mamba,Yuchen Zou; Yineng Chen; Z. Li; Lefei Zhang; Hai Zhao,2024,arXiv.org,,,,,2,0.000,0.000,10.48550/arXiv.2406.16722,https://www.semanticscholar.org/paper/7343105953d6b67d9b94dc891649fb7197a33776,,semantic_scholar,,"Transformer, a deep neural network architecture, has long dominated the field of natural language processing and beyond. Nevertheless, the recent introduction of Mamba challenges its supremacy, sparks considerable interest among researchers, and gives rise to a series of Mamba-based models that have"
98,,A Survey on Mamba Architecture for Vision Applications,Fady Ibrahim; Guangjun Liu; Guanghui Wang,2025,arXiv.org,,,,,9,0.000,0.000,10.48550/arXiv.2502.07161,https://www.semanticscholar.org/paper/bb27c455d519d66631c7fce1c9d15ae086851c96,,semantic_scholar,,"Transformers have become foundational for visual tasks such as object detection, semantic segmentation, and video understanding, but their quadratic complexity in attention mechanisms presents scalability challenges. To address these limitations, the Mamba architecture utilizes state-space models (S"
99,,A Survey of Mamba,Haohao Qu; Liang-bo Ning; Rui An; Wenqi Fan; Tyler Derr,2024,arXiv.org,,,,,68,0.000,0.000,10.48550/arXiv.2408.01129,https://www.semanticscholar.org/paper/ab028c75d4c83e4100f7c88b082e50aaa1bc4c94,,semantic_scholar,,"As one of the most representative DL techniques, Transformer architecture has empowered numerous advanced models, especially the large language models (LLMs) that comprise billions of parameters, becoming a cornerstone in deep learning. Despite the impressive achievements, Transformers still face in"
100,,Vision Mamba: A Comprehensive Survey and Taxonomy,Xiao Liu; Chenxu Zhang; Lei Zhang,2024,arXiv.org,,,,,76,0.000,0.000,10.48550/arXiv.2405.04404,https://www.semanticscholar.org/paper/cc142aa425bff39a9385154d34485dc13ce3cf95,,semantic_scholar,,"State Space Model (SSM) is a mathematical model used to describe and analyze the behavior of dynamic systems. This model has witnessed numerous applications in several fields, including control theory, signal processing, economics and machine learning. In the field of deep learning, state space mode"
101,,Visual Mamba: A Survey and New Outlooks,Rui Xu; Shu Yang; Yihui Wang; Yu Cai; Bo Du,2024,,,,,,51,0.000,0.000,,https://www.semanticscholar.org/paper/47741d9e57f7a986a350f5cb20de287b1b1b8ff8,,semantic_scholar,,"Mamba, a recent selective structured state space model, excels in long sequence modeling, which is vital in the large model era. Long sequence modeling poses significant challenges, including capturing long-range dependencies within the data and handling the computational demands caused by their ext"
102,,A Survey on the Architecture of Visual Mamba,Jianning Liu; Juntao Zhang; Kun Bian; You Zhou; Wenbo An,2025,2025 International Conference on Artificial Intelligence and Digital Ethics (ICAIDE),,,,,0,0.000,0.000,10.1109/ICAIDE65466.2025.11189454,https://www.semanticscholar.org/paper/bfc1df5772ffdd9dafb023264c1e7672e51834a5,,semantic_scholar,,"Mamba, as a novel architecture based on State Space Models (SSMs), has introduced a paradigm shift in computer vision by addressing the limitations of traditional Convolutional Neural Networks (CNNs) and Transformers. Compared to CNNs’ inadequacy in global context modeling and Transformers’ scalabil"
103,,Mamba: Linear-Time Sequence Modeling with Selective State Spaces,Albert Gu; Tri Dao,2023,arXiv.org,,,,,5051,0.000,0.000,,https://www.semanticscholar.org/paper/7bbc7595196a0606a07506c4fb1473e5e87f6082,,semantic_scholar,,"Foundation models, now powering most of the exciting applications in deep learning, are almost universally based on the Transformer architecture and its core attention module. Many subquadratic-time architectures such as linear attention, gated convolution and recurrent models, and structured state "
104,,MCodec: A Codec Architecture integrated Mamba for Speech Enhancement,Fuqiang Hu; Yi Guo; Shuaifeng Chen; Mei Jiang,2024,2024 4th International Symposium on Artificial Intelligence and Intelligent Manufacturing (AIIM),,,,,0,0.000,0.000,10.1109/AIIM64537.2024.10934336,https://www.semanticscholar.org/paper/e38cefce0fe287ba50618478e4c46ef927e01e59,,semantic_scholar,,"Recently, state space models have made significant progress in modeling sequential tasks, particularly the SSM-based Mamba network. Leveraging the efficient modeling of sequential data by the Mamba, we propose an end to end convolution-based codec architecture called MCodec that incorporates Mamba f"
105,,Exploring Graph Mamba: A Comprehensive Survey on State-Space Models for Graph Learning,Safa Ben Atitallah; Chaima Ben Rabah; Maha Driss; Wadii Boulila; Anis Koubaa,2024,arXiv.org,,,,,2,0.000,0.000,10.48550/arXiv.2412.18322,https://www.semanticscholar.org/paper/0a3474779478ebc0d13d6c3737c9caa82781e975,,semantic_scholar,,"Graph Mamba, a powerful graph embedding technique, has emerged as a cornerstone in various domains, including bioinformatics, social networks, and recommendation systems. This survey represents the first comprehensive study devoted to Graph Mamba, to address the critical gaps in understanding its ap"
106,,A Survey on Visual Mamba,Hanwei Zhang; Ying Zhu; Dan Wang; Lijun Zhang; Tianxiang Chen,2024,Applied Sciences,,,,,136,0.000,0.000,10.48550/arXiv.2404.15956,https://www.semanticscholar.org/paper/f5cea4651c32d2ba95171fb264cc6680262c17d7,,semantic_scholar,,"State space models (SSM) with selection mechanisms and hardware-aware architectures, namely Mamba, have recently shown significant potential in long-sequence modeling. Since the complexity of transformers’ self-attention mechanism is quadratic with image size, as well as increasing computational dem"
107,,"Mamba-360: Survey of State Space Models as Transformer Alternative for Long Sequence Modelling: Methods, Applications, and Challenges",B. N. Patro; V. Agneeswaran,2024,arXiv.org,,,,,73,0.000,0.000,10.48550/arXiv.2404.16112,https://www.semanticscholar.org/paper/ba4c5a116d07b37dea1046b6d16a60cb2d01cd47,,semantic_scholar,,"Sequence modeling is a crucial area across various domains, including Natural Language Processing (NLP), speech recognition, time series forecasting, music generation, and bioinformatics. Recurrent Neural Networks (RNNs) and Long Short Term Memory Networks (LSTMs) have historically dominated sequenc"
108,,Mamba in Vision: A Comprehensive Survey of Techniques and Applications,Md. Maklachur Rahman; Abdullah Aman Tutul; Ankur Nath; Lamyanba Laishram; Soon Ki Jung,2024,arXiv.org,,,,,28,0.000,0.000,10.48550/arXiv.2410.03105,https://www.semanticscholar.org/paper/c8674838dadedab5815f2d6ada9fd768df592bf6,,semantic_scholar,,"Mamba is emerging as a novel approach to overcome the challenges faced by Convolutional Neural Networks (CNNs) and Vision Transformers (ViTs) in computer vision. While CNNs excel at extracting local features, they often struggle to capture long-range dependencies without complex architectural modifi"
109,,"A Comprehensive Survey of Mamba Architectures for Medical Image Analysis: Classification, Segmentation, Restoration and Beyond",Shubhi Bansal; A. Sreeharish; J. MadhavaPrasath; S. Manikandan; Sreekanth Madisetty,2024,arXiv.org,,,,,21,0.000,0.000,10.48550/arXiv.2410.02362,https://www.semanticscholar.org/paper/311021e56f4be3e5ba436cd6ef04b0b3d9614772,,semantic_scholar,,"Mamba, a special case of the State Space Model, is gaining popularity as an alternative to template-based deep learning approaches in medical image analysis. While transformers are powerful architectures, they have drawbacks, including quadratic computational complexity and an inability to address l"
110,,MambaTransDTA: A Hybrid Mamba-Transformer Architecture for Accurate Drug-Target Binding Affinity Prediction.,Xinpo Lou; Jianxiu Cai; Qidong Liu; Shirley W. I. Siu,2025,Journal of Chemical Information and Modeling,,,,,0,0.000,0.000,10.1021/acs.jcim.5c02361,https://www.semanticscholar.org/paper/d7ef893e05555093f2463667e2b964aac214a232,,semantic_scholar,,"In recent years, deep learning techniques have made significant advances in drug-target affinity (DTA) prediction. However, existing models still have considerable room for improvement in prediction accuracy, robustness, and generalization ability. To address these challenges, we present a novel hyb"
111,,Enhancing the MUSE Speech Enhancement Framework with Mamba-Based Architecture and Extended Loss Functions,Tsung-Jung Li; J. Hung,2025,Mathematics,,,,,0,0.000,0.000,10.3390/math13213481,https://www.semanticscholar.org/paper/7a09d0550774f3c8f2757147af57b94a050d5d95,,semantic_scholar,,"We propose MUSE++, an advanced and lightweight speech enhancement (SE) framework that builds upon the original MUSE architecture by introducing three key improvements: a Mamba-based state space model, dynamic SNR-driven data augmentation, and an augmented multi-objective loss function. First, we rep"
112,,From S4 to Mamba: A Comprehensive Survey on Structured State Space Models,Shriyank Somvanshi; Md Monzurul Islam; Mahmuda Sultana Mimi; Sazzad Bin Bashar Polock; Gaurab Chhetri,2025,,,,,,11,0.000,0.000,,https://www.semanticscholar.org/paper/1502a0841ccccc277f948c3ed079257844dc4eb6,,semantic_scholar,,"Recent advancements in sequence modeling have led to the emergence of Structured State Space Models (SSMs) as an efficient alternative to Recurrent Neural Networks (RNNs) and Transformers, addressing challenges in long-range dependency modeling and computational efficiency. While RNNs suffer from va"
113,,"Vision Mamba in Remote Sensing: A Comprehensive Survey of Techniques, Applications and Outlook",Muyi Bao; Shuchang Lyu; Zhaoyang Xu; Huiyu Zhou; Jinchang Ren,2025,arXiv.org,,,,,6,0.000,0.000,10.48550/arXiv.2505.00630,https://www.semanticscholar.org/paper/bca98260c1a54580e960c45d626f4f0bbaed0cb2,,semantic_scholar,,"Deep learning has profoundly transformed remote sensing, yet prevailing architectures like Convolutional Neural Networks (CNNs) and Vision Transformers (ViTs) remain constrained by critical trade-offs: CNNs suffer from limited receptive fields, while ViTs grapple with quadratic computational complex"
114,,"A Comprehensive Survey on Mamba: Architectures, Challenges, and Opportunities",Abdus Salam; Rasel Mahmud; Tohedul Islam; Saddam Mukta; Swakkhar Shatabda,2025,Computer,,,,,0,0.000,0.000,10.1109/MC.2025.3571322,https://www.semanticscholar.org/paper/bf10adc8d18b09ea8745357b7d897a28d73892ca,,semantic_scholar,,"We comprehensively review a preliminary understanding of Mamba and its evolution. We present a taxonomy and provide a detailed architecture description, diving into reviews of existing architecture variants. We also highlight the challenges and open issues confronted by Mamba to inspire future resea"
115,,A Survey on Data Availability in Layer 2 Blockchain Rollups: Open Challenges and Future Improvements,Muhammad Bin Saif; Sara Migliorini; Fausto Spoto,2024,Future Internet,,,,,20,0.000,0.000,10.3390/fi16090315,https://www.semanticscholar.org/paper/f6e72ad720f28cd611074345fe0692d48ccb8125,https://doi.org/10.3390/fi16090315,semantic_scholar,,"Layer 2 solutions have emerged in recent years as a valuable alternative to increase the throughput and scalability of blockchain-based architectures. The three primary types of Layer 2 solutions are state channels, sidechains, and rollups. The rollups are particularly promising, allowing significan"
116,,At the intersection of Numerical Analysis and Spectral Geometry,Nilima Nigam,2025,arXiv,,,,,0,0.000,0.000,,http://arxiv.org/abs/2512.25012v1,https://arxiv.org/pdf/2512.25012v1,arxiv,,"How do the geometric properties of a domain impact the spectrum of an operator defined on it? How do we compute accurate and reliable approximations of these spectra? The former question is studied in spectral geometry, and the latter is a central concern in numerical analysis. In this short exposit"
117,,Manifold classification from the descriptive viewpoint,Jeffrey Bergfalk; Iian B. Smythe,2025,arXiv,,,,,0,0.000,0.000,,http://arxiv.org/abs/2512.24996v1,https://arxiv.org/pdf/2512.24996v1,arxiv,,"We consider classification problems for manifolds and discrete subgroups of Lie groups from a descriptive set-theoretic point of view. This work is largely foundational in conception and character, recording both a framework for general study and Borel complexity computations for some of the most fu"
118,,Modewise Additive Factor Model for Matrix Time Series,Elynn Chen; Yuefeng Han; Jiayu Li; Ke Xu,2025,arXiv,,,,,0,0.000,0.000,,http://arxiv.org/abs/2512.25025v1,https://arxiv.org/pdf/2512.25025v1,arxiv,,"We introduce a Modewise Additive Factor Model (MAFM) for matrix-valued time series that captures row-specific and column-specific latent effects through an additive structure, offering greater flexibility than multiplicative frameworks such as Tucker and CP factor models. In MAFM, each observation d"
119,,Approximation Algorithms for Fair Repetitive Scheduling,Danny Hermelin; Danny Segev; Dvir Shabtay,2025,arXiv,,,,,0,0.000,0.000,,http://arxiv.org/abs/2512.25020v1,https://arxiv.org/pdf/2512.25020v1,arxiv,,"We consider a recently introduced fair repetitive scheduling problem involving a set of clients, each asking for their associated job to be daily scheduled on a single machine across a finite planning horizon. The goal is to determine a job processing permutation for each day, aiming to minimize the"
120,,AMAP Agentic Planning Technical Report,Yulan Hu; Xiangwen Zhang; Sheng Ouyang; Hao Yi; Lu Xu,2025,arXiv,,,,,0,0.000,0.000,,http://arxiv.org/abs/2512.24957v1,https://arxiv.org/pdf/2512.24957v1,arxiv,,"We present STAgent, an agentic large language model tailored for spatio-temporal understanding, designed to solve complex tasks such as constrained point-of-interest discovery and itinerary planning. STAgent is a specialized model capable of interacting with ten distinct tools within spatio-temporal"
121,,Dynamic response phenotypes and model discrimination in systems and synthetic biology,Eduardo D. Sontag,2025,arXiv,,,,,0,0.000,0.000,,http://arxiv.org/abs/2512.24945v1,https://arxiv.org/pdf/2512.24945v1,arxiv,,"Biological systems encode function not primarily in steady states, but in the structure of transient responses elicited by time-varying stimuli. Overshoots, biphasic dynamics, adaptation kinetics, fold-change detection, entrainment, and cumulative exposure effects often determine phenotypic outcomes"
122,,Securing High-Concurrency Ticket Sales: A Framework Based on Microservice,Zhiyong Zhang; Xiaoyan Zhang; Xiaoqi Li,2025,arXiv,,,,,0,0.000,0.000,,http://arxiv.org/abs/2512.24941v1,https://arxiv.org/pdf/2512.24941v1,arxiv,,"The railway ticketing system is one of the most important public service infrastructure. In peak periods such as holidays, it is often faced with the challenge of high concurrency scenarios because of a large number of users accessing at the same time. The traditional aggregation architecture can no"
123,,Iterative Deployment Improves Planning Skills in LLMs,Augusto B. Corrêa; Yoav Gelberg; Luckeciano C. Melo; Ilia Shumailov; André G. Pereira,2025,arXiv,,,,,0,0.000,0.000,,http://arxiv.org/abs/2512.24940v1,https://arxiv.org/pdf/2512.24940v1,arxiv,,"We show that iterative deployment of large language models (LLMs), each fine-tuned on data carefully curated by users from the previous models' deployment, can significantly change the properties of the resultant models. By testing this mechanism on various planning domains, we observe substantial i"
124,,"Vibe Coding, Interface Flattening",Hongrui Jin,2025,arXiv,,,,,0,0.000,0.000,,http://arxiv.org/abs/2512.24939v1,https://arxiv.org/pdf/2512.24939v1,arxiv,,"Large language models are reshaping programming by enabling 'vibe coding': the development of softwares through natural-language interaction with model-driven toolchains. This article argues that vibe coding is best understood as interface flattening, a reconfiguration in which previously distinct m"
125,,Fair Committee Selection under Ordinal Preferences and Limited Cardinal Information,Ameet Gadekar; Aristides Gionis; Suhas Thejaswi; Sijing Tu,2025,arXiv,,,,,0,0.000,0.000,,http://arxiv.org/abs/2512.24934v1,https://arxiv.org/pdf/2512.24934v1,arxiv,,"We study the problem of fair $k$-committee selection under an egalitarian objective. Given $n$ agents partitioned into $m$ groups (\eg, demographic quotas), the goal is to aggregate their preferences to form a committee of size $k$ that guarantees minimum representation from each group while minimiz"
126,,Are First-Order Diffusion Samplers Really Slower? A Fast Forward-Value Approach,Yuchen Jiao; Na Li; Changxiao Cai; Gen Li,2025,arXiv,,,,,0,0.000,0.000,,http://arxiv.org/abs/2512.24927v1,https://arxiv.org/pdf/2512.24927v1,arxiv,,"Higher-order ODE solvers have become a standard tool for accelerating diffusion probabilistic model (DPM) sampling, motivating the widespread view that first-order methods are inherently slower and that increasing discretization order is the primary path to faster generation. This paper challenges t"
127,,High-performance quantum interconnect between bosonic modules beyond transmission loss constraints,Hongwei Huang; Jie Zhou; Weizhou Cai; Weiting Wang; Yilong Zhou,2025,arXiv,,,,,0,0.000,0.000,,http://arxiv.org/abs/2512.24926v1,https://arxiv.org/pdf/2512.24926v1,arxiv,,"Distributed quantum computing architectures require high-performance quantum interconnects between quantum information processing units, while previous implementations have been fundamentally limited by transmission line losses. Here, we demonstrate a low-loss interconnect between two superconductin"
128,,Towards Provably Secure Generative AI: Reliable Consensus Sampling,Yu Cui; Hang Fu; Sicheng Pan; Zhuoyu Sun; Yifei Liu,2025,arXiv,,,,,0,0.000,0.000,,http://arxiv.org/abs/2512.24925v1,https://arxiv.org/pdf/2512.24925v1,arxiv,,Existing research on generative AI security is primarily driven by mutually reinforcing attack and defense methodologies grounded in empirical experience. This dynamic frequently gives rise to previously unknown attacks that can circumvent current detection and prevention. This necessitates the cont
129,,"No Vision, No Wearables: 5G-based 2D Human Pose Recognition with Integrated Sensing and Communications",Haojin Li; Dongzhe Li; Anbang Zhang; Wenqi Zhang; Chen Sun,2025,arXiv,,,,,0,0.000,0.000,,http://arxiv.org/abs/2512.24923v1,https://arxiv.org/pdf/2512.24923v1,arxiv,,"With the increasing maturity of contactless human pose recognition (HPR) technology, indoor interactive applications have raised higher demands for natural, controller-free interaction methods. However, current mainstream HPR solutions relying on vision or radio-frequency (RF) (including WiFi, radar"
130,,Frequent subgraph-based persistent homology for graph classification,Xinyang Chen; Amaël Broustet; Guoting Chen,2025,arXiv,,,,,0,0.000,0.000,,http://arxiv.org/abs/2512.24917v1,https://arxiv.org/pdf/2512.24917v1,arxiv,,"Persistent homology (PH) has recently emerged as a powerful tool for extracting topological features. Integrating PH into machine learning and deep learning models enhances topology awareness and interpretability. However, most PH methods on graphs rely on a limited set of filtrations, such as degre"
131,,AI-Driven Cloud Resource Optimization for Multi-Cluster Environments,Vinoth Punniyamoorthy; Akash Kumar Agarwal; Bikesh Kumar; Abhirup Mazumder; Kabilan Kannan,2025,arXiv,,,,,0,0.000,0.000,,http://arxiv.org/abs/2512.24914v1,https://arxiv.org/pdf/2512.24914v1,arxiv,,"Modern cloud-native systems increasingly rely on multi-cluster deployments to support scalability, resilience, and geographic distribution. However, existing resource management approaches remain largely reactive and cluster-centric, limiting their ability to optimize system-wide behavior under dyna"
132,,Gibbs conditioning principle for log-concave independent random variables,Eric Cator; Pablo A. Ferrari,2025,arXiv,,,,,0,0.000,0.000,,http://arxiv.org/abs/2512.24910v1,https://arxiv.org/pdf/2512.24910v1,arxiv,,"Let $ν_1,ν_2,\dots$ be a sequence of probabilities on the nonnegative integers, and $X=(X_1,X_2, \dots)$ be a sequence of independent random variables $X_i$ with law $ν_i$. For $λ>0$ denote $Z^λ_i:= \sum_x λ^xν_i(x)$ and $λ^{\max}:= \sup\{λ>0: Z^λ_i<\infty \text{ for all }i\}$, and assume $λ^{\max}>"
133,,Stochastic factors can matter: improving robust growth under ergodicity,Balint Binkert; David Itkin; Paul Mangers Bastian; Josef Teichmann,2025,arXiv,,,,,0,0.000,0.000,,http://arxiv.org/abs/2512.24906v1,https://arxiv.org/pdf/2512.24906v1,arxiv,,"Drifts of asset returns are notoriously difficult to model accurately and, yet, trading strategies obtained from portfolio optimization are very sensitive to them. To mitigate this well-known phenomenon we study robust growth-optimization in a high-dimensional incomplete market under drift uncertain"
134,,"FinMMDocR: Benchmarking Financial Multimodal Reasoning with Scenario Awareness, Document Understanding, and Multi-Step Computation",Zichen Tang; Haihong E; Rongjin Li; Jiacheng Liu; Linwei Jia,2025,arXiv,,,,,0,0.000,0.000,,http://arxiv.org/abs/2512.24903v1,https://arxiv.org/pdf/2512.24903v1,arxiv,,"We introduce FinMMDocR, a novel bilingual multimodal benchmark for evaluating multimodal large language models (MLLMs) on real-world financial numerical reasoning. Compared to existing benchmarks, our work delivers three major advancements. (1) Scenario Awareness: 57.9% of 1,200 expert-annotated pro"
135,,Adaptive Resource Orchestration for Distributed Quantum Computing Systems,Kuan-Cheng Chen; Felix Burt; Nitish K. Panigrahy; Kin K. Leung,2025,arXiv,,,,,0,0.000,0.000,,http://arxiv.org/abs/2512.24902v1,https://arxiv.org/pdf/2512.24902v1,arxiv,,Scaling quantum computing beyond a single device requires networking many quantum processing units (QPUs) into a coherent quantum-HPC system. We propose the Modular Entanglement Hub (ModEn-Hub) architecture: a hub-and-spoke photonic interconnect paired with a real-time quantum network orchestrator. 
136,,SoK: Web3 RegTech for Cryptocurrency VASP AML/CFT Compliance,Qian'ang Mao; Jiaxin Wang; Ya Liu; Li Zhu; Jiaman Chen,2025,arXiv,,,,,0,0.000,0.000,,http://arxiv.org/abs/2512.24888v1,https://arxiv.org/pdf/2512.24888v1,arxiv,,The decentralized architecture of Web3 technologies creates fundamental challenges for Anti-Money Laundering and Counter-Financing of Terrorism compliance. Traditional regulatory technology solutions designed for centralized financial systems prove inadequate for blockchain's transparent yet pseudon
137,,BEDA: Belief Estimation as Probabilistic Constraints for Performing Strategic Dialogue Acts,Hengli Li; Zhaoxin Yu; Qi Shen; Chenxi Li; Mengmeng Wang,2025,arXiv,,,,,0,0.000,0.000,,http://arxiv.org/abs/2512.24885v1,https://arxiv.org/pdf/2512.24885v1,arxiv,,"Strategic dialogue requires agents to execute distinct dialogue acts, for which belief estimation is essential. While prior work often estimates beliefs accurately, it lacks a principled mechanism to use those beliefs during generation. We bridge this gap by first formalizing two core acts Adversari"
138,,mHC: Manifold-Constrained Hyper-Connections,Zhenda Xie; Yixuan Wei; Huanqi Cao; Chenggang Zhao; Chengqi Deng,2025,arXiv,,,,,0,0.000,0.000,,http://arxiv.org/abs/2512.24880v1,https://arxiv.org/pdf/2512.24880v1,arxiv,,"Recently, studies exemplified by Hyper-Connections (HC) have extended the ubiquitous residual connection paradigm established over the past decade by expanding the residual stream width and diversifying connectivity patterns. While yielding substantial performance gains, this diversification fundame"
139,,Metallic solid-state hydrogen storage crystals achieved through chemical precompression under ambient conditions,Baiqiang Liu; Chenxi Wan; Rui Liu; Zhen Gong; Jia Fan,2025,arXiv,,,,,0,0.000,0.000,,http://arxiv.org/abs/2512.24876v1,https://arxiv.org/pdf/2512.24876v1,arxiv,,"Improving hydrogen storage density is essential for reducing the extreme conditions required in applications such as nuclear fusion. However, the recognition of metallic hydrogen as the ""Holy Grail"" of high-pressure science highlights the difficulty of high-density hydrogen aggregation. Here, we rep"
140,,"Let It Flow: Agentic Crafting on Rock and Roll, Building the ROME Model within an Open Agentic Learning Ecosystem",Weixun Wang; XiaoXiao Xu; Wanhe An; Fangwen Dai; Wei Gao,2025,arXiv,,,,,0,0.000,0.000,,http://arxiv.org/abs/2512.24873v1,https://arxiv.org/pdf/2512.24873v1,arxiv,,"Agentic crafting requires LLMs to operate in real-world environments over multiple turns by taking actions, observing outcomes, and iteratively refining artifacts. Despite its importance, the open-source community lacks a principled, end-to-end ecosystem to streamline agent development. We introduce"
141,,Latent Twins: A Framework for Scene Recognition and Fast Radiative Transfer Inversion in FORUM All-Sky Observations,Cristina Sgattoni; Luca Sgheri; Matthias Chung; Michele Martinazzo,2025,arXiv,,,,,0,0.000,0.000,,http://arxiv.org/abs/2512.24865v1,https://arxiv.org/pdf/2512.24865v1,arxiv,,"The FORUM (Far-infrared Outgoing Radiation Understanding and Monitoring) mission will provide, for the first time, systematic far-infrared spectral measurements of Earth's outgoing radiation, enabling improved understanding of atmospheric processes and the radiation budget. Retrieving atmospheric st"
142,,OFL-SAM2: Prompt SAM2 with Online Few-shot Learner for Efficient Medical Image Segmentation,Meng Lan; Lefei Zhang; Xiaomeng Li,2025,arXiv,,,,,0,0.000,0.000,,http://arxiv.org/abs/2512.24861v1,https://arxiv.org/pdf/2512.24861v1,arxiv,,"The Segment Anything Model 2 (SAM2) has demonstrated remarkable promptable visual segmentation capabilities in video data, showing potential for extension to medical image segmentation (MIS) tasks involving 3D volumes and temporally correlated 2D image sequences. However, adapting SAM2 to MIS presen"
143,,Advances in Agentic AI: Back to the Future,Sergio Alvarez-Telena; Marta Diez-Fernandez,2025,arXiv,,,,,0,0.000,0.000,,http://arxiv.org/abs/2512.24856v1,https://arxiv.org/pdf/2512.24856v1,arxiv,,"In light of the recent convergence between Agentic AI and our field of Algorithmization, this paper seeks to restore conceptual clarity and provide a structured analytical framework for an increasingly fragmented discourse. First, (a) it examines the contemporary landscape and proposes precise defin"
144,,VLN-MME: Diagnosing MLLMs as Language-guided Visual Navigation agents,Xunyi Zhao; Gengze Zhou; Qi Wu,2025,arXiv,,,,,0,0.000,0.000,,http://arxiv.org/abs/2512.24851v1,https://arxiv.org/pdf/2512.24851v1,arxiv,,"Multimodal Large Language Models (MLLMs) have demonstrated remarkable capabilities across a wide range of vision-language tasks. However, their performance as embodied agents, which requires multi-round dialogue spatial reasoning and sequential action prediction, needs further exploration. Our work "
145,,PrivacyBench: A Conversational Benchmark for Evaluating Privacy in Personalized AI,Srija Mukhopadhyay; Sathwik Reddy; Shruthi Muthukumar; Jisun An; Ponnurangam Kumaraguru,2025,arXiv,,,,,0,0.000,0.000,,http://arxiv.org/abs/2512.24848v1,https://arxiv.org/pdf/2512.24848v1,arxiv,,"Personalized AI agents rely on access to a user's digital footprint, which often includes sensitive data from private emails, chats and purchase histories. Yet this access creates a fundamental societal and privacy risk: systems lacking social-context awareness can unintentionally expose user secret"
146,,Scalable Stellar Parameter Inference Using Python-based LASP: From CPU Optimization to GPU Acceleration,Jun-Chao Liang; Yin-Bi Li; A-Li Luo; Fang Zuo; Bing Du,2025,arXiv,,,,,0,0.000,0.000,10.3847/1538-4357/ae1446,http://arxiv.org/abs/2512.24840v1,https://arxiv.org/pdf/2512.24840v1,arxiv,,"To enhance the efficiency, scalability, and cross-survey applicability of stellar parameter inference in large spectroscopic datasets, we present a modular, parallelized Python framework with automated error estimation, built on the LAMOST Atmospheric Parameter Pipeline (LASP) originally implemented"
147,,CropTrack: A Tracking with Re-Identification Framework for Precision Agriculture,Md Ahmed Al Muzaddid; Jordan A. James; William J. Beksi,2025,arXiv,,,,,0,0.000,0.000,,http://arxiv.org/abs/2512.24838v1,https://arxiv.org/pdf/2512.24838v1,arxiv,,"Multiple-object tracking (MOT) in agricultural environments presents major challenges due to repetitive patterns, similar object appearances, sudden illumination changes, and frequent occlusions. Contemporary trackers in this domain rely on the motion of objects rather than appearance for associatio"
148,,GenZ: Foundational models as latent variable generators within traditional statistical models,Marko Jojic; Nebojsa Jojic,2025,arXiv,,,,,0,0.000,0.000,,http://arxiv.org/abs/2512.24834v1,https://arxiv.org/pdf/2512.24834v1,arxiv,,"We present GenZ, a hybrid model that bridges foundational models and statistical modeling through interpretable semantic features. While large language models possess broad domain knowledge, they often fail to capture dataset-specific patterns critical for prediction tasks. Our approach addresses th"
149,,Discovering Coordinated Joint Options via Inter-Agent Relative Dynamics,Raul D. Steleac; Mohan Sridharan; David Abel,2025,arXiv,,,,,0,0.000,0.000,,http://arxiv.org/abs/2512.24827v1,https://arxiv.org/pdf/2512.24827v1,arxiv,,"Temporally extended actions improve the ability to explore and plan in single-agent settings. In multi-agent settings, the exponential growth of the joint state space with the number of agents makes coordinated behaviours even more valuable. Yet, this same exponential growth renders the design of mu"
150,,Video and Language Alignment in 2D Systems for 3D Multi-object Scenes with Multi-Information Derivative-Free Control,Jason Armitage; Rico Sennnrich,2025,arXiv,,,,,0,0.000,0.000,,http://arxiv.org/abs/2512.24826v1,https://arxiv.org/pdf/2512.24826v1,arxiv,,Cross-modal systems trained on 2D visual inputs are presented with a dimensional shift when processing 3D scenes. An in-scene camera bridges the dimensionality gap but requires learning a control module. We introduce a new method that improves multivariate mutual information estimates by regret mini
151,,Practising responsibility: Ethics in NLP as a hands-on course,Malvina Nissim; Viviana Patti; Beatrice Savoldi,2025,arXiv,,,,,0,0.000,0.000,,http://arxiv.org/abs/2512.24825v1,https://arxiv.org/pdf/2512.24825v1,arxiv,,"As Natural Language Processing (NLP) systems become more pervasive, integrating ethical considerations into NLP education has become essential. However, this presents inherent challenges in curriculum development: the field's rapid evolution from both academia and industry, and the need to foster cr"
152,,DTI-GP: Bayesian operations for drug-target interactions using deep kernel Gaussian processes,Bence Bolgár; András Millinghoffer; Péter Antal,2025,arXiv,,,,,0,0.000,0.000,,http://arxiv.org/abs/2512.24810v1,https://arxiv.org/pdf/2512.24810v1,arxiv,,"Precise probabilistic information about drug-target interaction (DTI) predictions is vital for understanding limitations and boosting predictive performance. Gaussian processes (GP) offer a scalable framework to integrate state-of-the-art DTI representations and Bayesian inference, enabling novel op"
153,,"Sidelink Positioning: Standardization Advancements, Challenges and Opportunities",Yuan Gao; Guangjin Pan; Zhiyong Zhong; Zhengyu Jin; Yichen Hu,2025,arXiv,,,,,0,0.000,0.000,,http://arxiv.org/abs/2512.24803v1,https://arxiv.org/pdf/2512.24803v1,arxiv,,"With the integration of cellular networks in vertical industries that demand precise location information, such as vehicle-to-everything (V2X), public safety, and Industrial Internet of Things (IIoT), positioning has become an imperative component for future wireless networks. By exploiting a wider "
154,,Self-Supervised Neural Architecture Search for Multimodal Deep Neural Networks,Shota Suzuki; Satoshi Ono,2025,arXiv,,,,,0,0.000,0.000,10.1587/transinf.2024EDL8018,http://arxiv.org/abs/2512.24793v1,https://arxiv.org/pdf/2512.24793v1,arxiv,,"Neural architecture search (NAS), which automates the architectural design process of deep neural networks (DNN), has attracted increasing attention. Multimodal DNNs that necessitate feature fusion from multiple modalities benefit from NAS due to their structural complexity; however, constructing an"
155,,Digitalizing Over-the-Air Computation via The Novel Complement Coded Modulation,Zhixu Wang; Jiacheng Yao; Wei Xu; Wei Shi; Kaibin Huang,2025,arXiv,,,,,0,0.000,0.000,,http://arxiv.org/abs/2512.24788v1,https://arxiv.org/pdf/2512.24788v1,arxiv,,"To overcome inherent limitations of analog signals in over-the-air computation (AirComp), this letter proposes a two's complement-based coding scheme for the AirComp implementation with compatible digital modulations. Specifically, quantized discrete values are encoded into binary sequences using th"
156,,HiGR: Efficient Generative Slate Recommendation via Hierarchical Planning and Multi-Objective Preference Alignment,Yunsheng Pang; Zijian Liu; Yudong Li; Shaojie Zhu; Zijian Luo,2025,arXiv,,,,,0,0.000,0.000,,http://arxiv.org/abs/2512.24787v1,https://arxiv.org/pdf/2512.24787v1,arxiv,,"Slate recommendation, where users are presented with a ranked list of items simultaneously, is widely adopted in online platforms. Recent advances in generative models have shown promise in slate recommendation by modeling sequences of discrete semantic IDs autoregressively. However, existing autore"
157,,A Dual-Tuned Concentric Multimodal RF Coil for 7T 1H/31P MRSI: Concurrently Enhancing B1 Efficiency Over Single-Tuned References,Yunkun Zhao; Xiaoliang Zhang,2025,arXiv,,,,,0,0.000,0.000,,http://arxiv.org/abs/2512.24786v1,https://arxiv.org/pdf/2512.24786v1,arxiv,,"This study presents the design, simulation, and experimental validation of a dual-tuned concentric multimodal surface coil for 7T 1H/31P magnetic resonance spectroscopic imaging (MRSI), developed to significantly enhance 31P B1 efficiency while improving 1H performance. The coil architecture utilize"
158,,Gradient Descent as Implicit EM in Distance-Based Neural Models,Alan Oursland,2025,arXiv,,,,,0,0.000,0.000,,http://arxiv.org/abs/2512.24780v1,https://arxiv.org/pdf/2512.24780v1,arxiv,,"Neural networks trained with standard objectives exhibit behaviors characteristic of probabilistic inference: soft clustering, prototype specialization, and Bayesian uncertainty tracking. These phenomena appear across architectures -- in attention mechanisms, classification heads, and energy-based m"
159,,Structured Production Systems: Viability,Robert P. Gilles; Marialaura Pesce,2025,arXiv,,,,,0,0.000,0.000,,http://arxiv.org/abs/2512.24777v1,https://arxiv.org/pdf/2512.24777v1,arxiv,,This paper introduces a novel framework for analysing equilibrium in structured production systems incorporating a static social division of labour by distinguishing between consumption goods traded in competitive markets and intermediate goods exchanged through bilateral relationships. We develop t
160,,Compute-Accuracy Pareto Frontiers for Open-Source Reasoning Large Language Models,Ákos Prucs; Márton Csutora; Mátyás Antal; Márk Marosi,2025,arXiv,,,,,0,0.000,0.000,,http://arxiv.org/abs/2512.24776v1,https://arxiv.org/pdf/2512.24776v1,arxiv,,"Large Language Models (LLMs) are demonstrating rapid improvements on complex reasoning benchmarks, particularly when allowed to utilize intermediate reasoning steps before converging on a final solution. However, current literature often overlooks the significant computational burden associated with"
161,,Uncertainty-aware Semi-supervised Ensemble Teacher Framework for Multilingual Depression Detection,Mohammad Zia Ur Rehman; Velpuru Navya; Sanskar; Shuja Uddin Qureshi; Nagendra Kumar,2025,arXiv,,,,,0,0.000,0.000,,http://arxiv.org/abs/2512.24772v1,https://arxiv.org/pdf/2512.24772v1,arxiv,,"Detecting depression from social media text is still a challenging task. This is due to different language styles, informal expression, and the lack of annotated data in many languages. To tackle these issues, we propose, Semi-SMDNet, a strong Semi-Supervised Multilingual Depression detection Networ"
162,,LUNCH: A Lightweight Unified Deep-Learning Framework for General Transients Classification in High-Energy Time-Domain Astronomy,Peng Zhang; Chen-Wei Wang; Zheng-Hang Yu; Ren-Zhou Gui; Shao-Lin Xiong,2025,arXiv,,,,,0,0.000,0.000,,http://arxiv.org/abs/2512.24764v1,https://arxiv.org/pdf/2512.24764v1,arxiv,,"The increasing data volume of high-energy space monitors necessitates real-time, automated transient classification for multi-messenger follow-up. Conventional methods rely on empirical features like hardness ratios and reliable localization, which are not always precisely available during early det"
163,,UniC-Lift: Unified 3D Instance Segmentation via Contrastive Learning,Ankit Dhiman; Srinath R; Jaswanth Reddy; Lokesh R Boregowda; Venkatesh Babu Radhakrishnan,2025,arXiv,,,,,0,0.000,0.000,,http://arxiv.org/abs/2512.24763v1,https://arxiv.org/pdf/2512.24763v1,arxiv,,"3D Gaussian Splatting (3DGS) and Neural Radiance Fields (NeRF) have advanced novel-view synthesis. Recent methods extend multi-view 2D segmentation to 3D, enabling instance/semantic segmentation for better scene understanding. A key challenge is the inconsistency of 2D instance labels across views, "
164,,OpenOneRec Technical Report,Guorui Zhou; Honghui Bao; Jiaming Huang; Jiaxin Deng; Jinghao Zhang,2025,arXiv,,,,,0,0.000,0.000,,http://arxiv.org/abs/2512.24762v1,https://arxiv.org/pdf/2512.24762v1,arxiv,,"While the OneRec series has successfully unified the fragmented recommendation pipeline into an end-to-end generative framework, a significant gap remains between recommendation systems and general intelligence. Constrained by isolated data, they operate as domain specialists-proficient in pattern m"
165,,Essential Principles and Practices in X-ray Photoelectron Spectroscopy,Jan Čechal,2025,arXiv,,,,,0,0.000,0.000,,http://arxiv.org/abs/2512.24756v1,https://arxiv.org/pdf/2512.24756v1,arxiv,,"X-ray Photoelectron Spectroscopy (XPS) is a widely utilized technique for chemical analysis of solid surfaces, sensitive to the chemical environment of atoms via core-level binding energy shifts. While modern instruments allow obtaining the experimental data with ease, their evaluation and interpret"
166,,Trustworthy Equipment Monitoring via Cascaded Anomaly Detection and Thermal Localization,Sungwoo Kang,2025,arXiv,,,,,0,0.000,0.000,,http://arxiv.org/abs/2512.24755v1,https://arxiv.org/pdf/2512.24755v1,arxiv,,"Predictive maintenance demands accurate anomaly detection and trustable explanations. Although multimodal fusion of sensor time-series and thermal imagery shows promise, we demonstrate that naive fusion strategies can paradoxically degrade performance. This paper introduces a Cascaded Anomaly Detect"
167,,AstroReview: An LLM-driven Multi-Agent Framework for Telescope Proposal Peer Review and Refinement,Yutong Wang; Yunxiang Xiao; Yonglin Tian; Junyong Li; Jing Wang,2025,arXiv,,,,,0,0.000,0.000,,http://arxiv.org/abs/2512.24754v1,https://arxiv.org/pdf/2512.24754v1,arxiv,,"Competitive access to modern observatories has intensified as proposal volumes outpace available telescope time, making timely, consistent, and transparent peer review a critical bottleneck for the advancement of astronomy. Automating parts of this process is therefore both scientifically significan"
168,,Analyzing Communication Predictability in LLM Training,Wenxue Li; Xiangzhou Liu; Yuxuan Li; Yilun Jin; Zhenghang Ren,2025,arXiv,,,,,0,0.000,0.000,,http://arxiv.org/abs/2512.24750v1,https://arxiv.org/pdf/2512.24750v1,arxiv,,"Effective communication is essential in distributed training, with predictability being one of its most significant characteristics. However, existing studies primarily focus on exploiting predictability through online profiling for runtime optimization, without a systematic understanding of it. In "
169,,Fairness-Aware Insurance Pricing: A Multi-Objective Optimization Approach,Tim J. Boonen; Xinyue Fan; Zixiao Quan,2025,arXiv,,,,,0,0.000,0.000,,http://arxiv.org/abs/2512.24747v1,https://arxiv.org/pdf/2512.24747v1,arxiv,,"Machine learning improves predictive accuracy in insurance pricing but exacerbates trade-offs between competing fairness criteria across different discrimination measures, challenging regulators and insurers to reconcile profitability with equitable outcomes. While existing fairness-aware models off"
170,,Control of Microrobots with Reinforcement Learning under On-Device Compute Constraints,Yichen Liu; Kesava Viswanadha; Zhongyu Li; Nelson Lojo; Kristofer S. J. Pister,2025,arXiv,,,,,0,0.000,0.000,,http://arxiv.org/abs/2512.24740v1,https://arxiv.org/pdf/2512.24740v1,arxiv,,"An important function of autonomous microrobots is the ability to perform robust movement over terrain. This paper explores an edge ML approach to microrobot locomotion, allowing for on-device, lower latency control under compute, memory, and power constraints. This paper explores the locomotion of "
171,,SLM-TTA: A Framework for Test-Time Adaptation of Generative Spoken Language Models,Yuan-Kuei Wu; Yang Liu; Yiteng Huang; Zhaojun Yang; Haibin Wu,2025,arXiv,,,,,0,0.000,0.000,,http://arxiv.org/abs/2512.24739v1,https://arxiv.org/pdf/2512.24739v1,arxiv,,"Spoken Language Models (SLMs) are increasingly central to modern speech-driven applications, but performance degrades under acoustic shift - real-world noise, reverberation, and microphone variation. Prior solutions rely on offline domain adaptation, which is post-hoc, data-intensive, and slow. We i"
172,,BIOME-Bench: A Benchmark for Biomolecular Interaction Inference and Multi-Omics Pathway Mechanism Elucidation from Scientific Literature,Sibo Wei; Peng Chen; Lifeng Dong; Yin Luo; Lei Wang,2025,arXiv,,,,,0,0.000,0.000,,http://arxiv.org/abs/2512.24733v1,https://arxiv.org/pdf/2512.24733v1,arxiv,,"Multi-omics studies often rely on pathway enrichment to interpret heterogeneous molecular changes, but pathway enrichment (PE)-based workflows inherit structural limitations of pathway resources, including curation lag, functional redundancy, and limited sensitivity to molecular states and intervent"
173,,Beam-Squint-Aided Hierarchical Sensing for Integrated Sensing and Communications with Uniform Planar Arrays,Jaehong Jo; Jihun Park; Yo-Seb Jeon; H. Vincent Poor,2025,arXiv,,,,,0,0.000,0.000,,http://arxiv.org/abs/2512.24727v1,https://arxiv.org/pdf/2512.24727v1,arxiv,,"In this paper, we propose a novel hierarchical sensing framework for wideband integrated sensing and communications with uniform planar arrays (UPAs). Leveraging the beam-squint effect inherent in wideband orthogonal frequency-division multiplexing (OFDM) systems, the proposed framework enables effi"
174,,Scalable ultrafast random bit generation using wideband chaos-based entropy sources,Chin-Hao Tseng; Atsushi Uchida; Sheng-Kwang Hwang,2025,arXiv,,,,,0,0.000,0.000,,http://arxiv.org/abs/2512.24716v1,https://arxiv.org/pdf/2512.24716v1,arxiv,,The exponential growth of data transmission and processing speeds in modern digital infrastructure requires entropy sources capable of producing large volumes of true randomness for information security. Chaotic emissions from semiconductor lasers are attractive in this context because of their fast
175,,Boundary error control for numerical solution of BSDEs by the convolution-FFT method,Xiang Gao; Cody Hyndman,2025,arXiv,,,,,0,0.000,0.000,,http://arxiv.org/abs/2512.24714v1,https://arxiv.org/pdf/2512.24714v1,arxiv,,"We first review the convolution fast-Fourier-transform (CFFT) approach for the numerical solution of backward stochastic differential equations (BSDEs) introduced in (Hyndman and Oyono Ngou, 2017). We then propose a method for improving the boundary errors obtained when valuing options using this ap"
176,,FPGA Co-Design for Efficient N:M Sparse and Quantized Model Inference,Fen-Yu Hsieh; Yun-Chang Teng; Ding-Yong Hong; Jan-Jan Wu,2025,arXiv,,,,,0,0.000,0.000,,http://arxiv.org/abs/2512.24713v1,https://arxiv.org/pdf/2512.24713v1,arxiv,,"Large language models (LLMs) have demonstrated remarkable performance across a wide range of language processing tasks. However, this success comes at the cost of substantial computation and memory requirements, which significantly impedes their deployment in resource-constrained environments. To ad"
177,,Causal Discovery with Mixed Latent Confounding via Precision Decomposition,Amir Asiaee; Samhita Pal; James O'quinn; James P. Long,2025,arXiv,,,,,0,0.000,0.000,,http://arxiv.org/abs/2512.24696v1,https://arxiv.org/pdf/2512.24696v1,arxiv,,"We study causal discovery from observational data in linear Gaussian systems affected by \emph{mixed latent confounding}, where some unobserved factors act broadly across many variables while others influence only small subsets. This setting is common in practice and poses a challenge for existing m"
178,,Nested Learning: The Illusion of Deep Learning Architectures,Ali Behrouz; Meisam Razaviyayn; Peilin Zhong; Vahab Mirrokni,2025,arXiv,,,,,0,0.000,0.000,,http://arxiv.org/abs/2512.24695v1,https://arxiv.org/pdf/2512.24695v1,arxiv,,"Despite the recent progresses, particularly in developing Language Models, there are fundamental challenges and unanswered questions about how such models can continually learn/memorize, self-improve, and find effective solutions. In this paper, we present a new learning paradigm, called Nested Lear"
179,,Mobility-Assisted Decentralized Federated Learning: Convergence Analysis and A Data-Driven Approach,Reza Jahani; Md Farhamdur Reza; Richeng Jin; Huaiyu Dai,2025,arXiv,,,,,0,0.000,0.000,,http://arxiv.org/abs/2512.24694v1,https://arxiv.org/pdf/2512.24694v1,arxiv,,"Decentralized Federated Learning (DFL) has emerged as a privacy-preserving machine learning paradigm that enables collaborative training among users without relying on a central server. However, its performance often degrades significantly due to limited connectivity and data heterogeneity. As we mo"
180,,ReSPIRe: Informative and Reusable Belief Tree Search for Robot Probabilistic Search and Tracking in Unknown Environments,Kangjie Zhou; Zhaoyang Li; Han Gao; Yao Su; Hangxin Liu,2025,arXiv,,,,,0,0.000,0.000,10.1109/TSMC.2025.3636589,http://arxiv.org/abs/2512.24680v1,https://arxiv.org/pdf/2512.24680v1,arxiv,,"Target search and tracking (SAT) is a fundamental problem for various robotic applications such as search and rescue and environmental exploration. This paper proposes an informative trajectory planning approach, namely ReSPIRe, for SAT in unknown cluttered environments under considerably inaccurate"
181,,Multi-modal cross-domain mixed fusion model with dual disentanglement for fault diagnosis under unseen working conditions,Pengcheng Xia; Yixiang Huang; Chengjin Qin; Chengliang Liu,2025,arXiv,,,,,0,0.000,0.000,,http://arxiv.org/abs/2512.24679v1,https://arxiv.org/pdf/2512.24679v1,arxiv,,"Intelligent fault diagnosis has become an indispensable technique for ensuring machinery reliability. However, existing methods suffer significant performance decline in real-world scenarios where models are tested under unseen working conditions, while domain adaptation approaches are limited to th"
182,,A New Decomposition Paradigm for Graph-structured Nonlinear Programs via Message Passing,Kuangyu Ding; Marie Maros; Gesualdo Scutari,2025,arXiv,,,,,0,0.000,0.000,,http://arxiv.org/abs/2512.24676v1,https://arxiv.org/pdf/2512.24676v1,arxiv,,"We study finite-sum nonlinear programs whose decision variables interact locally according to a graph or hypergraph. We propose MP-Jacobi (Message Passing-Jacobi), a graph-compliant decentralized framework that couples min-sum message passing with Jacobi block updates. The (hyper)graph is partitione"
183,,"An Adaptive, Disentangled Representation for Multidimensional MRI Reconstruction",Ruiyang Zhao; Fan Lam,2025,arXiv,,,,,0,0.000,0.000,,http://arxiv.org/abs/2512.24674v1,https://arxiv.org/pdf/2512.24674v1,arxiv,,"We present a new approach for representing and reconstructing multidimensional magnetic resonance imaging (MRI) data. Our method builds on a novel, learned feature-based image representation that disentangles different types of features, such as geometry and contrast, into distinct low-dimensional l"
184,,VLA-RAIL: A Real-Time Asynchronous Inference Linker for VLA Models and Robots,Yongsheng Zhao; Lei Zhao; Baoping Cheng; Gongxin Yao; Xuanzhang Wen,2025,arXiv,,,,,0,0.000,0.000,,http://arxiv.org/abs/2512.24673v1,https://arxiv.org/pdf/2512.24673v1,arxiv,,"Vision-Language-Action (VLA) models have achieved remarkable breakthroughs in robotics, with the action chunk playing a dominant role in these advances. Given the real-time and continuous nature of robotic motion control, the strategies for fusing a queue of successive action chunks have a profound "
185,,HeteroHBA: A Generative Structure-Manipulating Backdoor Attack on Heterogeneous Graphs,Honglin Gao; Lan Zhao; Junhao Ren; Xiang Li; Gaoxi Xiao,2025,arXiv,,,,,0,0.000,0.000,,http://arxiv.org/abs/2512.24665v1,https://arxiv.org/pdf/2512.24665v1,arxiv,,"Heterogeneous graph neural networks (HGNNs) have achieved strong performance in many real-world applications, yet targeted backdoor poisoning on heterogeneous graphs remains less studied. We consider backdoor attacks for heterogeneous node classification, where an adversary injects a small set of tr"
186,,Do Large Language Models Know What They Are Capable Of?,Casey O. Barkan; Sid Black; Oliver Sourbut,2025,arXiv,,,,,0,0.000,0.000,,http://arxiv.org/abs/2512.24661v1,https://arxiv.org/pdf/2512.24661v1,arxiv,,We investigate whether large language models (LLMs) can predict whether they will succeed on a given task and whether their predictions improve as they progress through multi-step tasks. We also investigate whether LLMs can learn from in-context experiences to make better decisions about whether to 
187,,Hierarchical Online Optimization Approach for IRS-enabled Low-altitude MEC in Vehicular Networks,Yixian Wang; Geng Sun; Zemin Sun; Jiacheng Wang; Changyuan Zhao,2025,arXiv,,,,,0,0.000,0.000,,http://arxiv.org/abs/2512.24659v1,https://arxiv.org/pdf/2512.24659v1,arxiv,,"In this paper, we propose an intelligent reflecting surface (IRS)-enabled low-altitude multi-access edge computing (MEC) architecture, where an aerial MEC server cooperates with a terrestrial MEC server to provide computing services, while hybrid IRSs (i.e., building-installed and UAV-carried IRSs) "
188,,Characterizing Bugs and Quality Attributes in Quantum Software: A Large-Scale Empirical Study,Mir Mohammad Yousuf; Shabir Ahmad Sofi,2025,arXiv,,,,,0,0.000,0.000,,http://arxiv.org/abs/2512.24656v1,https://arxiv.org/pdf/2512.24656v1,arxiv,,"Quantum Software Engineering (QSE) is essential for ensuring the reliability and maintainability of hybrid quantum-classical systems, yet empirical evidence on how bugs emerge and affect quality in real-world quantum projects remains limited. This study presents the first ecosystem-scale longitudina"
189,,Practical Traceable Over-Threshold Multi-Party Private Set Intersection,Le Yang; Weijing You; Huiyang He; Kailiang Ji; Jingqiang Lin,2025,arXiv,,,,,0,0.000,0.000,,http://arxiv.org/abs/2512.24652v1,https://arxiv.org/pdf/2512.24652v1,arxiv,,"Multi-Party Private Set Intersection (MP-PSI) with threshold enhances the flexibility of MP-PSI by disclosing elements present in at least $t$ participants' sets, rather than requiring elements to appear in all $n$ sets. In scenarios where each participant is responsible for its dataset, e.g., digit"
190,,Quantum Computing Inspired Approach for Self-Avoiding Walk (SAWs): 2D lattice and 3D lattice SAWs for single chain enumeration,Hemant Mishra; Shubham Singh; Rajeev Singh; Amit Raj Singh,2025,arXiv,,,,,0,0.000,0.000,,http://arxiv.org/abs/2512.24648v1,https://arxiv.org/pdf/2512.24648v1,arxiv,,"We investigate the application of quantum computing algorithms to enhance the efficiency of enumerating self-avoiding walks (SAWs), utilizing quantum properties such as superposition and interference. A Quantum Amplitude Estimation (QAE)-based algorithm is developed to enumerate SAWs on both 2D and "
191,,AudioFab: Building A General and Intelligent Audio Factory through Tool Learning,Cheng Zhu; Jing Han; Qianshuai Xue; Kehan Wang; Huan Zhao,2025,arXiv,,,,,0,0.000,0.000,10.1145/3746027.3756869,http://arxiv.org/abs/2512.24645v1,https://arxiv.org/pdf/2512.24645v1,arxiv,,"Currently, artificial intelligence is profoundly transforming the audio domain; however, numerous advanced algorithms and tools remain fragmented, lacking a unified and efficient framework to unlock their full potential. Existing audio agent frameworks often suffer from complex environment configura"
192,,Vapor-solid-solid growth of single-walled carbon nanotubes,Daniel Hedman,2025,arXiv,,,,,0,0.000,0.000,,http://arxiv.org/abs/2512.24644v1,https://arxiv.org/pdf/2512.24644v1,arxiv,,"Single-walled carbon nanotubes are one-dimensional $sp^2$ carbon materials whose electronic and optical properties are governed by their chirality. Catalytic chemical vapor deposition often uses transition-metal nanoparticles that liquefy at elevated temperature, and vapor-liquid-solid growth is com"
193,,Speech Separation Using Advanced Deep Neural Network Methods: A Recent Survey,Wang Zeng; Zhongqiang Luo,2025,Big Data and Cognitive Computing,,,,,0,0.000,0.000,10.3390/bdcc9110289,https://openalex.org/W4416228055,https://doi.org/10.3390/bdcc9110289,openalex,,"Speech separation, as an important research direction in audio signal processing, has been widely studied by the academic community since its emergence in the mid-1990s. In recent years, with the rapid development of deep neural network technology, speech processing based on deep neural networks has"
194,,A Method for Sesame (Sesamum indicum L.) Organ Segmentation and Phenotypic Parameter Extraction Based on CAVF-PointNet++,Xinyuan Wei; Qiang Wang; Kaixuan Li; Wuping Zhang,2025,Plants,,,,,0,0.000,0.000,10.3390/plants14182898,https://openalex.org/W4414329059,https://www.mdpi.com/2223-7747/14/18/2898/pdf?version=1758241430,openalex,,"Efficient and non-destructive extraction of organ-level phenotypic parameters of sesame (Sesamum indicum L.) plants is a key bottleneck in current sesame phenotyping research. To address this issue, this study proposes a method for organ segmentation and phenotypic parameter extraction based on CAVF"
195,,A Multi-Scale Feature Fusion Dual-Branch Mamba-CNN Network for Landslide Extraction,Zhiqing Yang; Zhang Hua; Nanshan Zheng,2025,Applied Sciences,,,,,0,0.000,0.000,10.3390/app151810063,https://openalex.org/W4414179379,https://www.mdpi.com/2076-3417/15/18/10063/pdf?version=1757930417,openalex,,"Automatically extracting landslide regions from remote sensing images plays a vital role in the landslide inventory compilation. However, this task remains challenging due to the considerable diversity of landslides in terms of morphology, triggering mechanisms, and internal structure. Thanks to its"
196,,"The Five Ws of Multi-Agent Communication: Who Talks to Whom, When, What, and Why - A Survey from MARL to Emergent Language and LLMs",Jingdi Chen; Hanqing Yang; Z Liu; Vincent W. S. Wong,2025,,,,,,0,0.000,0.000,10.36227/techrxiv.175760290.08279849/v1,https://openalex.org/W4414123240,https://www.techrxiv.org/doi/pdf/10.36227/techrxiv.175760290.08279849/v1,openalex,,
197,,Effects of Surface Morphology on Mesoporous Silicon-Modified Nanofiltration Membranes for High Rejection Performances,Ying Ding; Aifang Ding; Yuqing Liu; Dong Liu,2025,Membranes,,,,,0,0.000,0.000,10.3390/membranes15090274,https://openalex.org/W4414099179,https://www.mdpi.com/2077-0375/15/9/274/pdf?version=1757493520,openalex,,A novel approach was developed in this work in which composite nanofiltration (NF) membranes were directly and efficiently fabricated with control of the membrane pore structure and surface morphology. The fabrication of mesoporous silicon-modified polysulfone blend membranes is achieved via a phase
198,,High-Resolution Remote Sensing Imagery Water Body Extraction Using a U-Net with Cross-Layer Multi-Scale Attention Fusion,Chunyan Huang; Mingyang Wang; Zichao Zhu; Yanling Li,2025,Sensors,,,,,0,0.000,0.000,10.3390/s25185655,https://openalex.org/W4414151906,https://www.mdpi.com/1424-8220/25/18/5655/pdf?version=1757513728,openalex,,"The accurate extraction of water bodies from remote sensing imagery is crucial for water resource monitoring and flood disaster warning. However, this task faces significant challenges due to complex land cover, large variations in water body morphology and spatial scales, and spectral similarities "
199,,From Divergence to Alignment: Evaluating the Role of Large Language Models in Facilitating Agreement Through Adaptive Strategies,Loukas Triantafyllopoulos; Dimitris Kalles,2025,Future Internet,,,,,0,0.000,0.000,10.3390/fi17090407,https://openalex.org/W4414063881,https://www.mdpi.com/1999-5903/17/9/407/pdf?version=1757143877,openalex,,"Achieving consensus in group decision-making often involves overcoming significant challenges, particularly reconciling diverse perspectives and mitigating biases hindering agreement. Traditional methods relying on human facilitators are usually constrained by scalability and efficiency, especially "
200,,SensorChat: Answering Qualitative and Quantitative Questions during Long-term Multimodal Sensor Interactions,Xiaofan Yu; Lanxiang Hu; B. Reichman; Dong Chu; Rushil Chandrupatla,2025,Proceedings of the ACM on Interactive Mobile Wearable and Ubiquitous Technologies,,,,,0,0.000,0.000,10.1145/3749496,https://openalex.org/W4413968594,https://dl.acm.org/doi/pdf/10.1145/3749496,openalex,,"Natural language interaction with sensing systems is crucial for addressing users' personal concerns and providing health-related insights into their daily lives. When a user asks a question, the system automatically analyzes the full history of sensor data, extracts relevant information, and genera"
201,,Large-vocabulary segmentation for medical images with text prompts,Ziheng Zhao; Yao Zhang; Chaoyi Wu; Xiaoman Zhang; Xiao‐Hua Zhou,2025,npj Digital Medicine,,,,,5,0.000,0.000,10.1038/s41746-025-01964-w,https://openalex.org/W4413903357,https://www.nature.com/articles/s41746-025-01964-w.pdf,openalex,,
202,,Multi-Object Tracking with Integrated Appearance and Mamba-Based Motion Features,Changhao Zhou; Xun Duan; Dawei Zu; Guangqian Kong,2025,,,,,,0,0.000,0.000,10.21203/rs.3.rs-7318459/v1,https://openalex.org/W4413912080,https://www.researchsquare.com/article/rs-7318459/latest.pdf,openalex,,"<title>Abstract</title> Multi-object tracking plays a vital role in computer vision, widely applied in various applications, such as surveillance, autonomous driving, and video analytics. In real-world scenarios, fast object motion and frequent occlusions often lead to blurred or missing appearance "
203,,A Lightweight YOLOv11n-Based Framework for Highway Pavement Distress Detection Under Occlusion Conditions,Wei Li; Xiao Luo; Yang Chang-hao; Meilin Fang; Weiyu Liu,2025,Applied Sciences,,,,,0,0.000,0.000,10.3390/app15179664,https://openalex.org/W4413958122,https://www.mdpi.com/2076-3417/15/17/9664/pdf?version=1756817481,openalex,,"In response to the three main challenges in lightweight road pavement defect detection models—insufficient feature discriminability, weak environmental robustness, and low edge deployment efficiency—this paper proposes an innovative architecture, RS-YOLOv11n, based on YOLOv11n. Experimental results "
204,,"Place recognition meet multiple modalities: a comprehensive review, current challenges and future development",Zhenyu Li; Tao Shang; Pengjie Xu; Zhaojun Deng,2025,Artificial Intelligence Review,,,,,1,0.000,0.000,10.1007/s10462-025-11367-8,https://openalex.org/W4413837796,https://link.springer.com/content/pdf/10.1007/s10462-025-11367-8.pdf,openalex,,
205,,"Overparametrization, Regularization, Identifiability and Uncertainty in Machine Learning",Nicolò Cesa‐Bianchi; Philipp Hennig; Andreas Krause; Ulrike von Luxburg,2025,Oberwolfach Reports,,,,,0,0.000,0.000,10.4171/owr/2025/4,https://openalex.org/W4413812889,https://ems.press/content/serial-article-files/51348,openalex,,"In machine learning, a field addressing the extraction of information and structure from finite data with the means of computer science and mathematics, maps from finite-dimensional spaces of data or computations into spaces of higher, or infinite dimensionality are a central theme. The workshop bro"
206,,AlzheimerRAG: Multimodal Retrieval-Augmented Generation for Clinical Use Cases,Aritra Kumar Lahiri; Qinmin Hu,2025,Machine Learning and Knowledge Extraction,,,,,2,0.000,0.000,10.3390/make7030089,https://openalex.org/W4413794792,https://www.mdpi.com/2504-4990/7/3/89/pdf?version=1756375757,openalex,,"Recent advancements in generative AI have fostered the development of highly adept Large Language Models (LLMs) that integrate diverse data types to empower decision-making. Among these, multimodal retrieval-augmented generation (RAG) applications are promising because they combine the strengths of "
207,,IceSnow-Net: A Deep Semantic Segmentation Network for High-Precision Snow and Ice Mapping from UAV Imagery,Yulin Liu; Shuyuan Yang; Guangyang Zhang; Minghui Wu; Feng Xiong,2025,Remote Sensing,,,,,0,0.000,0.000,10.3390/rs17172964,https://openalex.org/W4413739773,https://www.mdpi.com/2072-4292/17/17/2964/pdf?version=1756275500,openalex,,"Accurate monitoring of snow and ice cover is essential for climate research and disaster management, but conventional remote sensing methods often struggle in complex terrain and fog-contaminated conditions. To address the challenges of high-resolution UAV-based snow and ice segmentation—including v"
208,,The Sweet Danger of Sugar: Debunking Representation Learning for Encrypted Traffic Classification,Yuqi Zhao; Giuliana Dettori; Matteo Boffa; Luca Vassio; Marco Mellia,2025,,,,,,0,0.000,0.000,10.1145/3718958.3750498,https://openalex.org/W4413757098,https://dl.acm.org/doi/pdf/10.1145/3718958.3750498,openalex,,"Recently we have witnessed the explosion of proposals that, inspired by Language Models like BERT, exploit Representation Learning models to create traffic representations. All of them promise astonishing performance in encrypted traffic classification (up to 98% accuracy). In this paper, with a net"
209,,Lost in OCR Translation? Vision-Based Approaches to Robust Document Retrieval,Alexander Most; Joseph Winjum; Manish Bhattarai; Shawn Jones; N. R. Ranasinghe,2025,,,,,,0,0.000,0.000,10.1145/3704268.3742698,https://openalex.org/W4413757121,https://dl.acm.org/doi/pdf/10.1145/3704268.3742698,openalex,,
210,,Self-Supervised User Embedding Alignment for Cross-Domain Recommendations via Multi-LLM Co-Training,Haotian Lyu; Jing Dong; Yu Tian; Dawei Wang; Lina Men,2025,,,,,,0,0.000,0.000,10.36227/techrxiv.175616896.60351364/v1,https://openalex.org/W4413731210,https://www.techrxiv.org/doi/pdf/10.36227/techrxiv.175616896.60351364/v1,openalex,,
211,,HybridSeg: An Efficient Multi-Scale Mamba Architecture for Real-Time Semantic Segmentation in Railway Safety Monitoring Systems,Huijin Fu; Zhen Ma; Xue Yang; Wanpeng Zhang; Lei Hu,2025,Preprints.org,,,,,0,0.000,0.000,10.20944/preprints202508.1609.v1,https://openalex.org/W4413440200,https://www.preprints.org/frontend/manuscript/2b63dbb8b8a64cb5852c27ddeb907dc8/download_pub,openalex,,"Real-time semantic segmentation in railway safety monitoring presents significant computational challenges for edge-deployed vision systems, where accurate object detection directly impacts operational safety under strict resource constraints. Existing approaches struggle to achieve optimal trade-of"
212,,Role of Ion Dehydration in Ion–Ion Selectivity of Dense Membranes,Alexander Ershov; Hengyu Xu; Ying Li; Tiezheng Tong; Razi Epsztein,2025,Environmental Science & Technology,,,,,1,0.000,0.000,10.1021/acs.est.5c04303,https://openalex.org/W4413334246,https://pubs.acs.org/doi/pdf/10.1021/acs.est.5c04303?ref=article_openPDF,openalex,,"Fabricating polymeric membranes with ion-specific selectivity has been targeted in recent years to address the growing challenges of water and resource scarcity. Inspired by discoveries of the selectivity mechanisms in biological channels, ion dehydration has been increasingly recognized as a key ph"
213,,WMSA–WBS: Efficient Wave Multi-Head Self-Attention with Wavelet Bottleneck,Xiangyang Li; Yafeng Li; Pan Fan; Xueya Zhang,2025,Sensors,,,,,0,0.000,0.000,10.3390/s25165046,https://openalex.org/W4413378312,https://www.mdpi.com/1424-8220/25/16/5046/pdf?version=1755169112,openalex,,"The critical component of the vision transformer (ViT) architecture is multi-head self-attention (MSA), which enables the encoding of long-range dependencies and heterogeneous interactions. However, MSA has two significant limitations: its limited ability to capture local features and its high compu"
214,,Spectral momentum integration: hybrid optimization of frequency and time domain gradients,Zhigao Huang; Musheng Chen; Shiyan Zheng,2025,Frontiers in Artificial Intelligence,,,,,0,0.000,0.000,10.3389/frai.2025.1628943,https://openalex.org/W4413034976,https://www.frontiersin.org/journals/artificial-intelligence/articles/10.3389/frai.2025.1628943/pdf,openalex,,"We propose Spectral Momentum Integration (SMI), an optimization enhancement that processes gradients in both frequency and time domains. SMI applies the Fast Fourier Transform to selectively filter gradient frequency components before blending them with original gradients using an adaptive schedulin"
215,,SMART DShot: Secure Machine-Learning-Based Adaptive Real-Time Timing Correction,Hyunmin Kim; Zahid Basha Shaik Kadu; Kyusuk Han,2025,Applied Sciences,,,,,0,0.000,0.000,10.3390/app15158619,https://openalex.org/W4413133362,https://www.mdpi.com/2076-3417/15/15/8619/pdf?version=1754300725,openalex,,"The exponential growth of autonomous systems demands robust security mechanisms that can operate within the extreme constraints of real-time embedded environments. This paper introduces SMART DShot, a groundbreaking machine learning-enhanced framework that transforms the security landscape of unmann"
216,,FindRec: Stein-Guided Entropic Flow for Multi-Modal Sequential Recommendation,Maolin Wang; Yutian Xiao; B. L. Wang; Sheng Zhang; Shanshan Ye,2025,,,,,,0,0.000,0.000,10.1145/3711896.3736968,https://openalex.org/W4412876943,https://dl.acm.org/doi/pdf/10.1145/3711896.3736968,openalex,,
217,,The Expressibility of Polynomial based Attention Scheme,Zhao Song; ChuanCai Wang; Guangyi Xu; Junze Yin,2025,,,,,,0,0.000,0.000,10.1145/3711896.3737153,https://openalex.org/W4412876946,https://dl.acm.org/doi/pdf/10.1145/3711896.3737153,openalex,,
218,,Multi-scale Physics-informed Transformer With Spatio-temporal Feature Adapter For Extreme Precipitation Nowcasting,Jingyuan Zheng; Xin Zhang; Zhilin Qi; Ri-Xiang Qiu; Dongjing Wang,2025,,,,,,0,0.000,0.000,10.1145/3711896.3737061,https://openalex.org/W4412877183,https://dl.acm.org/doi/pdf/10.1145/3711896.3737061,openalex,,
219,,OptWake-YOLO: a lightweight and efficient ship wake detection model based on optical remote sensing images,Robert C. Qiu; Nan Bi,2025,Frontiers in Marine Science,,,,,1,0.000,0.000,10.3389/fmars.2025.1624323,https://openalex.org/W4412821756,https://www.frontiersin.org/journals/marine-science/articles/10.3389/fmars.2025.1624323/pdf,openalex,,"Introduction Ship wakes exhibit more distinctive characteristics than vessels themselves, making wake detection more feasible than direct ship detection. However, challenges persist due to sea surface interference, meteorological conditions, and coastal structures, while practical applications deman"
220,,AI Surrogacy in Psychological Research,William D’Alessandro; Jessica A. F. Thompson,2025,,,,,,0,0.000,0.000,10.31234/osf.io/6emg9_v1,https://openalex.org/W4412838059,https://osf.io/6emg9_v1/download,openalex,,AI tools hold considerable promise for psychological research. The precise shape of their potential uses has become clearer in recent years as machine learning models have been trained to reproduce a variety of complex human cognitive behaviors with impressive success. The prospect of AI-human perfo
221,,Application of CycleGAN-based low-light image enhancement algorithm in foreign object detection on belt conveyors in underground mines,Anxin Zhao; Qiuhong Zheng; Liang Li,2025,Scientific Reports,,,,,0,0.000,0.000,10.1038/s41598-025-10779-4,https://openalex.org/W4412773567,https://www.nature.com/articles/s41598-025-10779-4.pdf,openalex,,
222,,Artificial intelligence in acupuncture: bridging traditional knowledge and precision integrative medicine,Guoliang Hou; Bao-Qiang Dong; Boyang Yu; Jian-Yu Dai; Xingxing Lin,2025,Frontiers in Medicine,,,,,0,0.000,0.000,10.3389/fmed.2025.1633416,https://openalex.org/W4412775165,https://www.frontiersin.org/journals/medicine/articles/10.3389/fmed.2025.1633416/pdf,openalex,,"The integration of artificial intelligence (AI) into acupuncture research is accelerating the transformation of this traditional, experience-based practice into a data-driven, precision discipline. This review synthesizes recent advances in AI-enabled outcome prediction techniques, encompassing deep"
223,,"Crack Detection in Civil Infrastructure Using Autonomous Robotic Systems: A Synergistic Review of Platforms, Cognition, and Autonomous Action",Rong Dai; Hui Sun; Chang Shu; Jianming Li; Zhe Wei,2025,Sensors,,,,,2,0.000,0.000,10.3390/s25154631,https://openalex.org/W4412692701,https://www.mdpi.com/1424-8220/25/15/4631/pdf?version=1753510945,openalex,,"Traditional manual crack inspection methods often face limitations in terms of efficiency, safety, and consistency. To overcome these issues, a new approach based on autonomous robotic systems has gained attention, combining robotics, artificial intelligence, and advanced sensing technologies. Howev"
224,,"Foundation Models for Robotic Tasks: Survey, Challenges and Future Directions",Muhammad Alam; M. A. Viraj J. Muthugala; Mohan Rajesh Elara,2025,,,,,,0,0.000,0.000,10.36227/techrxiv.175321822.20121795/v1,https://openalex.org/W4412566173,https://www.techrxiv.org/doi/pdf/10.36227/techrxiv.175321822.20121795/v1,openalex,,
225,,"A Comprehensive Study of LLM and Evolution, Varieties, and Their Role in Software Engineering and Cybersecurity",Hossain Rasel; Abu Bakar Siddik Didar; Abdullah Al Mamun Dinar; Foisal Islam Fahad; Muhammad Aamir Khan,2025,Preprints.org,,,,,1,0.000,0.000,10.20944/preprints202507.1600.v1,https://openalex.org/W4412649463,https://www.preprints.org/frontend/manuscript/add06b943589c89aeb4522db9818a7d7/download_pub,openalex,,"The quick growth of Large Language Models (LLMs) signals a major change in artificial intelligence, especially in understanding and generating natural language. Even as these models become more popular, there is still not enough analysis connecting their design with practical uses in software engine"
226,,Semantic Segmentation of High-Resolution Remote Sensing Images Based on RS³Mamba: An Investigation on the Extraction Algorithm of Rural Compound Utilization Status,Xinyu Fang; Zhenbo Liu; Shuting Xie,2025,Preprints.org,,,,,1,0.000,0.000,10.20944/preprints202507.1607.v1,https://openalex.org/W4412649578,https://www.preprints.org/frontend/manuscript/af153036de267a0e3a232e37bf0cda9e/download_pub,openalex,,"In this study, we utilize Gaofen-2 satellite remote sensing images to optimize and enhance the extraction of feature information from rural compounds. This is achieved through the implementation of the RS³Mamba+ deep learning model and the construction of Mamba-assisted branching with the aid of mul"
227,,Interpretable Knowledge Tracing with Difficulty-Aware Attention and Selective State Space Model,Yang Qin; Xinning Zhu; Xiaosheng Tang; Chunhong Zhang; Kunbao Wu,2025,,,,,,0,0.000,0.000,10.1145/3726302.3730012,https://openalex.org/W4412376908,https://dl.acm.org/doi/pdf/10.1145/3726302.3730012,openalex,,
228,,Dual-Branch Spatial–Spectral Transformer with Similarity Propagation for Hyperspectral Image Classification,Wen Teng; Heng Wang; Liguo Wang,2025,Remote Sensing,,,,,0,0.000,0.000,10.3390/rs17142386,https://openalex.org/W4412162215,https://www.mdpi.com/2072-4292/17/14/2386/pdf?version=1752156216,openalex,,"In recent years, Vision Transformers (ViTs) have gained significant traction in the field of hyperspectral image classification due to their advantages in modeling long-range dependency relationships between spectral bands and spatial pixels. However, after stacking multiple Transformer encoders, ch"
229,,A Review of Image Restoration Based on Deep Learning,Hancheng Zuo,2025,Transactions on Computer Science and Intelligent Systems Research,,,,,0,0.000,0.000,10.62051/meghns59,https://openalex.org/W4413438044,https://wepub.org/index.php/TCSISR/article/download/5504/6036,openalex,,"Image restoration is a key task in the field of computer vision, which aims to recover high-quality clear images from degraded images. Degraded images may be produced for various reasons, such as noise, blurring, compression, etc. In recent years, the rapid development of deep learning technology ha"
230,,"Scalable and Interpretable Mixture of Experts Models in Machine Learning: Foundations, Applications, and Challenges",R. Jafar; Fawzi Gamal; R. Raheem,2025,Preprints.org,,,,,0,0.000,0.000,10.20944/preprints202507.0283.v1,https://openalex.org/W4412095753,https://www.preprints.org/frontend/manuscript/e3bf99140fe60909b4c55b415af609fc/download_pub,openalex,,"Mixture of Experts (MoE) models have emerged as a powerful framework in machine learning, combining multiple specialized expert networks through a gating mechanism to enable scalable, efficient, and adaptive computation. This survey provides a comprehensive and mathematically rigorous overview of ef"
231,,TM-KAN:A Dual-Branch Encoder with Transformer and Mamba for Remote Sensing Image Semantic Segmentation using KAN-based Decoder,M. Zhang; B. Ding; Hongyuan Jing; Yuting Liu,2025,,,,,,0,0.000,0.000,10.36227/techrxiv.175099601.18592972/v1,https://openalex.org/W4411680600,https://www.techrxiv.org/doi/pdf/10.36227/techrxiv.175099601.18592972/v1,openalex,,
232,,Lightweight Dynamic Gesture Recognition based on shufflenetv2-Mamba Hybrid Architecture,John Chai; Minghao Sun; Dongxuan Huang; Sen Ye,2025,Frontiers in Computing and Intelligent Systems,,,,,0,0.000,0.000,10.54097/7ms8ar63,https://openalex.org/W4411721389,https://drpress.org/ojs/index.php/fcis/article/download/31244/30596,openalex,,"Dynamic gesture recognition has important application value in human-computer interaction of mobile terminal, but the existing methods generally face the problems of high computational complexity and insufficient time sequence modeling ability. Therefore, this paper proposes a lightweight dynamic ge"
233,,GAML-YOLO: A Precise Detection Algorithm for Extracting Key Features from Complex Environments,Lihu Pan; L. Yan; Kaiqiang Zhang,2025,Electronics,,,,,1,0.000,0.000,10.3390/electronics14132523,https://openalex.org/W4411568259,https://www.mdpi.com/2079-9292/14/13/2523/pdf?version=1750496816,openalex,,"This study addresses three major challenges in non-motorized vehicle rider helmet detection: multi-spectral interference between the helmet and hair color (HSV spatial similarity &gt; 0.82), target occlusion in high-density traffic flows (with peak density reaching 11.7 vehicles/frame), and percepti"
234,,Hybrid SLC-MLC RRAM Mixed-Signal Processing-in-Memory Architecture for Transformer Acceleration via Gradient Redistribution,Chang Eun Song; Prabal Bhatnagar; Zihan Xia; Nam Sung Kim; Tajana Rosing,2025,,,,,,0,0.000,0.000,10.1145/3695053.3731109,https://openalex.org/W4411486499,https://dl.acm.org/doi/pdf/10.1145/3695053.3731109,openalex,,"Transformers, while revolutionary, face challenges due to their demanding computational cost and large data movement. To address this, we propose HyFlexPIM, a novel mixed-signal processing-in-memory (PIM) accelerator for inference that flexibly utilizes both single-level cell (SLC) and multi-level c"
235,,Zero-shot Detection of Nosocomial Infections using Clinical Foundation Models on Structured Electronic Patient Records,Minh-Khoi Pham; Tai Tan; Thao Thi Phuong Dao; Minh–Triet Tran; Martin Crane,2025,,,,,,1,0.000,0.000,10.36227/techrxiv.175021755.55836808/v1,https://openalex.org/W4411398039,https://www.techrxiv.org/doi/pdf/10.36227/techrxiv.175021755.55836808/v1,openalex,,
236,,Robust Instant Policy: Leveraging Student's t-Regression Model for Robust In-context Imitation Learning of Robot Manipulation,Hanbit Oh; Andrea M. Salcedo-Vázquez; Ixchel G. Ramirez-Alpizar; Yukiyasu Domae,2025,arXiv (Cornell University),,,,,0,0.000,0.000,10.48550/arxiv.2506.15157,https://openalex.org/W4415333517,https://arxiv.org/pdf/2506.15157,openalex,,"Imitation learning (IL) aims to enable robots to perform tasks autonomously by observing a few human demonstrations. Recently, a variant of IL, called In-Context IL, utilized off-the-shelf large language models (LLMs) as instant policies that understand the context from a few given demonstrations to"
237,,RATTENTION: Towards the Minimal Sliding Window Size in Local-Global Attention Models,Bailin Wang; Chang Lan; Chong Wang; Ruoming Pang,2025,arXiv (Cornell University),,,,,0,0.000,0.000,10.48550/arxiv.2506.15545,https://openalex.org/W4415334104,https://arxiv.org/pdf/2506.15545,openalex,,"Local-global attention models have recently emerged as compelling alternatives to standard Transformers, promising improvements in both training and inference efficiency. However, the crucial choice of window size presents a Pareto tradeoff: larger windows maintain performance akin to full attention"
238,,Wavelet Transform Vision State Space Model for Underwater Image Enhancement,Yufeng Li; Ruochen Shi; Kang Liu; Zhi Gang Zhao,2025,,,,,,0,0.000,0.000,10.21203/rs.3.rs-6832879/v1,https://openalex.org/W4411322598,https://www.researchsquare.com/article/rs-6832879/latest.pdf,openalex,,"<title>Abstract</title> Underwater image enhancement technology is crucial for improving the visual quality of Marine target detection, robot navigation and biological research. However, underwater images often suffer from severe color distortion, reduced contrast and blurred details due to complex "
239,,Challenges in Multitouch Interface Design: Bridging Natural and Digital Interaction,Himanshu Desai,2025,Preprints.org,,,,,0,0.000,0.000,10.20944/preprints202506.1210.v1,https://openalex.org/W4411393000,https://www.preprints.org/frontend/manuscript/8447f316e019efb99aab49eb63d89805/download_pub,openalex,,"Multitouch interfaces offer a direct user experience, but designing them presents significant challenges. This paper ex- plores the limitations of current multitouch screens, particularly in representing 3D interactions. It discusses the conflict between natural physical gestures and the artificiali"
240,,FALCON 2.0 SNAPPY REPORTS A NOVEL TOPSIS-DRIVEN APPROACH FOR REAL-TIME MULTI-ATTRIBUTE DECISION ANALYSIS,Nagababu Kandula,2025,INTERNATIONAL JOURNAL OF COMPUTER ENGINEERING & TECHNOLOGY,,,,,0,0.000,0.000,10.34218/ijcet_16_03_025,https://openalex.org/W4411114223,https://doi.org/10.34218/ijcet_16_03_025,openalex,,
241,,Kinetics: Rethinking Test-Time Scaling Laws,Yang Zhou; Emma Strubell,2025,arXiv (Cornell University),,,,,0,0.000,0.000,10.48550/arxiv.2506.05333,https://openalex.org/W4417095712,https://arxiv.org/pdf/2506.05333,openalex,,"We rethink test-time scaling laws from a practical efficiency perspective, revealing that the effectiveness of smaller models is significantly overestimated. Prior work, grounded in compute-optimality, overlooks critical memory access bottlenecks introduced by inference-time strategies (e.g., Best-o"
242,,Efficiency Cost-Sensitive Loss of Transformer based on Mamba Mechanism for Aircraft Detection in Satellite Imagery,Manh-Tuan Do; Manh-Hung Ha; Minhhuy Le; O. Chen,2025,EAI Endorsed Trans. Ind. Networks Intell. Syst.,,,,,0,0.000,0.000,10.4108/eetinis.v12i4.8279,https://www.semanticscholar.org/paper/b81030edcd6adf104e90e121d8114d982130d9fd,,semantic_scholar,,"Detecting aircraft in satellite images poses considerable challenges due to complex backgrounds and variable conditions influenced by sensor geometry and atmospheric factors. Despite rapid advancements in deep learning algorithms, their main focus has been on ground-based imagery. This study offers "
243,,An Empirical Study of Mamba-based Language Models,R. Waleffe; Wonmin Byeon; Duncan Riach; Brandon Norick; V. Korthikanti,2024,arXiv.org,,,,,141,0.000,0.000,,https://www.semanticscholar.org/paper/d668f557b922d0cac746c8ec82f7975f06ac906b,,semantic_scholar,,"Selective state-space models (SSMs) like Mamba overcome some of the shortcomings of Transformers, such as quadratic computational complexity with sequence length and large inference-time memory requirements from the key-value cache. Moreover, recent studies have shown that SSMs can match or exceed t"
244,,Mamba-ND: Selective State Space Modeling for Multi-Dimensional Data,Shufan Li; Harkanwar Singh; Aditya Grover,2024,European Conference on Computer Vision,,,,,101,0.000,0.000,10.48550/arXiv.2402.05892,https://www.semanticscholar.org/paper/906d0688e1c683d5fec70e88e71ea1291c666b78,,semantic_scholar,,"In recent years, Transformers have become the de-facto architecture for sequence modeling on text and a variety of multi-dimensional data, such as images and video. However, the use of self-attention layers in a Transformer incurs prohibitive compute and memory complexity that scales quadratically w"
245,,MedSegMamba: 3D CNN-Mamba Hybrid Architecture for Brain Segmentation,Aaron Cao; Zongyu Li; Jia Guo,2024,arXiv.org,,,,,3,0.000,0.000,10.48550/arXiv.2409.08307,https://www.semanticscholar.org/paper/edd4b1ecec0c62cc8181bd0365116fbb99072568,,semantic_scholar,,"Widely used traditional pipelines for subcortical brain segmentation are often inefficient and slow, particularly when processing large datasets. Furthermore, deep learning models face challenges due to the high resolution of MRI images and the large number of anatomical classes involved. To address"
246,,CMDMamba: dual-layer Mamba architecture with dual convolutional feed-forward networks for efficient financial time series forecasting,Zhenkai Qin; Baozhong Wei; Yujia Zhai; Ziqian Lin; Xiaochuan Yu,2025,Frontiers Artif. Intell.,,,,,3,0.000,0.000,10.3389/frai.2025.1599799,https://www.semanticscholar.org/paper/56201a59b1f27ab2117db4c0d7e707bf8d2b0ec2,,semantic_scholar,,"Introduction Transformer models have demonstrated remarkable performance in financial time series forecasting. However, they suffer from inefficiencies in computational efficiency, high operational costs, and limitations in capturing temporal dependencies. Methods To address these challenges, we pro"
247,,Symmetric Boundary-Enhanced U-Net with Mamba Architecture for Glomerular Segmentation in Renal Pathological Images,Shengnan Zhang; Xinming Cui; Guangkun Ma; Ronghui Tian,2025,Symmetry,,,,,1,0.000,0.000,10.3390/sym17091506,https://www.semanticscholar.org/paper/9393c5caa02e32b1c484ad94f8a96b8bd6ec2a7e,,semantic_scholar,,"Accurate glomerular segmentation in renal pathological images is a key challenge for chronic kidney disease diagnosis and assessment. Due to the high visual similarity between pathological glomeruli and surrounding tissues in color, texture, and morphology, significant “camouflage phenomena” exist, "
248,,YOLOv5-MDS: Target Detection Model for PCB Defect Inspection Based on YOLOv5 Integrated With Mamba Architecture,Deming Guo; Qi Xi; Long Zhang; Jing Wang; Yilong Ye,2025,IEEE Access,,,,,0,0.000,0.000,10.1109/ACCESS.2025.3591987,https://www.semanticscholar.org/paper/04635b545b4ee8d8e805770949839ed6ea901811,,semantic_scholar,,"The Printed Circuit Board (PCB), which serves as the foundational component of numerous electronic devices, exhibits a complex relationship between its quality and the lifespan and performance of those products. However, annual losses are significantly contributed to by PCB defects arising from vari"
249,,ToMamba: Towards Token-Efficient Mamba Architecture on FPGA,Kejia Shi; Yue Cao; Yuhang Du; Jianli Chen; Jun Yu,2025,2025 IEEE/ACM International Conference On Computer Aided Design (ICCAD),,,,,0,0.000,0.000,10.1109/ICCAD66269.2025.11240811,https://www.semanticscholar.org/paper/1a7f89fced43f52382c5e9c8ef89534be2e64888,,semantic_scholar,,"The State Space Model (SSM), particularly the Mamba implementation, has demonstrated impressive capabilities across various domains. It offers a significant reduction in computational complexity compared to Transformers while achieving higher algorithm accuracy. However, the ineffectiveness of spati"
250,,DermaMamba: A Dual-Branch Vision Mamba Architecture with Linear Complexity for Efficient Skin Lesion Classification,Zhongyu Yao; Yuxuan Yan; Zhe Liu; Tianhang Chen; Ling Cho,2025,Bioengineering,,,,,0,0.000,0.000,10.3390/bioengineering12101030,https://www.semanticscholar.org/paper/765b805e76d601b880634026980877b313c62984,,semantic_scholar,,"Accurate skin lesion classification is crucial for the early detection of malignant lesions, including melanoma, as well as improved patient outcomes. While convolutional neural networks (CNNs) excel at capturing local morphological features, they struggle with global context modeling essential for "
251,,A comparison of manual and automated neural architecture search for white matter tract segmentation,Ari Tchetchenian; Yanming Zhu; Fan Zhang; L. O’Donnell; Yang Song,2023,Scientific Reports,,,,,5,0.000,0.000,10.1038/s41598-023-28210-1,https://www.semanticscholar.org/paper/89de7699db593eaf49d0e301bc32134b0d0ff16b,https://www.nature.com/articles/s41598-023-28210-1.pdf,semantic_scholar,,"Segmentation of white matter tracts in diffusion magnetic resonance images is an important first step in many imaging studies of the brain in health and disease. Similar to medical image segmentation in general, a popular approach to white matter tract segmentation is to use U-Net based artificial n"
252,,Motion Mamba: Efficient and Long Sequence Motion Generation with Hierarchical and Bidirectional Selective SSM,Zeyu Zhang; Akide Liu; Ian Reid; Richard Hartley; Bohan Zhuang,2024,European Conference on Computer Vision,,,,,105,0.000,0.000,10.48550/arXiv.2403.07487,https://www.semanticscholar.org/paper/b9646f057887825d7471ec01664494b0b7ca5a83,,semantic_scholar,,"Human motion generation stands as a significant pursuit in generative computer vision, while achieving long-sequence and efficient motion generation remains challenging. Recent advancements in state space models (SSMs), notably Mamba, have showcased considerable promise in long sequence modeling wit"
253,,Bi-Mamba-UNet: A Hybrid Architecture for Energy Disaggregation,Jiangfeng Liu; Yanfang Fan; Pengju Chen,2025,2025 10th Asia Conference on Power and Electrical Engineering (ACPEE),,,,,0,0.000,0.000,10.1109/ACPEE64358.2025.11041189,https://www.semanticscholar.org/paper/8cdeb1740a133be70c4493dfd4a1ee8af30583be,,semantic_scholar,,
254,,HA-Tracker: A Hybrid Architecture Tracker with Spatiotemporal Mamba Motion Model for UAV-Based Video Multi-Object Tracking,Pengfei Zhang; Leigang Sun; Chang Li; Qinyi Wang; Qingtao Hao,2025,Remote Sensing,,,,,0,0.000,0.000,10.3390/rs18010133,https://www.semanticscholar.org/paper/0a70aef862f416b75d8169c08048236df8683f34,,semantic_scholar,,"UAV-based video multi-object tracking (MOT) is a significant task in the field of remote sensing. However, current research still faces critical issues: (1) the limitations of the single architecture of DNNs inherently hinder performance improvement of object detection; and (2) current linear modeli"
255,,A U-Shaped Architecture Based on Hybrid CNN and Mamba for Medical Image Segmentation,Xiaoxuan Ma; Yingao Du; D. Sui,2025,Applied Sciences,,,,,2,0.000,0.000,10.3390/app15147821,https://www.semanticscholar.org/paper/544ee3d6b93d2f07117968ae9221845b1b8a5658,,semantic_scholar,,"Accurate medical image segmentation plays a critical role in clinical diagnosis, treatment planning, and a wide range of healthcare applications. Although U-shaped CNNs and Transformer-based architectures have shown promise, CNNs struggle to capture long-range dependencies, whereas Transformers suff"
256,,WM-UNet: A Wavelet-Mamba Hybrid Architecture for Low-Dose CT Denoising,Lulu Wang; Lang Gu; Yingna Li,2025,"2025 International Conference on Communication, Remote Sensing and Information Technology (CRSIT)",,,,,0,0.000,0.000,10.1109/CRSIT66101.2025.11141571,https://www.semanticscholar.org/paper/590e8fa733882ea209040f710fe309c490491d10,,semantic_scholar,,"Low-dose computed tomography technology consistently faces a critical contradiction: while achieving reduced ionizing radiation dose, it inevitably suffers from image quality degradation caused by quantum noise and artifacts, which directly constrains the improvement of diagnostic efficacy. Although"
257,,UAV-MaLO: Mamba-Augmented YOLO Hybrid Architecture for UAV Micro-Object Detection in Autonomous Robotics,Lennox Wei; Shixin Sun; Jiaqi Yao; Yachun Mi; Xiangyu Sui,2025,IEEE/RJS International Conference on Intelligent RObots and Systems,,,,,0,0.000,0.000,10.1109/IROS60139.2025.11247773,https://www.semanticscholar.org/paper/f314e0d65f23af7a873e54a74454d03c0d25802d,,semantic_scholar,,"The rapid advancement of drone technology has led to the widespread application of micro-object detection in Unmanned Aerial Vehicle (UAV) systems. However, with the constraint of real-time computation, critical challenges remain in addressing extreme scale variations, low-resolution signatures and "
258,,UV-Mamba: A DCN-Enhanced State Space Model for Urban Village Boundary Identification in High-Resolution Remote Sensing Images,Lulin Li; Ben Chen; Xuechao Zou; Junliang Xing; Pin Tao,2024,"IEEE International Conference on Acoustics, Speech, and Signal Processing",,,,,7,0.000,0.000,10.1109/ICASSP49660.2025.10888896,https://www.semanticscholar.org/paper/e226bac66e2d2a9b65edfd2df0da5d083c8738b1,,semantic_scholar,,"Due to the diverse geographical environments, intricate landscapes, and high-density settlements, the automatic identification of urban village boundaries using remote sensing images remains a highly challenging task. This paper proposes a novel and efficient neural network model called UV-Mamba for"
259,,LongLLaVA: Scaling Multi-modal LLMs to 1000 Images Efficiently via a Hybrid Architecture,Xidong Wang; Dingjie Song; Shunian Chen; Chen Zhang; Benyou Wang,2024,Conference on Empirical Methods in Natural Language Processing,,,,,85,0.000,0.000,10.18653/v1/2025.findings-emnlp.1168,https://www.semanticscholar.org/paper/6aaaa71a5cc6f80c16dc2e9ec3578416f8932a01,,semantic_scholar,,"Expanding the long-context capabilities of Multi-modal Large Language Models~(MLLMs) is critical for advancing video understanding and high-resolution image analysis. Achieving this requires systematic improvements in model architecture, data construction, and training strategies, particularly to ad"
260,,SepMamba: State-Space Models for Speaker Separation Using Mamba,Thor Hojhus Avenstrup; Boldizsár Elek; Istv'an L'aszl'o M'adi; Andr'as Bence Schin; Morten Mørup,2024,"IEEE International Conference on Acoustics, Speech, and Signal Processing",,,,,4,0.000,0.000,10.1109/ICASSP49660.2025.10888846,https://www.semanticscholar.org/paper/1d7ad5dccb1262ae3384b63f46f81d1affa39d10,,semantic_scholar,,"Deep learning-based single-channel speaker separation has improved significantly in recent years in large part due to the introduction of the transformer-based attention mechanism. However, these improvements come with intense computational demands, precluding their use in many practical application"
261,,A Mamba-Based Siamese Network for Remote Sensing Change Detection,Jay N. Paranjape; C. D. Melo; Vishal M. Patel,2024,IEEE Workshop/Winter Conference on Applications of Computer Vision,,,,,22,0.000,0.000,10.1109/WACV61041.2025.00123,https://www.semanticscholar.org/paper/59eab60a208fbd99c0a8d0ffdba689d281e97b39,,semantic_scholar,,"Change detection in remote sensing images is an essential tool for analyzing a region at different times. It finds varied applications in monitoring environmental changes, man-made changes as well as corresponding decisionmaking and prediction of future trends. Deep learning methods like Convolution"
262,,"Segmentation Strategies in Deep Learning for Prostate Cancer Diagnosis: A Comparative Study of Mamba, SAM, and YOLO",Ali Badiezadeh; Amin Malek Mohammadi; S. Mirhassani; P. Gifani; Majid Vafaeezadeh,2024,arXiv.org,,,,,2,0.000,0.000,10.48550/arXiv.2409.16205,https://www.semanticscholar.org/paper/fc1d35fc3fd233bd841c3b21ed4c0366f2368017,,semantic_scholar,,"Accurate segmentation of prostate cancer histopathology images is crucial for diagnosis and treatment planning. This study presents a comparative analysis of three deep learning-based methods, Mamba, SAM, and YOLO, for segmenting prostate cancer histopathology images. We evaluated the performance of"
263,,Comparison of CNN Architecture for White Blood Cells Image Classification,Kelvin Leonardi Kohsasih; M. Zarlis; B. Hayadi,2022,2022 IEEE International Conference of Computer Science and Information Technology (ICOSNIKOM),,,,,2,0.000,0.000,10.1109/ICOSNIKOM56551.2022.10034875,https://www.semanticscholar.org/paper/1dec0be6b080bbb93016be64571812b2ec47f058,,semantic_scholar,,"Deep learning is a development of machine learning that has obtained good performance in image segmentation, prediction, classification, and machine translation. CNN has a variety of architectures that have undergone various changes and improvements. One area of medicine that requires automatic clas"
264,,Mamba for Scalable and Efficient Personalized Recommendations,Andrew Starnes; Clayton Webster,2024,2024 IEEE International Conference on Data Mining Workshops (ICDMW),,,,,0,0.000,0.000,10.1109/ICDMW65004.2024.00018,https://www.semanticscholar.org/paper/ec5f28ab22cf6986a75ba3b1dcc34ab2d3f08765,,semantic_scholar,,"In this effort, we propose using the Mamba for handling tabular data in personalized recommendation systems. We present the FT-Mamba (Feature Tokenizer + Mamba), a novel hybrid model that replaces Transformer layers with Mamba layers within the FT-Transformer architecture, for handling tabular data "
265,,Meteor: Mamba-based Traversal of Rationale for Large Language and Vision Models,Byung-Kwan Lee; Chae Won Kim; Beomchan Park; Yonghyun Ro,2024,Neural Information Processing Systems,,,,,28,0.000,0.000,10.48550/arXiv.2405.15574,https://www.semanticscholar.org/paper/a7853ac0766ce2668fb37d3dbe5ccea476c90047,,semantic_scholar,,"The rapid development of large language and vision models (LLVMs) has been driven by advances in visual instruction tuning. Recently, open-source LLVMs have curated high-quality visual instruction tuning datasets and utilized additional vision encoders or multiple computer vision models in order to "
266,,DC-Mamba: A Novel Network for Enhanced Remote Sensing Change Detection in Difficult Cases,Junyi Zhang; Renwen Chen; Fei Liu; Hao Liu; Boyu Zheng,2024,Remote Sensing,,,,,17,0.000,0.000,10.3390/rs16224186,https://www.semanticscholar.org/paper/cb53edef1f8b7a47f8afa809724933f37cbee033,,semantic_scholar,,"Remote sensing change detection (RSCD) aims to utilize paired temporal remote sensing images to detect surface changes in the same area. Traditional CNN-based methods are limited by the size of the receptive field, making it difficult to capture the global features of remote sensing images. In contr"
267,,Cascade Residual Multiscale Convolution and Mamba-Structured UNet for Advanced Brain Tumor Image Segmentation,Rui Zhou; Ju Wang; Guijiang Xia; Jingyang Xing; Hongming Shen,2024,Entropy,,,,,19,0.000,0.000,10.3390/e26050385,https://www.semanticscholar.org/paper/cb4baae7c325ce04252f4fdbea21d0aa2e2b3101,,semantic_scholar,,"In brain imaging segmentation, precise tumor delineation is crucial for diagnosis and treatment planning. Traditional approaches include convolutional neural networks (CNNs), which struggle with processing sequential data, and transformer models that face limitations in maintaining computational eff"
268,,Audio Mamba: Selective State Spaces for Self-Supervised Audio Representations,Sarthak Yadav; Zheng-Hua Tan,2024,Interspeech,,,,,27,0.000,0.000,10.48550/arXiv.2406.02178,https://www.semanticscholar.org/paper/50244eb6d666cee4522979448071d34e2cc543cf,,semantic_scholar,,"Despite its widespread adoption as the prominent neural architecture, the Transformer has spurred several independent lines of work to address its limitations. One such approach is selective state space models, which have demonstrated promising results for language modelling. However, their feasibil"
269,,WaveMamba: Spatial-Spectral Wavelet Mamba for Hyperspectral Image Classification,Muhammad Ahmad; Muhammad Usama; Manuel Mazzara; Salvatore Distefano,2024,IEEE Geoscience and Remote Sensing Letters,,,,,27,0.000,0.000,10.1109/LGRS.2024.3506034,https://www.semanticscholar.org/paper/597be6d9c5787712cf80cdf190465e3bdfcc66a8,,semantic_scholar,,"Hyperspectral imaging (HSI) has proven to be a powerful tool for capturing detailed spectral and spatial information across diverse applications. Despite the advancements in deep learning (DL) and Transformer architectures for HSI classification, challenges such as computational efficiency and the n"
270,,Matten: Video Generation with Mamba-Attention,Yu Gao; Jiancheng Huang; Xiaopeng Sun; Zequn Jie; Yujie Zhong,2024,arXiv.org,,,,,27,0.000,0.000,10.48550/arXiv.2405.03025,https://www.semanticscholar.org/paper/95fa89d968216b7c31e5993bd9bc08dfd9a81c20,,semantic_scholar,,"In this paper, we introduce Matten, a cutting-edge latent diffusion model with Mamba-Attention architecture for video generation. With minimal computational cost, Matten employs spatial-temporal attention for local video content modeling and bidirectional Mamba for global video content modeling. Our"
271,,RankMamba: Benchmarking Mamba's Document Ranking Performance in the Era of Transformers,Zhichao Xu,2024,,,,,,16,0.000,0.000,,https://www.semanticscholar.org/paper/6acbc413e8cf3c5c52d37c2aeefe80334ec0fccf,,semantic_scholar,,"Transformer structure has achieved great success in multiple applied machine learning communities, such as natural language processing (NLP), computer vision (CV) and information retrieval (IR). Transformer architecture's core mechanism -- attention requires $O(n^2)$ time complexity in training and "
272,,BiCrossMamba-ST: Speech Deepfake Detection with Bidirectional Mamba Spectro-Temporal Cross-Attention,Yassine El Kheir; Tim Polzehl; Sebastian Möller,2025,Interspeech,,,,,3,0.000,0.000,10.48550/arXiv.2505.13930,https://www.semanticscholar.org/paper/e08c7f7da18572dcd7bdef325e9c5e46af223ea1,,semantic_scholar,,"We propose BiCrossMamba-ST, a robust framework for speech deepfake detection that leverages a dual-branch spectro-temporal architecture powered by bidirectional Mamba blocks and mutual cross-attention. By processing spectral sub-bands and temporal intervals separately and then integrating their repr"
273,,MSTransBTS—A Novel Integration of Mamba with Swin Transformer for 3D Brain Tumour Segmentation,Jia Qin Ngu; H. Nisar; Chih-Yi Tsai,2025,Mathematics,,,,,2,0.000,0.000,10.3390/math13071117,https://www.semanticscholar.org/paper/1c79716ce441fa89cb889541104924e661dfeaa3,https://doi.org/10.3390/math13071117,semantic_scholar,,"This study focuses on the major challenges in ensuring the timely assessment and accurate diagnosis of brain tumors (BTs), which are essential for effective patient treatment. Hence, in this paper, a time-efficient, automated, and advanced deep learning (DL) solution, the Mamba Swin Transformer BT S"
274,,BOA Constrictor: A Mamba-based lossless compressor for High Energy Physics data,Akshat Gupta; C. Doglioni; Thomas Joseph Elliott,2025,,,,,,0,0.000,0.000,,https://www.semanticscholar.org/paper/cefc2a77b2721277a67fd67b33b677c71d1db6a6,,semantic_scholar,,"The petabyte-scale data generated annually by High Energy Physics (HEP) experiments like those at the Large Hadron Collider present a significant data storage challenge. Whilst traditional algorithms like LZMA and ZLIB are widely used, they often fail to exploit the deep structure inherent in scient"
275,,An Empirical Study of Mamba-based Pedestrian Attribute Recognition,Xiao Wang; Weizhe Kong; Jiandong Jin; Shiao Wang; Ruichong Gao,2024,arXiv.org,,,,,10,0.000,0.000,10.48550/arXiv.2407.10374,https://www.semanticscholar.org/paper/0ff5b469d03469a783f9e92fa86b50d9c4417f0a,,semantic_scholar,,"Current strong pedestrian attribute recognition models are developed based on Transformer networks, which are computationally heavy. Recently proposed models with linear complexity (e.g., Mamba) have garnered significant attention and have achieved a good balance between accuracy and computational c"
276,,Multitask GLocal OBIA-Mamba for Sentinel-2 Landcover Mapping,Zack Dewis; Yimin Zhu; Zhengsen Xu; Mabel Heffring; Saeid Taleghanidoozdoozan,2025,,,,,,0,0.000,0.000,,https://www.semanticscholar.org/paper/4609d88b8b3922438e35529dc2cadc3fa25583c4,,semantic_scholar,,"Although Sentinel-2 based land use and land cover (LULC) classification is critical for various environmental monitoring applications, it is a very difficult task due to some key data challenges (e.g., spatial heterogeneity, context information, signature ambiguity). This paper presents a novel Mult"
277,,Vision Mamba for Classification of Breast Ultrasound Images,Ali Nasiri-Sarvi; Mahdi S. Hosseini; Hassan Rivaz,2024,Deep-Breath@MICCAI,,,,,8,0.000,0.000,10.48550/arXiv.2407.03552,https://www.semanticscholar.org/paper/4346a99f1e4aead48a4639b2fb30fcbe27759485,,semantic_scholar,,"Mamba-based models, VMamba and Vim, are a recent family of vision encoders that offer promising performance improvements in many computer vision tasks. This paper compares Mamba-based models with traditional Convolutional Neural Networks (CNNs) and Vision Transformers (ViTs) using the breast ultraso"
278,,HTM-PPO: hybrid transformer-Mamba proximal policy optimization for multiagent traffic signal control,Xiaohui Wang; Yuelei Xiao,2025,International Conference on Artificial Intelligence and Pattern Recognition,,,,,0,0.000,0.000,10.1117/12.3092673,https://www.semanticscholar.org/paper/b500605efd0c883efda13dd66cf68cd3e7035aa9,,semantic_scholar,,"Urban traffic congestion poses significant economic and environmental challenges worldwide. To address these issues, efficient traffic signal control (TSC) has emerged as a promising solution. Recent advances in Deep Reinforcement Learning (DRL) have further enhanced the capabilities of TSC systems,"
279,,IM-YOLO: an improved Mamba-YOLO-based model for small object detection in aerial images,Fan Long; Jing Zhang; Rui Xia; Jianwen Huo; Aimin Wang,2025,J. Electronic Imaging,,,,,0,0.000,0.000,10.1117/1.JEI.34.5.053029,https://www.semanticscholar.org/paper/7e3c32a4c385b33b6a1f8763047a3270e28fdd62,,semantic_scholar,,"Abstract. To address key challenges in small object detection for unmanned aerial vehicle (UAV) imagery, such as illumination variations, insufficient representation of shallow-layer features, and the complexity of multiscale object detection, we propose an enhanced Mamba-YOLO model, termed IM-YOLO."
280,,MCC-Net: Mamba based Consistency Constraints Network for Semi-Supervised 3D Medical Image Segmentation,Yufei Gao; Bingning Liu; Guohua Zhao; Yameng Zhang; Lei Shi,2025,IEEE International Joint Conference on Neural Network,,,,,0,0.000,0.000,10.1109/IJCNN64981.2025.11228815,https://www.semanticscholar.org/paper/5ac02b31a7968a60b55da924efafb9b3ee581e90,,semantic_scholar,,"Semi-supervised learning methods combine a small amount of labeled data with a large amount of unlabeled data to achieve high-precision segmentation while reducing the annotation cost. However, existing semi-supervised learning methods usually focus on data-level perturbations or improvements in net"
281,,Mod $p$ Poincaré duality for $p$-adic period domains,Guillaume Pignon-Ywanne,2025,arXiv,,,,,0,0.000,0.000,,http://arxiv.org/abs/2512.25029v1,https://arxiv.org/pdf/2512.25029v1,arxiv,,"In this article, we introduce a new class of smooth partially proper rigid analytic varieties over a $p$-adic field that satisfy Poincaré duality for étale cohomology with mod $p$-coefficients : the varieties satisfying ""primitive comparison with compact support"". We show that almost proper varietie"
282,,"Approximations for the Weighted Reversal, Transposition, and Indel Distance Problem with Intergenic Region Information",Gabriel Siqueira; Alexsandro Oliveira Alexandrino; Zanoni Dias,2025,arXiv,,,,,0,0.000,0.000,,http://arxiv.org/abs/2512.25016v1,https://arxiv.org/pdf/2512.25016v1,arxiv,,"Genome rearrangement distances are an established method in genome comparison. Works in this area may include various rearrangement operations representing large-scale mutations, gene orientation information, the number of nucleotides in intergenic regions, and weights reflecting the expected freque"
283,,Simulations of two-dimensional single-mode Rayleigh-Taylor Instability using front-tracking/ghost-fluid method: comparison to experiments and theory,James Burton; Tulin Kaman,2025,arXiv,,,,,0,0.000,0.000,,http://arxiv.org/abs/2512.24949v1,https://arxiv.org/pdf/2512.24949v1,arxiv,,"Two-dimensional single-mode Rayleigh-Taylor Instability (RTI) is simulated using an accurate and robust front-tracking/ghost-fluid method (FT/GFM) with high-order weighted essentially non-oscillatory (WENO) scheme. We compare our numerical results with the single-mode RTI experiments of Renoult, Ros"
284,,Valence quark distribution of the pion inside a medium with finite baryon density: A Nambu--Jona-Lasinio model approach,Ashutosh Dwibedi; Satyajit Puhan; Sabyasachi Ghosh; Harleen Dahiya,2025,arXiv,,,,,0,0.000,0.000,,http://arxiv.org/abs/2512.24921v1,https://arxiv.org/pdf/2512.24921v1,arxiv,,We calculate the in-medium valence quark distribution of the pion immersed in a finite baryon density using the light-cone quark model. The medium-modified pion properties are obtained by using the constituent quark mass-dependent light cone wave functions. To obtain the constituent quark masses at 
285,,Cosmological dynamics and observational constraints of an interacting early scalar field coupled to radiation,Dorian Araya; Felipe Herrera; Nelson Videla,2025,arXiv,,,,,0,0.000,0.000,,http://arxiv.org/abs/2512.24918v1,https://arxiv.org/pdf/2512.24918v1,arxiv,,"We study the cosmic evolution of an interacting scalar field radiation model, in which a minimally coupled scalar field exchanges energy with the radiation sector through an exponential coupling. Extending previous formulations, a non-relativistic matter component is included explicitly, which allow"
286,,"Antecedents of Consumer Regret Frequency: The Roles of Decision Agency, Status Signaling, and Online Shopping Preference",Shawn Berry,2025,arXiv,,,,,0,0.000,0.000,,http://arxiv.org/abs/2512.24862v1,https://arxiv.org/pdf/2512.24862v1,arxiv,,"Consumer regret is a widespread post-purchase emotion that significantly impacts satisfaction, product returns, complaint behavior, and customer loyalty. Despite its prevalence, there is a limited understanding of why certain consumers experience regret more frequently as a chronic aspect of their e"
