Rank,ID,Title,Authors,Year,Venue,Track,Status,Primary Area,Keywords,Citations,BM25 Score,Combined Score,DOI,URL,PDF,Source,TLDR,Abstract
1,GBWkRRJrdu,Generative Bayesian Optimization: Generative Models as Acquisition Functions,,2026,ICLR 2026,main,Active,"probabilistic methods (Bayesian methods, variational inference, sampling, UQ, etc.)",Bayesian optimization; generative models; black-box optimization,0,1.000,0.000,,https://openreview.net/forum?id=GBWkRRJrdu,,offline_iclr,,"We present a general strategy for turning generative models into candidate solution samplers for batch Bayesian optimization (BO). The use of generative models for BO enables: large batch scaling as generative sampling, optimization of non-continuous design spaces, and high-dimensional and combinato"
2,L9U5MJJleF,Concept Bottleneck Generative Models,Aya Abdelsalam Ismail; Julius Adebayo; Hector Corrada Bravo; Stephen Ra; Kyunghyun Cho,2024,ICLR 2024,main,Poster,visualization or interpretation of learned representations,Interpretability;generative models,0,0.998,0.000,,https://iclr.cc/virtual/2024/poster/18870,https://openreview.net/pdf?id=L9U5MJJleF,offline_iclr,,"We introduce a generative model with an intrinsically interpretable layer---a concept bottleneck layer---that constrains the model to encode human-understandable concepts. The concept bottleneck layer partitions the generative model into three parts: the pre-concept bottleneck portion, the CB layer,"
3,Eg32tDGgF5,DO GENERATIVE MODELS LEARN RARE GENERATIVE FACTORS?,Fasih Haider; Edward Moroshko; Yuyang Xue; Sotirios A. Tsaftaris,2025,ICLR 2025,main,Withdraw,"unsupervised, self-supervised, semi-supervised, and supervised representation learning",Representation Learning,0,0.994,0.000,,https://openreview.net/forum?id=Eg32tDGgF5,,offline_iclr,,"Generative models are becoming a promising tool in AI alongside discriminative learning. Several models have been proposed to learn in an unsupervised fashion the corresponding generative factors, namely the latent variables critical for capturing the full spectrum of data variability. Diffusion Mod"
4,S1eFtj0cKQ,Generative Models from the perspective of Continual Learning,Timothée Lesort; Hugo Caselles-Dupré; Michael Garcia-Ortiz; Jean-François Goudou; David Filliat,2019,ICLR 2019,main,Reject,,Generative Models;Continual Learning,0,0.994,0.000,,https://openreview.net/forum?id=S1eFtj0cKQ,,offline_iclr,A comparative study of generative models on Continual Learning scenarios.,"Which generative model is the most suitable for Continual Learning? This paper aims at evaluating and comparing generative models on disjoint sequential image generation tasks. We investigate how several models learn and forget, considering various strategies: rehearsal, regularization, generative r"
5,WncnpvJk83,GMValuator: Similarity-based Data Valuation for Generative Models,Jiaxi Yang; Wenlong Deng; Benlin Liu; Yangsibo Huang; James Zou,2025,ICLR 2025,main,Poster,interpretability and explainable AI,Generative Model;Data Valuation,0,0.985,0.000,,https://iclr.cc/virtual/2025/poster/29345,https://openreview.net/pdf?id=WncnpvJk83,offline_iclr,,"Data valuation plays a crucial role in machine learning. Existing data valuation methods, mainly focused on discriminative models, overlook generative models that have gained attention recently. In generative models, data valuation measures the impact of training data on generated datasets. Very few"
6,06193,Multiscale Generative Models: Improving Performance of a Generative Model Using Feedback from Other Dependent Generative Models,Changyu Chen; Avinandan Bose; Shih-Fen Cheng; Arunesh Sinha,2022,AAAI 2022,main,Technical,Machine Learning I,,0,0.985,0.000,,https://aaai.org/papers/06193-multiscale-generative-models-improving-performance-of-a-generative-model-using-feedback-from-other-dependent-generative-models/,https://cdn.aaai.org/ojs/20568/20568-13-24581-1-2-20220628.pdf,offline_aaai,,"Realistic fine-grained multi-agent simulation of real-world complex systems is crucial for many downstream tasks such as reinforcement learning. Recent work has used generative models (GANs in particular) for providing high-fidelity simulation of real-world systems. However, such generative models a"
7,rJlJF1SYPB,Universality Theorems for Generative Models,Valentin Khrulkov; Ivan Oseledets,2020,ICLR 2020,main,Withdraw,,generative models;theory;universality;manifolds;differential geometry,0,0.981,0.000,,https://openreview.net/forum?id=rJlJF1SYPB,,offline_iclr,We shot that a wide class of manifolds can be generated by ReLU and sigmoid networks with arbitrary precision.,"Despite the fact that generative models are extremely successful in practice, the theory underlying this phenomenon is only starting to catch up with practice. In this work we address the question of the universality of generative models: is it true that neural networks can approximate any data mani"
8,Bgcp4BniE-U,Generated Distributions Are All You Need for Membership Inference Attacks Against Generative Models,Minxing Zhang; Ning Yu; Rui Wen; Michael Backes; Yang Zhang,2023,ICLR 2023,main,Withdraw,,generative models;diffusion models;membership inference,0,0.981,0.000,,https://openreview.net/forum?id=Bgcp4BniE-U,,offline_iclr,Our work proposes a generalized membership inference against various generative models.,"Generative models have shown their promising performance on various real-world tasks, which, at the same time, introduce the threat of leaking private information of their training data. Several membership inference attacks against generative models have been proposed in recent years and exhibit the"
9,Gsbnnc--bnw,Generative Visual Prompt: Unifying Distributional Control of Pre-Trained Generative Models,Chen Henry Wu; Saman Motamed; Shaunak Srivastava; Fernando De la Torre,2022,NIPS 2022,main,Accept,,generative models;energy-based models;normalizing flows;generative adversarial networks;diffusion models;amortized inference,0,0.981,0.000,,https://nips.cc/virtual/2022/poster/55093,https://openreview.net/pdf?id=Gsbnnc--bnw,offline_nips,"A unified framework for learning distributions of interest (e.g., guidance, de-biasing) in the latent space of pre-trained generative models, with fast, feed-forward sampling at inference.","Generative models (e.g., GANs, diffusion models) learn the underlying data distribution in an unsupervised manner. However, many applications of interest require sampling from a particular region of the output space or sampling evenly over a range of characteristics. For efficient sampling in these "
10,5621,Max-Margin Deep Generative Models,Chongxuan Li; Jun Zhu; Tianlin Shi; Bo Zhang,2015,NIPS 2015,main,Poster,,,0,0.979,0.000,,https://nips.cc/virtual/2015/poster/5621,https://papers.nips.cc/paper_files/paper/2015/file/9c3b1830513cc3b8fc4b76635d32e692-Paper.pdf,offline_nips,,"Deep generative models (DGMs) are effective on learning multilayered representations of complex data and performing inference of input data by exploring the generative ability. However, little work has been done on examining or empowering the discriminative ability of DGMs on making accurate predict"
11,Hy7fDog0b,AmbientGAN: Generative models from lossy measurements,Ashish Bora; Eric Price; Alexandros G. Dimakis,2018,ICLR 2018,main,Oral,,Generative models;Adversarial networks;Lossy measurements,0,0.978,0.000,,https://iclr.cc/virtual/2018/poster/231,https://openreview.net/pdf?id=Hy7fDog0b,offline_iclr,"How to learn GANs from noisy, distorted, partial observations","Generative models provide a way to model structure in complex distributions and have been shown to be useful for many tasks of practical interest. However, current techniques for training generative models require access to fully-observed samples. In many settings, it is expensive or even impossible"
12,HyCRyS9gx,Fast Adaptation in Generative Models with Generative Matching Networks,Sergey Bartunov; Dmitry P. Vetrov,2017,ICLR 2017,main,Reject,,Deep learning;Unsupervised Learning,0,0.978,0.000,,https://openreview.net/forum?id=HyCRyS9gx,,offline_iclr,A nonparametric conditional generative model with fast small-shot adaptation,"Despite recent advances, the remaining bottlenecks in deep generative models are necessity of extensive training and difficulties with generalization from small number of training examples.
Both problems may be addressed by conditional generative models that are trained to adapt the generative distr"
13,4448,Semi-supervised Learning with Deep Generative Models,Diederik P. Kingma; Danilo J. Rezende; Shakir Mohamed; Max Welling,2014,NIPS 2014,main,Spotlight,,,0,0.978,0.000,,https://nips.cc/virtual/2014/poster/4448,https://papers.nips.cc/paper_files/paper/2014/file/6d42b1217a6996997ead5a8398c1f944-Paper.pdf,offline_nips,,The ever-increasing size of modern data sets combined with the difficulty of obtaining label information has made semi-supervised learning one of the problems of significant practical importance in modern data analysis. We revisit the approach to semi-supervised learning with generative models and d
14,KpoQSgxbKH,Generative Pre-training for Speech with Flow Matching,Alexander H. Liu; Matthew Le; Apoorv Vyas; Bowen Shi; Andros Tjandra,2024,ICLR 2024,main,Poster,generative models,speech pre-training;speech generation;generative pre-training;flow matching,0,0.977,0.000,,https://iclr.cc/virtual/2024/poster/18885,https://openreview.net/pdf?id=KpoQSgxbKH,offline_iclr,,"Generative models have gained more and more attention in recent years for their remarkable success in tasks that required estimating and sampling data distribution to generate high-fidelity synthetic data. In speech, text-to-speech synthesis and neural vocoder are good examples where generative mode"
15,jHA-yCyBGb,DIFFUSION GENERATIVE MODELS ON SO(3),Yesukhei Jagvaral; Francois Lanusse; Rachel Mandelbaum,2023,ICLR 2023,main,Reject,,Deep Generative Models;Manifold Learning;SO(3);Denoising Diffusion;Score-based models,0,0.976,0.000,,https://openreview.net/forum?id=jHA-yCyBGb,,offline_iclr,"In this work, we establish a framework for score-based denoising diffusion generative models on the SO(3) manifold.","Diffusion-based generative models represent the current state-of-the-art for image generation. However, standard diffusion models are based on Euclidean geometry and do not translate directly to manifold-valued data. In this work, we develop extensions of both score-based generative models (SGMs) an"
16,Bukc7HhE3Y,Query in Your Tongue: Reinforce Large Language Models with Retrievers for Cross-lingual Search Generative Experience,Ping Guo; Yue Hu; Yanan Cao; Yubing Ren; Yunpeng Li,2024,WWW 2024,main,Oral,,Large Language Models;Search Generative Experience;Cross-lingual Information Retrieval,0,0.975,0.000,,,,offline_www,,
17,ryga2CNKDH,Evaluating Lossy Compression Rates of Deep Generative Models,Sicong Huang; Alireza Makhzani; Yanshuai Cao; Roger Grosse,2020,ICLR 2020,main,Reject,,Deep Learning;Generative Models;Information Theory;Rate Distortion Theory,0,0.975,0.000,,https://openreview.net/forum?id=ryga2CNKDH,,offline_iclr,"We study rate distortion approximations for evaluating deep generative models, and show that rate distortion curves provide more insights about the model than the log-likelihood alone while requiring roughly the same computational cost.","Deep generative models have achieved remarkable progress in recent years. Despite this progress, quantitative evaluation and comparison of generative models remains as one of the important challenges. One of the most popular metrics for evaluating generative models is the log-likelihood. While the d"
18,Byk4My-RZ,Flexible Prior Distributions for Deep Generative Models,Yannic Kilcher; Aurelien Lucchi; Thomas Hofmann,2018,ICLR 2018,main,Reject,,Deep Generative Models;GANs,0,0.975,0.000,,https://openreview.net/forum?id=Byk4My-RZ,,offline_iclr,,"We consider the problem of training generative models with deep neural networks as generators, i.e. to map latent codes to data points. Whereas the dominant paradigm combines simple priors over codes with complex deterministic models,
we argue that it might be advantageous to use more flexible code "
19,18357,Sinkhorn Natural Gradient for Generative Models,Zebang Shen; Zhenfu Wang; Alejandro Ribeiro; Hamed Hassani,2020,NIPS 2020,main,Spotlight,,,0,0.975,0.000,,https://nips.cc/virtual/2020/poster/18357,https://papers.nips.cc/paper_files/paper/2020/file/122e27d57ae8ecb37f3f1da67abb33cb-Paper.pdf,offline_nips,,
20,site_c1011dc788,Counterfactual Generative Models for Time-Varying Treatments,Shenghao Wu; Wenbin Zhou; Minshuo Chen; Shixiang Zhu,2024,KDD 2024,main,,,,0,0.975,0.000,,,,offline_kdd,,
21,site_9dc3f34d01,Non-autoregressive Generative Models for Reranking Recommendation,Yuxin Ren; Qiya Yang; Yichun Wu; Wei Xu; Yalong Wang,2024,KDD 2024,Applied Data Science,,,,0,0.975,0.000,,,,offline_kdd,,
22,31774,ManiFPT: Defining and Analyzing Fingerprints of Generative Models,Hae Jin Song; Mahyar Khayatkhoei; Wael AbdAlmageed,2024,CVPR 2024,main,Poster,,,0,0.973,0.000,,https://cvpr.thecvf.com/virtual/2024/poster/31774,https://openaccess.thecvf.com/content/CVPR2024/papers/Song_ManiFPT_Defining_and_Analyzing_Fingerprints_of_Generative_Models_CVPR_2024_paper.pdf,offline_cvpr,,Recent works have shown that generative models leave traces of their underlying generative process on the generated samples broadly referred to as fingerprints of a generative model and have studied their utility in detecting synthetic images from real ones. However the extend to which these fingerp
23,mHuQxVXlyR,Equalized Generative Treatment: Matching $f$-divergences for Fairness in Generative Models,,2026,ICLR 2026,main,Active,generative models,Fairness;Generative Models,0,0.971,0.000,,https://openreview.net/forum?id=mHuQxVXlyR,,offline_iclr,,"Fairness is a crucial concern for generative models, which not only reflect but can also amplify societal and cultural biases. Existing fairness notions for generative models are largely adapted from classification, focusing on balancing probability of generating each sensitive group. We show, both "
24,IfqXxs1lCJ,On the Evaluation of Generative Models in Distributed Learning Tasks,Zixiao Wang; Farzan Farnia; Zhenghao Lin; Yunheng Shen; Bei Yu,2024,ICLR 2024,main,Reject,generative models,generative models;model evaluation;distributed learning,0,0.970,0.000,,https://openreview.net/forum?id=IfqXxs1lCJ,,offline_iclr,,"The evaluation of deep generative models including generative adversarial networks (GANs) and diffusion models has been extensively studied in the literature. While the existing evaluation methods mainly target a centralized learning problem with training data stored by a single client, many applica"
25,jNhWDHdjVi4,Learning Consistent Deep Generative Models from Sparse Data via Prediction Constraints,Gabriel Hope; Madina Abdrakhmanova; Xiaoyin Chen; Michael C Hughes; Erik B Sudderth,2021,ICLR 2021,main,Reject,,Semisupervised learning;deep generative models;variational autoencoders,0,0.970,0.000,,https://openreview.net/forum?id=jNhWDHdjVi4,,offline_iclr,,"We develop a new framework for learning variational autoencoders and other deep generative models that balances generative and discriminative goals. Our framework optimizes model parameters to maximize a variational lower bound on the likelihood of observed data, subject to a task-specific predictio"
26,VCD05OEn7r,CAGE: Probing Causal Relationships in Deep Generative Models,Joey Bose; Ricardo Pio Monti; Aditya Grover,2022,ICLR 2022,main,Reject,,Generative Models;Causality,0,0.969,0.000,,https://openreview.net/forum?id=VCD05OEn7r,,offline_iclr,,"Deep generative models excel at generating complex, high-dimensional data, often exhibiting impressive generalization beyond the training distribution. The learning principle for these models is however purely based on statistical objectives and it is unclear to what extent such models have internal"
27,Tsy9WCO_fK1,Can Push-forward Generative Models Fit Multimodal Distributions?,Antoine Salmona; Valentin De Bortoli; Julie Delon; Agnès Desolneux,2022,NIPS 2022,main,Accept,,Generative Models;GAN;VAE;Diffusion Models;Score-based Models;Expressivity;Lipschitz Mappings,0,0.968,0.000,,https://nips.cc/virtual/2022/poster/54574,https://openreview.net/pdf?id=Tsy9WCO_fK1,offline_nips,This paper highlights that there exists a trade-off for GANs and VAEs between their expressivity and the stability of their training. ,"Many generative models synthesize data by transforming a standard Gaussian random variable using a deterministic neural network. Among these models are the Variational Autoencoders and the Generative Adversarial Networks. In this work, we call them ""push-forward"" models and study their expressivity."
28,jmopGajkFY,MEGA: Multilingual Evaluation of Generative AI,Kabir Ahuja; Harshita Diddee; Rishav Hada; Millicent Ochieng; Krithika Ramesh,2023,EMNLP 2023,main,Long Main,,Large Language Models;Multilinguality;Evaluation;Low Resource Languages;Benchmarking,0,0.968,0.000,,https://openreview.net/forum?id=jmopGajkFY,,offline_emnlp,,"Generative AI models have shown impressive performance on many Natural Language Processing tasks such as language understanding, reasoning, and language generation. An important question being asked by the AI community today is about the capabilities and limits of these models, and it is clear that "
29,tL8dpJmECp,Improving Fairness and Mitigating MADness in Generative Models,Paul M Mayer; Lorenzo Luzi; Ali Siahkoohi; Don H. Johnson; Richard Baraniuk,2025,ICLR 2025,main,Reject,generative models,Hypernetworks;Generative Models;Fairness;MADness;Maximum Likelihood Estimation;Bias,0,0.967,0.000,,https://openreview.net/forum?id=tL8dpJmECp,,offline_iclr,,"Generative models unfairly penalize data belonging to minority classes, suffer from model autophagy disorder (MADness), and learn biased estimates of the underlying distribution parameters.  Our theoretical and empirical results show that training generative models with intentionally designed hypern"
30,RcANissyP4,SelfEval: Leveraging the discriminative nature of generative models for evaluation,Sai Saketh Rambhatla; Ishan Misra,2024,ICLR 2024,main,Reject,generative models,generative models;diffusion models;generative model evaluation,0,0.965,0.000,,https://openreview.net/forum?id=RcANissyP4,,offline_iclr,,"In this work, we show that text-to-image generative models can be `inverted' to assess their own text-image understanding capabilities in a completely automated manner. Our method, called SelfEval, uses the generative model to compute the likelihood of real images given text prompts, making the gene"
31,JORAfH2xFd,On the Stability of Iterative Retraining of Generative Models on their own Data,Quentin Bertrand; Joey Bose; Alexandre Duplessis; Marco Jiralerspong; Gauthier Gidel,2024,ICLR 2024,main,Spotlight,generative models,Generative Models;Iterative Training;Diffusion,0,0.964,0.000,,https://iclr.cc/virtual/2024/poster/18942,https://openreview.net/pdf?id=JORAfH2xFd,offline_iclr,,"Deep generative models have made tremendous progress in modeling complex data, often exhibiting generation quality that surpasses a typical human's ability to discern the authenticity of samples. Undeniably, a key driver of this success is enabled by the massive amounts of web-scale data consumed by"
32,paper331,Knowledge-Based Regularization in Generative Modeling,Naoya Takeishi; Yoshinobu Kawahara,2020,IJCAI 2020,main,Poster,Machine Learning,Machine Learning: Knowledge-based Learning; Machine Learning: Learning Generative Models; Machine Learning: Deep Generative Models,0,0.964,0.000,,https://www.ijcai.org/proceedings/2020/331,https://www.ijcai.org/proceedings/2020/0331.pdf,offline_ijcai,,"Prior domain knowledge can greatly help to learn generative models. However, it is often too costly to hard-code prior knowledge as a specific model architecture, so we often have to use general-purpose models. In this paper, we propose a method to incorporate prior knowledge of feature relations in"
33,e65KZ0ixi0,Evaluating Graph Generative Models with Contrastively Learned Features,Hamed Shirzad; Kaveh Hassani; Danica J. Sutherland,2022,NIPS 2022,main,Accept,,generative model evaluation;graph generative models;self-supervised learning,0,0.963,0.000,,https://nips.cc/virtual/2022/poster/53578,https://openreview.net/pdf?id=e65KZ0ixi0,offline_nips,Contrastively learned representations give better metrics for evaluating graph generative models,"A wide range of models have been proposed for Graph Generative Models, necessitating effective methods to evaluate their quality. So far, most techniques use either traditional metrics based on subgraph counting, or the representations of randomly initialized Graph Neural Networks (GNNs). We propose"
34,rJTGkKxAZ,Learning Generative Models with Locally Disentangled Latent Factors,Brady Neal; Alex Lamb; Sherjil Ozair; Devon Hjelm; Aaron Courville,2018,ICLR 2018,main,Reject,,Generative Models;Hierarchical Models;Latent Variable Models,0,0.962,0.000,,https://openreview.net/forum?id=rJTGkKxAZ,,offline_iclr,Decompose the task of learning a generative model into learning disentangled latent factors for subsets of the data and then learning the joint over those latent factors.  ,"One of the most successful techniques in generative models has been decomposing a complicated generation task into a series of simpler generation tasks.  For example, generating an image at a low resolution and then learning to refine that into a high resolution image often improves results substant"
35,rUH2EDpToF,Generative Marginalization Models,Sulin Liu; Peter Ramadge; Ryan P Adams,2024,ICLR 2024,main,Reject,generative models,discrete generative models;marginalization;probabilistic models,0,0.962,0.000,,https://openreview.net/forum?id=rUH2EDpToF,,offline_iclr,,"We introduce *marginalization models* (MAMs), a new family of generative models
for high-dimensional discrete data. They offer scalable and flexible generative modeling with tractable likelihoods 
by explicitly modeling all induced marginal distributions. Marginalization models enable fast evaluatio"
36,hP-pn8bKffe,Boltzman Tuning of Generative Models,Victor Berger; Michele Sebag,2021,ICLR 2021,main,Withdraw,,generative models;variational inference,0,0.961,0.000,,https://openreview.net/forum?id=hP-pn8bKffe,,offline_iclr,,"The paper focuses on the a posteriori tuning of a generative model in order to favor the generation of good instances in the sense of some external differentiable criterion.  The proposed approach, called Boltzmann Tuning of Generative Models (BTGM)  applies to a wide range of applications. It cover"
37,bbmcIaEmJG,GDR-learners: Orthogonal Learning of Generative Models for Potential Outcomes,,2026,ICLR 2026,main,Active,causal reasoning,causal machine learning;orthogonal learning;deep generative models;potential outcomes estimation,0,0.961,0.000,,https://openreview.net/forum?id=bbmcIaEmJG,,offline_iclr,,"Various deep generative models have been proposed to estimate potential outcomes distributions from observational data. However, none of them have the favorable theoretical property of general Neyman-orthogonality and, associated with it, quasi-oracle efficiency and double robustness. In this paper,"
38,Hke2Rh4Kvr,Boosting Generative Models by Leveraging Cascaded Meta-Models,Fan Bao; Hang Su; Jun Zhu,2020,ICLR 2020,main,Withdraw,,Probabilistic Machine Learning;Learning Generative Models;Unsupervised Learning,0,0.961,0.000,,https://openreview.net/forum?id=Hke2Rh4Kvr,,offline_iclr,Propose an approach for boosting generative models by cascading hidden variable models,"A deep generative model is a powerful method of learning a data distribution, which has achieved tremendous success in numerous scenarios. However, it is nontrivial for a single generative model to faithfully capture the distributions of the complex data such as images with complicate structures. In"
39,,DreamTeacher: Pretraining Image Backbones with Deep Generative Models,Daiqing Li; Huan Ling; Amlan Kar; David Acuna; Seung Wook Kim,2023,ICCV 2023,main,Poster,,,0,0.960,0.000,,,https://openaccess.thecvf.com/content/ICCV2023/papers/Li_DreamTeacher_Pretraining_Image_Backbones_with_Deep_Generative_Models_ICCV_2023_paper.pdf,offline_iccv,,"In this work, we introduce a self-supervised feature representation learning framework DreamTeacher that utilizes generative networks for pre-training downstream image backbones. We propose to distill knowledge from a trained generative model into standard image backbones that have been well enginee"
40,7xKT7iZpzY,Cover-separable Fixed Neural Network Steganography via Deep Generative Models,GuoBiao Li; Sheng Li; Zhenxing Qian; Xinpeng Zhang,2024,ACMMM 2024,main,Poster,[Experience] Multimedia Applications,,0,0.960,0.000,,,,offline_acmmm,,
41,2021.findings-emnlp.286,Distilling the Knowledge of Large-scale Generative Models into Retrieval Models for Efficient Open-domain Conversation,Beomsu Kim; Seokjun Seo; Seungju Han; Enkhbayar Erdenee; Buru Chang,2021,EMNLP 2021,main,finding,,,0,0.960,0.000,,https://aclanthology.org/2021.findings-emnlp.286/,https://aclanthology.org/2021.findings-emnlp.286.pdf,offline_emnlp,,"Despite the remarkable performance of large-scale generative models in open-domain conversation, they are known to be less practical for building real-time conversation systems due to high latency. On the other hand, retrieval models could return responses with much lower latency but show inferior p"
42,WpuBEtrn0t,Regularizing Neural Networks with Meta-Learning Generative Models,Shin'ya Yamaguchi; Daiki Chijiwa; Sekitoshi Kanai; Atsutoshi Kumagai; Hisashi Kashima,2023,NIPS 2023,main,Poster,,Deep Learning;Generative Models;Generative Data Augmentation;Regularization;Meta-Learning,0,0.960,0.000,,https://nips.cc/virtual/2023/poster/71390,https://openreview.net/pdf?id=WpuBEtrn0t,offline_nips,,This paper investigates methods for improving generative data augmentation for deep learning. Generative data augmentation leverages the synthetic samples produced by generative models as an additional dataset for classification with small dataset settings. A key challenge of generative data augment
43,1YHF7B8Yjk,Generalised Flow Maps for Few-Step Generative Modelling on Riemannian Manifolds,,2026,ICLR 2026,main,Active,generative models,generative modelling;Riemannian geometry;few-step generative modelling,0,0.959,0.000,,https://openreview.net/forum?id=1YHF7B8Yjk,,offline_iclr,,"Geometric data 
and purpose-built generative models on them have become ubiquitous in high-impact deep learning application domains, ranging from protein backbone generation and computational chemistry to geospatial data. 
Current geometric generative models remain computationally expensive at infer"
44,Skl1HCNKDr,Learning Generative Models using Denoising Density Estimators,Siavash Bigdeli; Geng Lin; Tiziano Portenier; Andrea Dunbar; Matthias Zwicker,2020,ICLR 2020,main,Reject,,generative probabilistic models;denoising autoencoders;neural density estimation,0,0.959,0.000,,https://openreview.net/forum?id=Skl1HCNKDr,,offline_iclr,"A novel approach to train generative models including density estimation; different from normalizing and continuous flows, VAEs, or autoregressive models.","Learning generative probabilistic models that can estimate the continuous density given a set of samples, and that can sample from that density is one of the fundamental challenges in unsupervised machine learning. In this paper we introduce a new approach to obtain such models based on what we call"
45,cSpjHOf04S,gen2seg: Generative Models Enable Generalizable Instance Segmentation,,2026,ICLR 2026,main,Active,generative models,generative model;instance segmentation;generalization;stable diffusion;mae;representation learning;zero-shot,0,0.957,0.000,,https://openreview.net/forum?id=cSpjHOf04S,,offline_iclr,,"By pretraining to synthesize coherent images from perturbed inputs, generative models inherently learn to understand object boundaries and scene compositions. How can we repurpose these generative representations for general-purpose perceptual organization?  We finetune Stable Diffusion and MAE (enc"
46,Hy1d-ebAb,Learning Deep Generative Models of Graphs,Yujia Li; Oriol Vinyals; Chris Dyer; Razvan Pascanu; Peter Battaglia,2018,ICLR 2018,main,Workshop,,Generative Model of Graphs,0,0.957,0.000,,https://openreview.net/forum?id=Hy1d-ebAb,,offline_iclr,We study the graph generation problem and propose a powerful deep generative model capable of generating arbitrary graphs.,"Graphs are fundamental data structures required to model many important real-world data, from knowledge graphs, physical and social interactions to molecules and proteins. In this paper, we study the problem of learning generative models of graphs from a dataset of graphs of interest. After learning"
47,lxGFGMMSVl,Spontaneous symmetry breaking in generative diffusion models,Gabriel Raya; Luca Ambrogioni,2023,NIPS 2023,main,Poster,,generative models;diffusion models;score-based generative models; symmetry-breaking,0,0.957,0.000,,https://nips.cc/virtual/2023/poster/70568,https://openreview.net/pdf?id=lxGFGMMSVl,offline_nips,,"Generative diffusion models have recently emerged as a leading approach for generating high-dimensional data. In this paper, we show that the dynamics of these models exhibit a spontaneous symmetry breaking that divides the generative dynamics into two distinct phases: 1) A linear steady-state dynam"
48,nxl-IjnDCRo,On Analyzing Generative and Denoising Capabilities of Diffusion-based Deep Generative Models,Kamil Deja; Anna Kuzina; Tomasz Trzcinski; Jakub Mikolaj Tomczak,2022,NIPS 2022,main,Accept,,Diffusion generative models;DDGM;denoising autoencoders,0,0.957,0.000,,https://nips.cc/virtual/2022/poster/53410,https://openreview.net/pdf?id=nxl-IjnDCRo,offline_nips,We show that diffusion-based generative models are composed of generative and denoising parts,"Diffusion-based Deep Generative Models (DDGMs) offer state-of-the-art performance in generative modeling. Their main strength comes from their unique setup in which a model (the backward diffusion process) is trained to reverse the forward diffusion process, which gradually adds noise to the input s"
49,B1M8JF9xx,On the Quantitative Analysis of Decoder-Based Generative Models,Yuhuai Wu; Yuri Burda; Ruslan Salakhutdinov; Roger Grosse,2017,ICLR 2017,main,Poster,,Deep learning;Unsupervised Learning,0,0.956,0.000,,https://openreview.net/forum?id=B1M8JF9xx,,offline_iclr,"We propose to use Annealed Importance Sampling to evaluate decoder-based generative network, and investigate various properties of these models.","The past several years have seen remarkable progress in generative models which produce convincing samples of images and other modalities. A shared component of some popular models such as generative adversarial networks and generative moment matching networks, is a decoder network, a parametric dee"
50,RTlMbI4OSg,Exploring the Use of Abusive Generative AI Models on Civitai,Yiluo Wei; Yiming Zhu; Pan Hui; Gareth Tyson,2024,ACMMM 2024,main,Poster,[Generation] Social Aspects of Generative AI,,0,0.955,0.000,,,,offline_acmmm,,
51,hCy2mld5DK,Towards Training One-Step Diffusion Models Without Distillation,Mingtian Zhang; Wenlin Chen; Jiajun He; Zijing Ou; José Miguel Hernández-Lobato,2026,ICLR 2026,main,Withdraw,"probabilistic methods (Bayesian methods, variational inference, sampling, UQ, etc.)",diffusion model;one-step generative model;distillation,0,0.136,0.673,,https://openreview.net/forum?id=hCy2mld5DK,,offline_iclr,,Recent advances in training one-step diffusion models typically follow a two-stage pipeline: first training a teacher diffusion model and then distilling it into a one-step student model. This process often depends on both the teacher’s score function for supervision and its weights for initializing
52,lS2SGfWizd,Adversarial Score identity Distillation: Rapidly Surpassing the Teacher in One Step,Mingyuan Zhou; Huangjie Zheng; Yi Gu; Zhendong Wang; Hai Huang,2025,ICLR 2025,main,Poster,generative models,Diffusion distillation;deep generative models,0,0.127,0.573,,https://iclr.cc/virtual/2025/poster/28519,https://openreview.net/pdf?id=lS2SGfWizd,offline_iclr,,"Score identity Distillation (SiD) is a data-free method that has achieved state-of-the-art performance in image generation by leveraging only a pretrained diffusion model, without requiring any training data. However, the ultimate performance of SiD is constrained by the accuracy with which the pret"
53,qDg8KNq0Fm,MFSR: MeanFlow Distillation for One Step Real-World Image Super Resolution,Ruiqing Wang; Yuanzhi Zhu; Kai Zhang; Hanshu Yan; Shilin Lu,2026,ICLR 2026,main,Withdraw,generative models,Diffusion models,0,0.114,0.593,,https://openreview.net/forum?id=qDg8KNq0Fm,,offline_iclr,,"Diffusion- and flow-based models have advanced real-world image super-resolution (Real-ISR), but their multi-step sampling makes inference slow and hard to deploy. One-step distillation alleviates the cost, yet often degrades restoration quality and removes the option to refine with more steps. We p"
54,2024.findings-acl.662,Distillation Enhanced Generative Retrieval,Yongqi Li; Zhen Zhang; Wenjie Wang; Liqiang Nie; Wenjie Li,2024,ACL 2024,main,Findings,,,0,0.106,0.529,,https://aclanthology.org/2024.findings-acl.662/,https://aclanthology.org/2024.findings-acl.662.pdf,offline_acl,,"Generative retrieval is a promising new paradigm in text retrieval that generates identifier strings of relevant passages as the retrieval target. This paradigm leverages powerful generative language models, distinct from traditional sparse or dense retrieval methods. In this work, we identify a via"
55,ByQpn1ZA-,Many Paths to Equilibrium: GANs Do Not Need to Decrease a Divergence At Every Step,William Fedus*; Mihaela Rosca*; Balaji Lakshminarayanan; Andrew M. Dai; Shakir Mohamed,2018,ICLR 2018,main,Poster,,Deep learning;GAN,0,0.102,0.333,,https://iclr.cc/virtual/2018/poster/180,https://openreview.net/pdf?id=ByQpn1ZA-,offline_iclr,We find evidence that divergence minimization may not be an accurate characterization of GAN training.,"Generative adversarial networks (GANs) are a family of generative models that do not minimize a single training criterion. Unlike other generative models, the data distribution is learned via a game between a generator (the generative model) and a discriminator (a teacher providing training signal) "
56,WNzy9bRDvG,Improved Techniques for Training Consistency Models,Yang Song; Prafulla Dhariwal,2024,ICLR 2024,main,Oral,generative models,Consistency Models;Consistency Training;Diffusion Models;Score-Based Generative Models;Score-Based Diffusion Models;Distillation,0,0.098,0.519,,https://iclr.cc/virtual/2024/poster/18479,https://openreview.net/pdf?id=WNzy9bRDvG,offline_iclr,,Consistency models are a nascent family of generative models that can sample high quality data in one step without the need for adversarial training. Current consistency models achieve optimal sample quality by distilling from pre-trained diffusion models and employing learned metrics such as LPIPS.
57,2vlhdheveh,One Step Diffusion-based Super-Resolution with Time-Aware Distillation,Xiao He; Huaao Tang; Zhijun Tu; Junchao Zhang; Kun Cheng,2025,ICLR 2025,main,Reject,generative models,Efficient diffusion;Super-resolution;Knowledge distillation,0,0.097,0.537,,https://openreview.net/forum?id=2vlhdheveh,,offline_iclr,,"Diffusion-based image super-resolution (SR) methods have shown promise in reconstructing high-resolution images with fine details from low-resolution counterparts. However, these approaches typically require tens or even hundreds of iterative samplings, resulting in significant latency. Recently, te"
58,ue1zFeD275,FS-DFM: Fast and Accurate Long Text Generation with Few-Step Diffusion Language Models,,2026,ICLR 2026,main,Active,generative models,Diffusion language model;few step generation;flow matching,0,0.097,0.565,,https://openreview.net/forum?id=ue1zFeD275,,offline_iclr,,"Autoregressive language models (ARMs) deliver strong likelihoods, but are inherently serial: they generate one token per forward pass, which limits throughput and inflates latency for long sequences. Diffusion Language Models (DLMs) parallelize across positions and thus appear promising for language"
59,9PpLnRAZjN,End-to-End One Step Flow Matching via Flow Fitting,,2026,ICLR 2026,main,Active,generative models,Flow matching;Single step generative models,0,0.095,0.556,,https://openreview.net/forum?id=9PpLnRAZjN,,offline_iclr,,"Diffusion and flow-matching models have demonstrated impressive performance in generating diverse, high-fidelity images by learning transformations from noise to data. However, their reliance on multi-step sampling requires repeated neural network evaluations, leading to high computational cost. We "
60,QDkPAV9Fa5,Optimizing Knowledge Distillation in Transformers: Enabling Power of Multi-Head Attention without Alignment Barriers,Zhaodong Bing; Linze Li; Jiajun Liang,2025,ICLR 2025,main,Reject,generative models,Knowledge distillation; Multi-head Attention; Transformers; Generative models;,0,0.095,0.534,,https://openreview.net/forum?id=QDkPAV9Fa5,,offline_iclr,,"Knowledge distillation has been proven effective for compressing transformer architectures by transferring knowledge from teacher to student models. Logits-based methods of knowledge distillation cannot fully capture the intermediate representations and features within the teacher model, which may r"
61,2mDquK2qMI,One Step Diffusion via Flow Fitting,Hamadi Chihaoui; Paolo Favaro,2025,NIPS 2025,main,Reject,deep_learning,Efficient generative models;Single step diffusion,0,0.094,0.523,,https://openreview.net/forum?id=2mDquK2qMI,,offline_nips,,"Diffusion and flow-matching models have demonstrated impressive performance in generating diverse, high-fidelity images by learning transformations from noise to data. However, their reliance on multi-step sampling requires repeated neural network evaluations, leading to high computational cost. We "
62,trYkgJMOXhy,Generative Fairness Teaching,Rongmei Lin; Hanjun Dai; Li Xiong; Wei Wei,2021,ICLR 2021,main,Reject,,fairness;student teacher model;counterfactual generative model,0,0.093,0.415,,https://openreview.net/forum?id=trYkgJMOXhy,,offline_iclr,,Increasing evidences has shown that data biases towards sensitive features such as gender or race are often inherited or even amplified by machine learning models. Recent advancements in fairness mitigate such biases by adjusting the predictions across sensitive groups during the training. Such a co
63,31226,SinSR: Diffusion-Based Image Super-Resolution in a Single Step,Yufei Wang; Wenhan Yang; Xinyuan Chen; Yaohui Wang; Lanqing Guo,2024,CVPR 2024,main,Poster,,,0,0.091,0.496,,https://cvpr.thecvf.com/virtual/2024/poster/31226,https://openaccess.thecvf.com/content/CVPR2024/papers/Wang_SinSR_Diffusion-Based_Image_Super-Resolution_in_a_Single_Step_CVPR_2024_paper.pdf,offline_cvpr,,While super-resolution (SR) methods based on diffusion models exhibit promising results their practical application is hindered by the substantial number of required inference steps. Recent methods utilize the degraded images in the initial state thereby shortening the Markov chain. Nevertheless the
64,article-29579,Progressively Knowledge Distillation via Re-parameterizing Diffusion Reverse Process,Xufeng Yao; Fanbin Lu; Yuechen Zhang; Xinyun Zhang; Wenqian Zhao,2024,AAAI 2024,main,Technical,machine learning vi,,0,0.088,0.487,,https://ojs.aaai.org/index.php/AAAI/article/view/29579,https://ojs.aaai.org/index.php/AAAI/article/view/29579/30973,offline_aaai,,"Knowledge distillation aims at transferring knowledge from the teacher model to the student one by aligning their distributions. 
Feature-level distillation often uses L2 distance or its variants as the loss function, based on the assumption that outputs follow normal distributions. 
This poses a si"
65,22913,Stare at What You See: Masked Image Modeling Without Reconstruction,Hongwei Xue; Peng Gao; Hongyang Li; Yu Qiao; Hao Sun,2023,CVPR 2023,main,Poster,,,0,0.088,0.467,,https://cvpr.thecvf.com/virtual/2023/poster/22913,https://openaccess.thecvf.com/content/CVPR2023/papers/Xue_Stare_at_What_You_See_Masked_Image_Modeling_Without_Reconstruction_CVPR_2023_paper.pdf,offline_cvpr,,"Masked Autoencoders (MAE) have been prevailing paradigms for large-scale vision representation pre-training. By reconstructing masked image patches from a small portion of visible image regions, MAE forces the model to infer semantic correlation within an image. Recently, some approaches apply seman"
66,akddwRG6EGi,High-dimensional Asymptotics of Feature Learning: How One Gradient Step Improves the Representation,Jimmy Ba; Murat A Erdogdu; Taiji Suzuki; Zhichao Wang; Denny Wu,2022,NIPS 2022,main,Accept,,random matrix theory;two-layer neural network;kernel method;feature learning,0,0.088,0.425,,https://nips.cc/virtual/2022/poster/53597,https://openreview.net/pdf?id=akddwRG6EGi,offline_nips,,"We study the first gradient descent step on the first-layer parameters $\boldsymbol{W}$ in a two-layer neural network: $f(\boldsymbol{x}) = \frac{1}{\sqrt{N}}\boldsymbol{a}^\top\sigma(\boldsymbol{W}^\top\boldsymbol{x})$, where $\boldsymbol{W}\in\mathbb{R}^{d\times N}, \boldsymbol{a}\in\mathbb{R}^{N}"
67,698,You Only Need One Step: Fast Super-Resolution with Stable Diffusion via Scale Distillation,Mehdi Noroozi*; Isma Hadji*; Brais Martinez*; Adrian Bulat*; Georgios Tzimiropoulos*,2024,ECCV 2024,main,Poster,,,0,0.087,0.507,,https://eccv2024.ecva.net//virtual/2024/poster/698,https://www.ecva.net/papers/eccv_2024/papers_ECCV/papers/04181.pdf,offline_eccv,,"""In this paper, we introduce YONOS-SR, a novel stable diffusion based approach for image super-resolution that yields state-of-the-art results using only a single DDIM step. Specifically, we propose a novel scale distillation approach to train our SR model. Instead of directly training our SR model "
68,OlzB6LnXcS,One Step Diffusion via Shortcut Models,Kevin Frans; Danijar Hafner; Sergey Levine; Pieter Abbeel,2025,ICLR 2025,main,Oral,generative models,diffusion;flow-matching;fast inference;distillation,0,0.087,0.531,,https://iclr.cc/virtual/2025/poster/29802,https://openreview.net/pdf?id=OlzB6LnXcS,offline_iclr,,"Diffusion models and flow matching models have enabled generating diverse and realistic images by learning to transfer noise to data. However, sampling from these models involves iterative denoising over many neural network passes, making generation slow and expensive. Previous approaches for speedi"
69,Syl38yrFwr,Near-Zero-Cost Differentially Private Deep Learning with Teacher Ensembles,Lichao Sun; Yingbo Zhou; Jia Li; Richard Socher; Philip S. Yu,2020,ICLR 2020,main,Reject,,,0,0.086,0.377,,https://openreview.net/forum?id=Syl38yrFwr,,offline_iclr,,"Ensuring the privacy of sensitive data used to train modern machine learning models is of paramount importance in many areas of practice. One approach to study these concerns is through the lens of differential privacy. In this framework, privacy guarantees are generally obtained by perturbing model"
70,h5zYGF68KH,PaGoDA: Progressive Growing of a One-Step Generator from a Low-Resolution Diffusion Teacher,Dongjun Kim; Chieh-Hsin Lai; Wei-Hsiang Liao; Yuhta Takida; Naoki Murata,2024,NIPS 2024,main,Poster,generative_models,Diffusion Models; Distillation Models; Generative Models; Generative AI; Text-to-Image Generation; Generative Adversarial Networks (GAN); Variational Autoencoders (VAE),0,0.085,0.474,,https://neurips.cc/virtual/2024/poster/94093,https://openreview.net/pdf?id=h5zYGF68KH,offline_nips,,"The diffusion model performs remarkable in generating high-dimensional content but is computationally intensive, especially during training. We propose Progressive Growing of Diffusion Autoencoder (PaGoDA), a novel pipeline that reduces the training costs through three stages: training diffusion on "
71,XIaS66XkNA,Idempotent Generative Network,Assaf Shocher; Amil V Dravid; Yossi Gandelsman; Inbar Mosseri; Michael Rubinstein,2024,ICLR 2024,main,Poster,generative models,Generative model;idempotent;energy based models,0,0.085,0.477,,https://iclr.cc/virtual/2024/poster/18455,https://openreview.net/pdf?id=XIaS66XkNA,offline_iclr,,"We propose a new approach for generative modeling based on training a neural network to be idempotent. An idempotent operator is one that can be applied sequentially without changing the result beyond the initial application, namely $f(f(z))=f(z)$. The proposed model $f$ is trained to map a source d"
72,,Teacher Guided Architecture Search,Pouya Bashivan; Mark Tensen; James J. DiCarlo,2019,ICCV 2019,main,Poster,,,0,0.085,0.327,,,http://openaccess.thecvf.com/content_ICCV_2019/papers/Bashivan_Teacher_Guided_Architecture_Search_ICCV_2019_paper.pdf,offline_iccv,,Much of the recent improvement in neural networks for computer vision has resulted from discovery of new networks architectures. Most prior work has used the performance of candidate models following limited training to automatically guide the search in a feasible way. Could further gains in computa
73,MbFWSPWsJl,Progressive Multistep Data-free Diffusion Distillation,Ngoc Duy Tran; Kien Do; Duc Thanh Nguyen; Truyen Tran,2026,ICLR 2026,main,Withdraw,generative models,Diffusion Models; Diffusion Distillation; Generative Models,0,0.084,0.557,,https://openreview.net/forum?id=MbFWSPWsJl,,offline_iclr,,"While one-step distillation achieves strong single-step generation, these methods are not inherently flexible for multi-step sampling. Efforts to adapt them beyond one step frequently lead to reliance on training data, poor generation quality at early intermediate steps, and significant computationa"
74,zAXg8dW8ZO,One-Line-of-Code Data Mollification Improves Optimization of Likelihood-based Generative Models,Ba-Hien Tran; Giulio Franzese; Pietro Michiardi; Maurizio Filippone,2023,NIPS 2023,main,Poster,,Generative Models;Normalizing Flows;Variational Autoencoders,0,0.084,0.443,,https://nips.cc/virtual/2023/poster/69910,https://openreview.net/pdf?id=zAXg8dW8ZO,offline_nips,,"Generative Models (GMs) have attracted considerable attention due to their tremendous success in various domains, such as computer vision where they are capable to generate impressive realistic-looking images. Likelihood-based GMs are attractive due to the possibility to generate new data by a singl"
75,xVOMtecrAS,See Further When Clear: Adaptive Generative Modeling with Curriculum Consistency Model,Yunpeng Liu; Boxiao Liu; Yi Zhang; Xingzhong Hou; Guanglu Song,2025,ICLR 2025,main,Withdraw,generative models,adaptive curriculum learning;noise schedule;flow matching;consistency models,0,0.084,0.532,,https://openreview.net/forum?id=xVOMtecrAS,,offline_iclr,,"Significant advances have been made in the sampling efficiency of diffusion models, driven by Consistency Distillation (CD), which trains a student model to mimic the output of a teacher model at an earlier timestep. However, we found that the learning complexity of the student model varies signific"
76,,GePSAn: Generative Procedure Step Anticipation in Cooking Videos,Mohamed A. Abdelsalam; Samrudhdhi B. Rangrej; Isma Hadji; Nikita Dvornik; Konstantinos G. Derpanis,2023,ICCV 2023,main,Poster,,,0,0.083,0.463,,,https://openaccess.thecvf.com/content/ICCV2023/papers/Abdelsalam_GePSAn_Generative_Procedure_Step_Anticipation_in_Cooking_Videos_ICCV_2023_paper.pdf,offline_iccv,,"We study the problem of future step anticipation in procedural videos. Given a video of an ongoing procedural activity, we predict a plausible next procedure step described in rich natural language. While most previous work focus on the problem of data scarcity in procedural video datasets, another "
77,ry7O1ssex,Generative Adversarial Networks as Variational Training of Energy Based Models,Shuangfei Zhai; Yu Cheng; Rogerio Feris; Zhongfei Zhang,2017,ICLR 2017,main,Reject,,,0,0.082,0.266,,https://openreview.net/forum?id=ry7O1ssex,,offline_iclr,,"In this paper, we study deep generative models for effective unsupervised learning. We propose VGAN, which works by minimizing a variational lower bound of the negative log likelihood (NLL) of an energy based model (EBM), where the model density $p(\mathbf{x})$ is approximated by a variational distr"
78,,Densely Guided Knowledge Distillation Using Multiple Teacher Assistants,Wonchul Son; Jaemin Na; Junyong Choi; Wonjun Hwang,2021,ICCV 2021,main,Poster,,,0,0.082,0.419,,,https://openaccess.thecvf.com/content/ICCV2021/papers/Son_Densely_Guided_Knowledge_Distillation_Using_Multiple_Teacher_Assistants_ICCV_2021_paper.pdf,offline_iccv,,"With the success of deep neural networks, knowledge distillation which guides the learning of a small student network from a large teacher network is being actively studied for model compression and transfer learning. However, few studies have been performed to resolve the poor learning issue of the"
79,ae7BJIOxkxH,Stingy Teacher: Sparse Logits Suffice to Fail Knowledge Distillation,Haoyu Ma; Yifan Huang; Tianlong Chen; Hao Tang; Chenyu You,2022,ICLR 2022,main,Withdraw,,Knowledge Distillation;avoid knowledge leaking,0,0.082,0.454,,https://openreview.net/forum?id=ae7BJIOxkxH,,offline_iclr,,"Knowledge distillation (KD) aims to transfer the discrimination power of pre-trained teacher models to (more lightweight) student models. However, KD also poses the risk of intellectual properties (IPs) leakage of teacher models. Even if the teacher model is released as a black box, it can still be "
80,YEVJI3Uqkux,AutoDisc: Automatic Distillation Schedule for Large Language Model Compression,Chen Zhang; Yang Yang; Qifan Wang; Jiahao Liu; Jingang Wang,2023,ICLR 2023,main,Withdraw,,,0,0.081,0.462,,https://openreview.net/forum?id=YEVJI3Uqkux,,offline_iclr,,"Driven by the teacher-student paradigm, knowledge distillation is one of the de facto ways for language model compression. Recent studies have uncovered that conventional distillation is less effective when facing a large capacity gap between the teacher and the student, and introduced teacher assis"
81,6ca60dcfe8,Comparative Knowledge Distillation,Alex Tianyi Xu; Alex Wilf; Paul Pu Liang; Alexander Obolenskiy; Daniel Fried,2025,WACV 2025,main,Poster,,,0,0.081,0.520,,https://openaccess.thecvf.com/content/WACV2025/html/Xu_Comparative_Knowledge_Distillation_WACV_2025_paper.html,https://openaccess.thecvf.com/content/WACV2025/papers/Xu_Comparative_Knowledge_Distillation_WACV_2025_paper.pdf,offline_wacv,,In the era of large-scale pretrained models Knowledge Distillation (KD) serves an important role in transferring the wisdom of computationally-heavy teacher models to lightweight efficient student models while preserving performance. Yet KD settings often assume readily available access to teacher m
82,1963,Adversarial Diffusion Distillation,Axel Sauer*; Dominik Lorenz; Andreas Blattmann; Robin Rombach,2024,ECCV 2024,main,Oral,,,0,0.081,0.491,,https://eccv2024.ecva.net//virtual/2024/poster/1963,https://www.ecva.net/papers/eccv_2024/papers_ECCV/papers/11557.pdf,offline_eccv,,"""We introduce Adversarial Diffusion Distillation (ADD), a novel training approach that efficiently samples large-scale foundational image diffusion models in just 1–4 steps while maintaining high image quality. We use score distillation to leverage large-scale off-the-shelf image diffusion models as"
83,1078,Consistency Trajectory Matching for One-Step Generative Super-Resolution,Weiyi You; Mingyang Zhang; Leheng Zhang; Xingyu Zhou; Kexuan Shi,2025,ICCV 2025,main,Poster,,,0,0.080,0.514,,https://iccv.thecvf.com/virtual/2025/poster/1078,https://openaccess.thecvf.com/content/ICCV2025/papers/You_Consistency_Trajectory_Matching_for_One-Step_Generative_Super-Resolution_ICCV_2025_paper.pdf,offline_iccv,,"Current diffusion-based super-resolution (SR) approaches achieve commendable performance at the cost of high inference overhead. Therefore, distillation techniques are utilized to accelerate the multi-step teacher model into one-step student model. Nevertheless, these methods significantly raise tra"
84,QKqWnNkwPL,Self-distillation for diffusion models,Damion Woods; Peter Bloem,2024,ICLR 2024,main,Reject,generative models,Generative models;Diffusion;Self-Distillation;Denoising Diffusion Models;DDIM,0,0.080,0.484,,https://openreview.net/forum?id=QKqWnNkwPL,,offline_iclr,,"In recent years, diffusion models have demonstrated powerful generative capabilities. As they continue to grow in both ability and complexity, performance optimization becomes more relevant. Knowledge Distillation (KD), where the output from a pre-trained teacher model is used to train a smaller stu"
85,article-34293,Hybrid Data-Free Knowledge Distillation,Jialiang Tang; Shuo Chen; Chen Gong,2025,AAAI 2025,main,Technical,machine learning v,,0,0.080,0.511,,https://ojs.aaai.org/index.php/AAAI/article/view/34293,https://ojs.aaai.org/index.php/AAAI/article/view/34293/36448,offline_aaai,,Data-free knowledge distillation aims to learn a compact student network from a pre-trained large teacher network without using the original training data of the teacher network. Existing collection-based and generation-based methods train student networks by collecting massive real examples and gen
86,1178,The Role of Masking for Efficient Supervised Knowledge Distillation of Vision Transformers,Seungwoo Son*; Jegwang Ryu; Namhoon Lee; Jaeho Lee*,2024,ECCV 2024,main,Poster,,,0,0.080,0.474,,https://eccv2024.ecva.net//virtual/2024/poster/1178,https://www.ecva.net/papers/eccv_2024/papers_ECCV/papers/08449.pdf,offline_eccv,,"""Knowledge distillation is an effective method for training lightweight vision models. However, acquiring teacher supervision for training samples is often costly, especially from large-scale models like vision transformers (ViTs). In this paper, we develop a simple framework to reduce the supervisi"
87,FZQYfmsmX9,A Critical Evaluation of AI Feedback for Aligning Large Language Models,Archit Sharma; Sedrick Keh; Eric Mitchell; Chelsea Finn; Kushal Arora,2024,NIPS 2024,main,Poster,natural_language_processing,reinforcement learning from human feedback;ai feedback;alignment;direct preference optimization,0,0.080,0.485,,https://neurips.cc/virtual/2024/poster/95962,https://openreview.net/pdf?id=FZQYfmsmX9,offline_nips,,Learning from AI feedback (LAIF) is a popular paradigm for improving the instruction-following abilities of powerful pre-trained language models. LAIF first performs supervised fine-tuning (SFT) using demonstrations from a teacher model and then further fine-tunes the model with reinforcement learni
88,,Snapshot Distillation: Teacher-Student Optimization in One Generation,Chenglin Yang; Lingxi Xie; Chi Su; Alan L. Yuille,2019,CVPR 2019,main,Poster,,,0,0.080,0.330,,,https://openaccess.thecvf.com/content_CVPR_2019/papers/Yang_Snapshot_Distillation_Teacher-Student_Optimization_in_One_Generation_CVPR_2019_paper.pdf,offline_cvpr,,"Optimizing a deep neural network is a fundamental task in computer vision, yet direct training methods often suffer from over-fitting. Teacher-student optimization aims at providing complementary cues from a model trained previously, but these approaches are often considerably slow due to the pipeli"
89,article-28602,Reducing Spatial Fitting Error in Distillation of Denoising Diffusion Models,Shengzhe Zhou; Zejian Li; Shengyuan Zhang; Lefan Hou; Changyuan Yang,2024,AAAI 2024,main,Technical,computer vision vi,,0,0.079,0.483,,https://ojs.aaai.org/index.php/AAAI/article/view/28602,https://ojs.aaai.org/index.php/AAAI/article/view/28602/29171,offline_aaai,,"Denoising Diffusion models have exhibited remarkable capabilities in image generation. However, generating high-quality samples requires a large number of iterations. Knowledge distillation for diffusion models is an effective method to address this limitation with a shortened sampling process but c"
90,2a57d06a3a,Distilling the Undistillable: Learning from a Nasty Teacher,Surgan Jandial; Yash Khasbage; Arghya Pal; Vineeth N Balasubramanian; Balaji Krishnamurthy,2022,ECCV 2022,main,Poster,,,0,0.079,0.420,,https://www.ecva.net/papers/eccv_2022/papers_ECCV/html/7874_ECCV_2022_paper.php,https://www.ecva.net/papers/eccv_2022/papers_ECCV/papers/136730586.pdf,offline_eccv,,"""The inadvertent stealing of private/sensitive information using Knowledge Distillation (KD) has been getting significant attention recently and has guided subsequent defense efforts considering its critical nature. Recent work \textit{Nasty Teacher} proposed to develop teachers which can not be dis"
91,rXQc3luUmj,PathXfer: Few-Shot Visual Fidelity Transfer for Compressed Multi-to-Few Step Sampling,,2026,ICLR 2026,main,Active,generative models,PathXfer;Path Compression;Few-Shot Learning,0,0.079,0.551,,https://openreview.net/forum?id=rXQc3luUmj,,offline_iclr,,"Traditional approaches to accelerate sampling in generative models rely on distillation, which requires large datasets and costly training. We instead view the quality gap between multi-step and few-step sampling as a transferable property, and introduce PathXfer, a few-shot framework that transfers"
92,8968091,Combined Task and Action Learning from Human Demonstrations for Mobile Manipulation Applications,Tim Welschehold; Nichola Abdo; Christian Dornhege; Wolfram Burgard; Tim Welschehold,2019,IROS 2019,main,Poster,,,0,0.078,0.328,,https://ieeexplore.ieee.org/document/8968091/,,offline_iros,,"Learning from demonstrations is a promising paradigm for transferring knowledge to robots. However, learning mobile manipulation tasks directly from a human teacher is a complex problem as it requires learning models of both the overall task goal and of the underlying actions. Additionally, learning"
93,Me-tuhUjhKK,OSOA: One-Shot Online Adaptation of Deep Generative Models for Lossless Compression,Chen Zhang; Shifeng Zhang; Fabio Maria Carlucci; Zhenguo Li,2021,NIPS 2021,main,Poster,,Deep Generative Models;Lossless Compression,0,0.078,0.384,,https://nips.cc/virtual/2021/poster/27307,https://openreview.net/pdf?id=Me-tuhUjhKK,offline_nips,,"Explicit deep generative models (DGMs), e.g., VAEs and Normalizing Flows, have shown to offer an effective data modelling alternative for lossless compression. 
However, DGMs themselves normally require large storage space and thus contaminate the advantage brought by accurate data density estimatio"
94,j0zt9uoFJ4,AutoRubric-R1V: Rubric-Based Generative Rewards for Faithful Multimodal Reasoning,Mengzhao Jia; Zhihan Zhang; Ignacio Cases; Zheyuan Liu; Meng Jiang,2026,ICLR 2026,main,Withdraw,"applications to computer vision, audio, language, and other modalities",multimodal reasoning;reinforcement learning;math reasoning,0,0.078,0.526,,https://openreview.net/forum?id=j0zt9uoFJ4,,offline_iclr,,"Multimodal large language models (MLLMs) have rapidly advanced from perception tasks to complex multi-step reasoning, yet reinforcement learning with verifiable rewards (RLVR) often leads to spurious reasoning since only the final-answer correctness is rewarded. To address this limitation, we propos"
95,mWT3Ftkc3e,Sampling is as easy as keeping the consistency: convergence guarantee for Consistency Models,Junlong Lyu; Zhitang Chen; Shoubo Feng,2024,ICLR 2024,main,Reject,generative models,Generative Models; Convergence Analysis;,0,0.078,0.478,,https://openreview.net/forum?id=mWT3Ftkc3e,,offline_iclr,,"We provide the first convergence guarantee for the Consistency Models (CMs), a newly emerging type of one-step generative models that is capable of generating comparable samples to those sampled from state-of-the-art Diffusion Models. Our main result is that, under the basic assumptions on score-mat"
96,_CmrI7UrmCl,G-PATE: Scalable Differentially Private Data Generator via Private Aggregation of Teacher Discriminators,Yunhui Long; Boxin Wang; Zhuolin Yang; Bhavya Kailkhura; Aston Zhang,2021,NIPS 2021,main,Poster,,Differential Privacy;Generative Models,0,0.078,0.374,,https://nips.cc/virtual/2021/poster/27840,https://openreview.net/pdf?id=_CmrI7UrmCl,offline_nips,We propose a novel privacy-preserving data Generative model based on the PATE framework (G-PATE) to generate high-dimensional differentially private data while preserving high data utility.,"Recent advances in machine learning have largely benefited from the massive accessible training data. However, large-scale data sharing has raised great privacy concerns. In this work, we propose a novel privacy-preserving data Generative model based on the PATE framework (G-PATE), aiming to train a"
97,e5tepxQfE1,Generative Diffusion Prior Distillation for Long-Context Knowledge Transfer,,2026,ICLR 2026,main,Active,"transfer learning, meta learning, and lifelong learning",Knowledge Distillation;Time Series Classification;Partial Classifcation;Diffusion Models;Generative Prior Knowledge;Inverse Diffsuion Reconstruction,0,0.077,0.531,,https://openreview.net/forum?id=e5tepxQfE1,,offline_iclr,,"While traditional time-series classifiers assume full sequences at inference, practical constraints (latency and cost) often limit inputs to partial prefixes. The absence of class-discriminative patterns in partial data can significantly hinder a classifier’s ability to generalize. This work uses kn"
98,1FEm5JLpvg,Projected Coupled Diffusion for Test-Time Constrained Joint Generation,,2026,ICLR 2026,main,Active,generative models,diffusion model;constrained diffusion,0,0.077,0.528,,https://openreview.net/forum?id=1FEm5JLpvg,,offline_iclr,,"Modifications to test-time sampling have emerged as an important extension to diffusion algorithms, with the goal of biasing the generative process to achieve a given objective without having to retrain the entire diffusion model. However, generating jointly correlated samples from multiple pre-trai"
99,paper448,P-KDGAN: Progressive Knowledge Distillation with GANs for One-class Novelty Detection,Zhiwei Zhang; Shifeng Chen; Lei Sun,2020,IJCAI 2020,main,Poster,Machine Learning,Machine Learning: Adversarial Machine Learning; Machine Learning: Deep Learning; Machine Learning: Deep Learning: Convolutional networks,0,0.077,0.354,,https://www.ijcai.org/proceedings/2020/448,https://www.ijcai.org/proceedings/2020/0448.pdf,offline_ijcai,,"One-class novelty detection is to identify anomalous instances that do not conform to the expected normal instances. In this paper, the Generative Adversarial Networks (GANs) based on encoder-decoder-encoder pipeline are used for detection and achieve state-of-the-art performance. However, deep neur"
100,,Mean Flows for One-step Generative Modeling,Zhengyang Geng; Mingyang Deng; Xingjian Bai; J. Z. Kolter; Kaiming He,2025,arXiv.org,,,,,134,0.000,0.455,10.48550/arXiv.2505.13447,https://www.semanticscholar.org/paper/19df654b0d0f634a451564346a09af8bd348dac0,,semantic_scholar,,"We propose a principled and effective framework for one-step generative modeling. We introduce the notion of average velocity to characterize flow fields, in contrast to instantaneous velocity modeled by Flow Matching methods. A well-defined identity between average and instantaneous velocities is d"
101,,Revisiting Diffusion Models: From Generative Pre-training to One-Step Generation,Bowen Zheng; Tianming Yang,2025,International Conference on Machine Learning,,,,,3,0.000,0.417,10.48550/arXiv.2506.09376,https://www.semanticscholar.org/paper/e3658f97b66cc4ac30dfdf000fe4788c2d30ee0b,,semantic_scholar,,"Diffusion distillation is a widely used technique to reduce the sampling cost of diffusion models, yet it often requires extensive training, and the student performance tends to be degraded. Recent studies show that incorporating a GAN objective may alleviate these issues, yet the underlying mechani"
102,,Score identity Distillation: Exponentially Fast Distillation of Pretrained Diffusion Models for One-Step Generation,Mingyuan Zhou; Huangjie Zheng; Zhendong Wang; Mingzhang Yin; Hai Huang,2024,International Conference on Machine Learning,,,,,136,0.000,0.410,10.48550/arXiv.2404.04057,https://www.semanticscholar.org/paper/d4f53b1c3f232f9a7828dd1ddad4d2dad123936f,,semantic_scholar,,"We introduce Score identity Distillation (SiD), an innovative data-free method that distills the generative capabilities of pretrained diffusion models into a single-step generator. SiD not only facilitates an exponentially fast reduction in Fr\'echet inception distance (FID) during distillation but"
103,,One-Step Effective Diffusion Network for Real-World Image Super-Resolution,Rongyuan Wu; Lingchen Sun; Zhiyuan Ma; Lei Zhang,2024,Neural Information Processing Systems,,,,,151,0.000,0.408,10.48550/arXiv.2406.08177,https://www.semanticscholar.org/paper/590e0f12fce239b58469db98afeb87ba1651431f,,semantic_scholar,,The pre-trained text-to-image diffusion models have been increasingly employed to tackle the real-world image super-resolution (Real-ISR) problem due to their powerful generative image priors. Most of the existing methods start from random noise to reconstruct the high-quality (HQ) image under the g
104,,Phased DMD: Few-step Distribution Matching Distillation via Score Matching within Subintervals,Xiangyu Fan; Zesong Qiu; Zhuguanyu Wu; Fanzhou Wang; Zhiqian Lin,2025,arXiv (Cornell University),,,,,0,0.000,0.402,10.48550/arxiv.2510.27684,https://openalex.org/W4415928559,https://arxiv.org/pdf/2510.27684,openalex,,"Distribution Matching Distillation (DMD) distills score-based generative models into efficient one-step generators, without requiring a one-to-one correspondence with the sampling trajectories of their teachers. However, limited model capacity causes one-step distilled models underperform on complex"
105,,Denoising Score Distillation: From Noisy Diffusion Pretraining to One-Step High-Quality Generation,Tianyu Chen; Yasi Zhang; Zhendong Wang; Yingnian Wu; Oscar Leong,2025,arXiv.org,,,,,5,0.000,0.400,10.48550/arXiv.2503.07578,https://www.semanticscholar.org/paper/d2d6714603a614838a2930b8ff3343aec56949e4,,semantic_scholar,,"Diffusion models have achieved remarkable success in generating high-resolution, realistic images across diverse natural distributions. However, their performance heavily relies on high-quality training data, making it challenging to learn meaningful distributions from corrupted samples. This limita"
106,,pi-Flow: Policy-Based Few-Step Generation via Imitation Distillation,Hansheng Chen; Kai Zhang; Hao Tan; Leonidas Guibas; Gordon Wetzstein,2025,arXiv (Cornell University),,,,,0,0.000,0.400,10.48550/arxiv.2510.14974,https://openalex.org/W4416146940,https://arxiv.org/pdf/2510.14974,openalex,,"Few-step diffusion or flow-based generative models typically distill a velocity-predicting teacher into a student that predicts a shortcut towards denoised data. This format mismatch has led to complex distillation procedures that often suffer from a quality-diversity trade-off. To address this, we "
107,,Distilled Decoding 2: One-step Sampling of Image Auto-regressive Models with Conditional Score Distillation,En-hao Liu; Qian Chen; Xuefei Ning; Shengen Yan; Guohao Dai,2025,arXiv.org,,,,,1,0.000,0.399,10.48550/arXiv.2510.21003,https://www.semanticscholar.org/paper/70e428129c5b4c58ce32d79e18912d09d5e39c7f,,semantic_scholar,,"Image Auto-regressive (AR) models have emerged as a powerful paradigm of visual generative models. Despite their promising performance, they suffer from slow generation speed due to the large number of sampling steps required. Although Distilled Decoding 1 (DD1) was recently proposed to enable few-s"
108,,Score-of-Mixture Training: One-Step Generative Model Training Made Simple via Score Estimation of Mixture Distributions,Tejas Jayashankar; J. J. Ryu; Greg Wornell,2025,International Conference on Machine Learning,,,,,1,0.000,0.398,,https://www.semanticscholar.org/paper/91390ac21b535f98111b4f70e17f4e533a92bc1c,,semantic_scholar,,
109,,Universal Audio Generation,Antoine Laurent; Sameer Khurana; Anthony Larcher; Dominik Klement; Mickaël Rouvier,2026,HAL (Le Centre pour la Communication Scientifique Directe),,,,,0,0.000,0.397,,https://openalex.org/W4414932055,https://hal.science/hal-05110014v1/document,openalex,,This report describe the research done during the third ESPERANTO/JSALT workshop from the 10th June 2024 to the 2nd of August 2024.
110,,MeanFlowSE: One-Step Generative Speech Enhancement via MeanFlow,Yike Zhu; Boyi Kang; Ziqian Wang; Xingchen Li; Zihan Zhang,2025,arXiv.org,,,,,1,0.000,0.397,10.48550/arXiv.2509.23299,https://www.semanticscholar.org/paper/3922a0302a1657eacdb2e59b09b8aa05b36d6a8a,,semantic_scholar,,"Speech enhancement (SE) recovers clean speech from noisy signals and is vital for applications such as telecommunications and automatic speech recognition (ASR). While generative approaches achieve strong perceptual quality, they often rely on multi-step sampling (diffusion/flow-matching) or large l"
111,,Universal Inverse Distillation for Matching Models with Real-Data Supervision (No GANs),Nikita Kornilov; David Li; Tikhon Mavrin; Aleksei Leonov; Nikita Gushchin,2025,arXiv.org,,,,,0,0.000,0.396,10.48550/arXiv.2509.22459,https://www.semanticscholar.org/paper/7308f4b179b165783449985d64e656a260f393e4,,semantic_scholar,,"While achieving exceptional generative quality, modern diffusion, flow, and other matching models suffer from slow inference, as they require many steps of iterative generation. Recent distillation methods address this by training efficient one-step generators under the guidance of a pre-trained tea"
112,,High-Order Matching for One-Step Shortcut Diffusion Models,Bo Chen; Chengyue Gong; Xiaoyu Li; Yingyu Liang; Zhizhou Sha,2025,arXiv.org,,,,,18,0.000,0.394,10.48550/arXiv.2502.00688,https://www.semanticscholar.org/paper/a1930e49e70c5f98fccd0e3d1c7869e5e6ceb183,,semantic_scholar,,"One-step shortcut diffusion models [Frans, Hafner, Levine and Abbeel, ICLR 2025] have shown potential in vision generation, but their reliance on first-order trajectory supervision is fundamentally limited. The Shortcut model's simplistic velocity-only approach fails to capture intrinsic manifold ge"
113,,SlimFlow: Training Smaller One-Step Diffusion Models with Rectified Flow,Yuanzhi Zhu; Xingchao Liu; Qiang Liu,2024,European Conference on Computer Vision,,,,,23,0.000,0.393,10.48550/arXiv.2407.12718,https://www.semanticscholar.org/paper/ed86eea3c873731bc79357f750138aae5ffdd4f7,,semantic_scholar,,"Diffusion models excel in high-quality generation but suffer from slow inference due to iterative sampling. While recent methods have successfully transformed diffusion models into one-step generators, they neglect model size reduction, limiting their applicability in compute-constrained scenarios. "
114,,Restoration Score Distillation: From Corrupted Diffusion Pretraining to One-Step High-Quality Generation,Yasi Zhang; Tianyu Chen; Zhendong Wang; Yingnian Wu; Mingyuan Zhou,2025,arXiv.org,,,,,2,0.000,0.393,10.48550/arXiv.2505.13377,https://www.semanticscholar.org/paper/5b9a13e60b4ad40050960c1d1129ff6615415aeb,,semantic_scholar,,"Learning generative models from corrupted data is a fundamental yet persistently challenging task across scientific disciplines, particularly when access to clean data is limited or expensive. Denoising Score Distillation (DSD) \cite{chen2025denoising} recently introduced a novel and surprisingly ef"
115,,Generative Classifiers Avoid Shortcut Solutions,Alexander C. Li; Ananya Kumar; Deepak Pathak,2025,arXiv,,,,,0,0.000,0.391,,http://arxiv.org/abs/2512.25034v1,https://arxiv.org/pdf/2512.25034v1,arxiv,,"Discriminative approaches to classification often learn shortcuts that hold in-distribution but fail even under minor distribution shift. This failure mode stems from an overreliance on features that are spuriously correlated with the label. We show that generative classifiers, which use class-condi"
116,,One-Step Diffusion Distillation through Score Implicit Matching,Weijian Luo; Zemin Huang; Zhengyang Geng; J. Z. Kolter; Guo-Jun Qi,2024,Neural Information Processing Systems,,,,,41,0.000,0.391,10.48550/arXiv.2410.16794,https://www.semanticscholar.org/paper/2e11aab0be007322e0fe0e940a87a5e99582d599,,semantic_scholar,,"Despite their strong performances on many generative tasks, diffusion models require a large number of sampling steps in order to generate realistic samples. This has motivated the community to develop effective methods to distill pre-trained diffusion models into more efficient models, but these me"
117,,One-step Diffusion Models with f-Divergence Distribution Matching,Yilun Xu; Weili Nie; Arash Vahdat,2025,arXiv.org,,,,,15,0.000,0.390,10.48550/arXiv.2502.15681,https://www.semanticscholar.org/paper/13005602bea461979a075e058c2d39c9d800c4e9,,semantic_scholar,,"Sampling from diffusion models involves a slow iterative process that hinders their practical deployment, especially for interactive applications. To accelerate generation speed, recent approaches distill a multi-step diffusion model into a single-step student generator via variational score distill"
118,,DLM-One: Diffusion Language Models for One-Step Sequence Generation,Tianqi Chen; Shujian Zhang; Mi Zhou,2025,arXiv.org,,,,,5,0.000,0.388,10.48550/arXiv.2506.00290,https://www.semanticscholar.org/paper/10774f1550bf36252923cdf1ea26d88328e7fe2b,,semantic_scholar,,"This paper introduces DLM-One, a score-distillation-based framework for one-step sequence generation with continuous diffusion language models (DLMs). DLM-One eliminates the need for iterative refinement by aligning the scores of a student model's outputs in the continuous token embedding space with"
119,,Score-of-Mixture Training: Training One-Step Generative Models Made Simple via Score Estimation of Mixture Distributions,Tejas Jayashankar; J. J. Ryu; Gregory W. Wornell,2025,arXiv.org,,,,,1,0.000,0.387,10.48550/arXiv.2502.09609,https://www.semanticscholar.org/paper/4697c0703b5c88192c3226a1c6696f12590b87ab,,semantic_scholar,,"We propose Score-of-Mixture Training (SMT), a novel framework for training one-step generative models by minimizing a class of divergences called the $\alpha$-skew Jensen--Shannon divergence. At its core, SMT estimates the score of mixture distributions between real and fake samples across multiple "
120,,VideoScene: Distilling Video Diffusion Model to Generate 3D Scenes in One Step,Hanyang Wang; Fangfu Liu; Jiawei Chi; Yueqi Duan,2025,Computer Vision and Pattern Recognition,,,,,11,0.000,0.386,10.1109/CVPR52734.2025.01536,https://www.semanticscholar.org/paper/22425f9b359f37d8d7372b2889ee976eac632db2,,semantic_scholar,,"Recovering 3D scenes from sparse views is a challenging task due to its inherent ill-posed problem. Conventional methods have developed specialized solutions (e.g., geometry regularization or feed-forward deterministic model) to mitigate the issue. However, they still suffer from performance degrada"
121,,SwiftBrush v2: Make Your One-step Diffusion Model Better Than Its Teacher,T. Dao; Thuan Hoang Nguyen; Van Thanh Le; D. Vu; Khoi Nguyen,2024,European Conference on Computer Vision,,,,,33,0.000,0.385,10.48550/arXiv.2408.14176,https://www.semanticscholar.org/paper/bb2bc7048d3e977b5f002a6220fc662c188e790c,,semantic_scholar,,"In this paper, we aim to enhance the performance of SwiftBrush, a prominent one-step text-to-image diffusion model, to be competitive with its multi-step Stable Diffusion counterpart. Initially, we explore the quality-diversity trade-off between SwiftBrush and SD Turbo: the former excels in image di"
122,,Modular MeanFlow: Towards Stable and Scalable One-Step Generative Modeling,Haochen You; Baojing Liu; Hongyang He,2025,arXiv.org,,,,,3,0.000,0.382,10.48550/arXiv.2508.17426,https://www.semanticscholar.org/paper/6720ebdf260f041021c61dc69e169519255a2711,,semantic_scholar,,"One-step generative modeling seeks to generate high-quality data samples in a single function evaluation, significantly improving efficiency over traditional diffusion or flow-based models. In this work, we introduce Modular MeanFlow (MMF), a flexible and theoretically grounded approach for learning"
123,,"Distill, Forget, Repeat: A Framework for Continual Unlearning in Text-to-Image Diffusion Models",Naoki Murata; Yuhta Takida; Konda Reddy Mopuri,2025,arXiv (Cornell University),,,,,0,0.000,0.382,10.48550/arxiv.2512.02657,https://openalex.org/W4417008115,https://arxiv.org/pdf/2512.02657,openalex,,"The recent rapid growth of visual generative models trained on vast web-scale datasets has created significant tension with data privacy regulations and copyright laws, such as GDPR's ``Right to be Forgotten.'' This necessitates machine unlearning (MU) to remove specific concepts without the prohibi"
124,,One-Step Offline Distillation of Diffusion-based Models via Koopman Modeling,Nimrod Berman; Ilan Naiman; Moshe Eliasof; Hedi Zisling; Omri Azencot,2025,arXiv.org,,,,,6,0.000,0.380,10.48550/arXiv.2505.13358,https://www.semanticscholar.org/paper/7f5c3e54a0a2a9bde549a22e5f6b1a960cfb6c1e,,semantic_scholar,,"Diffusion-based generative models have demonstrated exceptional performance, yet their iterative sampling procedures remain computationally expensive. A prominent strategy to mitigate this cost is distillation, with offline distillation offering particular advantages in terms of efficiency, modulari"
125,,Research on the influencing factors of generative artificial intelligence usage intent in post-secondary education: an empirical analysis based on the AIDUA extended model,Xue Bai; Lin F. Yang,2025,Frontiers in Psychology,,,,,1,0.000,0.380,10.3389/fpsyg.2025.1644209,https://openalex.org/W4414299136,https://www.frontiersin.org/journals/psychology/articles/10.3389/fpsyg.2025.1644209/pdf,openalex,,"Objective Generative Artificial Intelligence (AIGC) presents a profound dialectic in higher education: its transformative potential is challenged by deep-seated psychological and ethical barriers. Traditional adoption models fail to capture this complexity. To bridge this gap, this study develops an"
126,,OFTSR: One-Step Flow for Image Super-Resolution with Tunable Fidelity-Realism Trade-offs,Yuanzhi Zhu; Ruiqing Wang; Shilin Lu; Junnan Li; Hanshu Yan,2024,arXiv.org,,,,,14,0.000,0.380,10.48550/arXiv.2412.09465,https://www.semanticscholar.org/paper/0e68de12666d4c1d864352626eabc559b97002b3,,semantic_scholar,,"Recent advances in diffusion and flow-based generative models have demonstrated remarkable success in image restoration tasks, achieving superior perceptual quality compared to traditional deep learning approaches. However, these methods either require numerous sampling steps to generate high-qualit"
127,,Efficient End-to-End Diffusion Model for One-Step SAR-to-Optical Translation,Jiang Qin; B. Zou; Haolin Li; Lamei Zhang,2025,IEEE Geoscience and Remote Sensing Letters,,,,,8,0.000,0.379,10.1109/LGRS.2024.3506566,https://www.semanticscholar.org/paper/06ff5b3282521d95a0df5688d30de09b5a3b5052,,semantic_scholar,,"The undesirable distortions of synthetic aperture radar (SAR) images pose a challenge to intuitive SAR interpretation. SAR-to-optical (S2O) image translation provides a feasible solution for easier interpretation of SAR and supports multisensor analysis. Currently, diffusion-based S2O models are eme"
128,,Scaling Open-Ended Reasoning to Predict the Future,Nikhil Chandak; Shashwat Goel; Ameya Prabhu; Moritz Hardt; Jonas Geiping,2025,arXiv,,,,,0,0.000,0.379,,http://arxiv.org/abs/2512.25070v1,https://arxiv.org/pdf/2512.25070v1,arxiv,,"High-stakes decision making involves reasoning under uncertainty about the future. In this work, we train language models to make predictions on open-ended forecasting questions. To scale up training data, we synthesize novel forecasting questions from global events reported in daily news, using a f"
129,,Key-Activated Generative Security: Enforcing Access Control in Image Captioning Models,Charlotte Dupont; M Leroy; Inès Moreau; Saidi Kareem,2025,Preprints.org,,,,,0,0.000,0.378,10.20944/preprints202509.1001.v1,https://openalex.org/W4414117307,https://www.preprints.org/frontend/manuscript/cd6887d182bac0d383dd5c9cc8c0a74d/download_pub,openalex,,"While the rapid progress of deep learning has endowed image captioning systems with remarkable generative power, it has simultaneously exposed them to unprecedented risks of intellectual property (IP) leakage and illicit replication. Conventional defense methods—most notably watermarking—have proven"
130,,Many Minds from One Model: Bayesian Transformers for Population Intelligence,Diji Yang; Yi Zhang,2025,arXiv,,,,,0,0.000,0.377,,http://arxiv.org/abs/2512.25063v1,https://arxiv.org/pdf/2512.25063v1,arxiv,,"Despite their scale and success, modern transformers are almost universally trained as single-minded systems: optimization produces one deterministic set of parameters, representing a single functional hypothesis about the data. Motivated by the idea that intelligence emerge from many minds, we prop"
131,,Large Neutrino-Dark Matter Interactions: From Effective Field Theory to Ultraviolet Completions,K. S. Babu; P. S. Bhupal Dev; Anil Thapa,2025,arXiv,,,,,0,0.000,0.377,,http://arxiv.org/abs/2512.25035v1,https://arxiv.org/pdf/2512.25035v1,arxiv,,"We develop a general effective field theory (EFT) framework for neutrino-dark matter (DM) interactions, and apply it to systematically find all possible gauge-invariant ultraviolet (UV) completions at a given EFT operator dimension. Our goal here is to find simple UV-complete models that can realize"
132,,EM Distillation for One-step Diffusion Models,Sirui Xie; Zhisheng Xiao; Diederik P. Kingma; Tingbo Hou; Ying Nian Wu,2024,Neural Information Processing Systems,,,,,47,0.000,0.376,10.48550/arXiv.2405.16852,https://www.semanticscholar.org/paper/00cda1c832fc7c89b2785440675b10122137869d,,semantic_scholar,,"While diffusion models can learn complex distributions, sampling requires a computationally expensive iterative process. Existing distillation methods enable efficient sampling, but have notable limitations, such as performance degradation with very few sampling steps, reliance on training data acce"
133,,You Only Sample Once: Taming One-Step Text-To-Image Synthesis by Self-Cooperative Diffusion GANs,Yihong Luo; Xiaolong Chen; Tianyang Hu; Jing Tang,2024,International Conference on Learning Representations,,,,,17,0.000,0.375,10.48550/arXiv.2403.12931,https://www.semanticscholar.org/paper/3c0b8a5ffcd3402d29d81614595a5dd6a9268072,,semantic_scholar,,"Recently, some works have tried to combine diffusion and Generative Adversarial Networks (GANs) to alleviate the computational cost of the iterative denoising inference in Diffusion Models (DMs). However, existing works in this line suffer from either training instability and mode collapse or subpar"
134,,Anticipatory Semantics with Bidirectional Guidance for Image Captioning,Nathalie Laurent; Elodie Fairchild; Arthur Delvaux,2025,Preprints.org,,,,,0,0.000,0.374,10.20944/preprints202509.1497.v1,https://openalex.org/W4414315887,https://www.preprints.org/frontend/manuscript/3a90020e8e0ebfd0b1934a961c7a89ba/download_pub,openalex,,"Producing captions that are not only grammatically fluent but also semantically faithful to visual content has long stood as a central problem at the junction of computer vision and natural language processing. Conventional encoder-decoder frameworks with attention modules, although powerful, typica"
135,,Values of the T-shaped Leader: Applying the 4M Framework to Address SoTL Grand Challenges and Foster Sustainable Development Goals in Higher Education,Earle Abrahamson; Lisa J. Hatfield; Corinne A. Green; Nina Namaste; Mayi Arcellana‐Panlilio,2025,Journal of University Teaching and Learning Practice,,,,,0,0.000,0.374,10.53761/0z732113,https://openalex.org/W4414338783,https://open-publishing.org/journals/index.php/jutlp/article/download/1235/1091,openalex,,"This paper follows the conceptual T-shaped model, introduced by (the Authors), serving as a conduit for the dissemination of empirical data derived from engaging discussions with international Scholarship of Teaching and Learning (SoTL) scholars. The authors not only present the model, but also offe"
136,,SpaceTimePilot: Generative Rendering of Dynamic Scenes Across Space and Time,Zhening Huang; Hyeonho Jeong; Xuelin Chen; Yulia Gryaditskaya; Tuanfeng Y. Wang,2025,arXiv,,,,,0,0.000,0.373,,http://arxiv.org/abs/2512.25075v1,https://arxiv.org/pdf/2512.25075v1,arxiv,,"We present SpaceTimePilot, a video diffusion model that disentangles space and time for controllable generative rendering. Given a monocular video, SpaceTimePilot can independently alter the camera viewpoint and the motion sequence within the generative process, re-rendering the scene for continuous"
137,,Universal Seesaw Pati-Salam Model with P for Strong CP,K. S. Babu; Sumit Biswas,2025,arXiv,,,,,0,0.000,0.373,,http://arxiv.org/abs/2512.25028v1,https://arxiv.org/pdf/2512.25028v1,arxiv,,"We develop a universal seesaw version of the Pati-Salam model wherein quarks and leptons of each family are unified into common multiplets transforming as $ψ_L(2,1,4))+ ψ_R((1,2,4)$ under the $SU(2)_L \times SU(2)_R \times SU(4)_c$ gauge symmetry. Parity symmetry is spontaneously broken in the model"
138,,Feeling Blue: Constructing a Robust SALT3 UV Template and Constraining its Redshift Dependency,Qinan Wang; David O. Jones; Justin D. R. Pierel; Matthew R. Siebert; W. D'Arcy Kenworthy,2025,arXiv,,,,,0,0.000,0.373,,http://arxiv.org/abs/2512.25064v1,https://arxiv.org/pdf/2512.25064v1,arxiv,,"Upcoming cosmological surveys will obtain numerous rest-frame ultraviolet (UV) observations of Type Ia supernovae (SNe Ia), yet there is concern about how standardizable SNe Ia are in the UV. In this work, we train a robust optical--UV SED model for SNe Ia (SALT3-UV) with the open-source model-train"
139,,Sequential Bayesian parameter-state estimation in dynamical systems with noisy and incomplete observations via a variational framework,Liliang Wang; Alex Gorodetsky,2025,arXiv,,,,,0,0.000,0.373,,http://arxiv.org/abs/2512.25056v1,https://arxiv.org/pdf/2512.25056v1,arxiv,,"Online joint estimation of unknown parameters and states in a dynamical system with uncertainty quantification is crucial in many applications. For example, digital twins dynamically update their knowledge of model parameters and states to support prediction and decision-making. Reliability and comp"
140,,Diffusion Models Are Innate One-Step Generators,Bowen Zheng; Tianming Yang,2024,arXiv.org,,,,,15,0.000,0.373,10.48550/arXiv.2405.20750,https://www.semanticscholar.org/paper/f9a8ffb940aa8dde8c0cb37019ade3890c26a543,,semantic_scholar,,"Diffusion Models (DMs) have achieved great success in image generation and other fields. By fine sampling through the trajectory defined by the SDE/ODE solver based on a well-trained score model, DMs can generate remarkable high-quality results. However, this precise sampling often requires multiple"
141,,Designing Sustainable Digital Platforms for Ageing Societies: A User-Centred Multi-Level Theoretical Framework,Lü Pan; Xin Hu,2025,Sustainability,,,,,0,0.000,0.373,10.3390/su17188305,https://openalex.org/W4414298840,https://www.mdpi.com/2071-1050/17/18/8305/pdf?version=1758025435,openalex,,"With the intensification of population ageing and the increasingly diverse service needs of older adults, existing digital elderly care platforms generally exhibit fragmentation in functional integration, understanding of needs, and service coordination, making it difficult to effectively respond to"
142,,Generative AI-Supported Project-Based Learning in EFL: Impacts on Student Engagement and Learner Agency,Safaa M. Abdelhalim; Maram Almaneea,2025,Forum for Linguistic Studies,,,,,0,0.000,0.373,10.30564/fls.v7i9.10855,https://openalex.org/W4414302206,https://journals.bilpubgroup.com/index.php/fls/article/download/10855/7006,openalex,,"The growing integration of Generative AI (GenAI) tools in language education presents new opportunities for enhancing learner engagement. However, empirical evidence on their effectiveness remains limited, particularly in project-based and collaborative contexts. This study examined the impact of in"
143,,Human Activity Recognition with Noise-Injected Time-Distributed AlexNet,Sanjay Jyoti Dutta; Tossapon Boongoen; Reyer Zwiggelaar,2025,Biomimetics,,,,,1,0.000,0.373,10.3390/biomimetics10090613,https://openalex.org/W4414123407,https://www.mdpi.com/2313-7673/10/9/613/pdf?version=1757599708,openalex,,This study investigates the integration of biologically inspired noise injection with a time-distributed adaptation of the AlexNet architecture to enhance the performance and robustness of human activity recognition (HAR) systems. It is a critical field in computer vision which involves identifying 
144,,Exposing Vulnerabilities: Physical Adversarial Attacks on AI-Based Fault Diagnosis Models in Industrial Air-Cooling Systems,Stavros Bezyrgiannidis; Ioannis Polymeropoulos; Εleni Vrochidou; George A. Papakostas,2025,Processes,,,,,0,0.000,0.373,10.3390/pr13092920,https://openalex.org/W4414181360,https://www.mdpi.com/2227-9717/13/9/2920/pdf?version=1757685924,openalex,,"Although neural network-based methods have significantly advanced the field of machine fault diagnosis, they remain vulnerable to physical adversarial attacks. This work investigates such attacks in the physical context of a real production line. Attacks simulate failures or irregularities arising f"
145,,Automated Summarization of Software Documents: An LLM-based Multi-Agent Approach,Dan Phuoc Nguyen; Minh T. Nguyen; Phuong T. Nguyen; Juri Di Rocco; Davide Di Ruscio,2025,,,,,,0,0.000,0.373,10.21203/rs.3.rs-7539426/v1,https://openalex.org/W4414280973,https://www.researchsquare.com/article/rs-7539426/latest.pdf,openalex,,"<title>Abstract</title> Large Language Models (LLMs) and LLM-based Multi-Agent Sys-tems (MAS) are revolutionizing software engineering (SE) by advancing automation, decision-making, and knowledge processing. Their recent application to SE tasks has already shown promising results. In this paper, we "
146,,Differentiated Assessment Strategies: Best Practices in a Multi-Level Learning Manitoban Classroom,Eric. K. Appiah-Odame,2025,European Journal of Mathematics and Science Education,,,,,0,0.000,0.372,10.12973/ejmse.6.3.179,https://openalex.org/W4414193239,https://www.ejmse.com/articles/EJMSE_6_3_179.pdf,openalex,,"Introduction: This study explores the effectiveness of differentiated assessment as a strategy to support diverse learners in multi-level K–12 classrooms in Manitoba, Canada. Literature Review: Articles published from 2005 onward were sourced from ProQuest, ERIC, Google Scholar, ResearchGate, and Ta"
147,,Edit3r: Instant 3D Scene Editing from Sparse Unposed Images,Jiageng Liu; Weijie Lyu; Xueting Li; Yejie Guo; Ming-Hsuan Yang,2025,arXiv,,,,,0,0.000,0.372,,http://arxiv.org/abs/2512.25071v1,https://arxiv.org/pdf/2512.25071v1,arxiv,,"We present Edit3r, a feed-forward framework that reconstructs and edits 3D scenes in a single pass from unposed, view-inconsistent, instruction-edited images. Unlike prior methods requiring per-scene optimization, Edit3r directly predicts instruction-aligned 3D edits, enabling fast and photorealisti"
148,,Fluid dynamics as intersection problem,Nikita Nekrasov; Paul Wiegmann,2025,arXiv,,,,,0,0.000,0.372,,http://arxiv.org/abs/2512.25053v1,https://arxiv.org/pdf/2512.25053v1,arxiv,,"We formulate the covariant hydrodynamics equations describing the fluid dynamics as the problem of intersection theory on the infinite dimensional symplectic manifold associated with spacetime. This point of view separates the structures related to the equation of state, the geometry of spacetime, a"
149,,School Leadership Approach to Teacher Collaboration: A Qualitative Investigation in the Secondary School Context of Bangladesh,Beauty Debnath,2025,European Journal of Educational Management,,,,,0,0.000,0.372,10.12973/eujem.8.3.185,https://openalex.org/W4414194577,https://www.eujem.com/articles/EUJEM_8_3_185.pdf,openalex,,"Teacher collaboration appears essential for creating a dynamic and effective educational environment that supports teachers' professional learning and growth. In various research studies, supportive school leadership has been identified as a key condition for collaborative teacher learning, which en"
150,,Evaluating Time-series Augmentation Techniques for Deep Learning–Based Solar Flare Prediction,Peiyu Li; Omar Bahri; Soukaïna Filali Boubrahimi; Shah Muhammad Hamdi,2025,The Astrophysical Journal Supplement Series,,,,,0,0.000,0.372,10.3847/1538-4365/adfa2a,https://openalex.org/W4414254652,https://iopscience.iop.org/article/10.3847/1538-4365/adfa2a/pdf,openalex,,"Abstract Accurate forecasting of solar flares is crucial for mitigating their severe impacts on space-based and communication systems. Deep learning models have shown promise in predicting flare activity using magnetic field measurements of solar active regions. However, the scarcity and imbalance o"
151,,Computational Analysis of Disease Progression in Pediatric Pulmonary Arterial Hypertension,Omar Said; Christopher Tossas-Betancourt; Mary K. Olive; Jimmy C. Lu; Adam Dorfman,2025,arXiv,,,,,0,0.000,0.372,,http://arxiv.org/abs/2512.25027v1,https://arxiv.org/pdf/2512.25027v1,arxiv,,"Pulmonary arterial hypertension (PAH) is a progressive cardiopulmonary disease that leads to increased pulmonary pressures, vascular remodeling, and eventual right ventricular (RV) failure. Pediatric PAH remains understudied due to limited data and the lack of targeted diagnostic and therapeutic str"
152,,Bayesian Elastic Net Regression with Structured Prior Dependence,Christopher M. Hans; Ningyi Liu,2025,arXiv,,,,,0,0.000,0.371,,http://arxiv.org/abs/2512.25045v1,https://arxiv.org/pdf/2512.25045v1,arxiv,,"Many regularization priors for Bayesian regression assume the regression coefficients are a priori independent. In particular this is the case for standard Bayesian treatments of the lasso and the elastic net. While independence may be reasonable in some data-analytic settings, incorporating depende"
153,,All optical Lithography for Spatiotemporal Patterning of Azopolymer Microreliefs,I Komang Januariyasa; Francesco Reda; Nikolai Liubimtsev; Marina Saphiannikova; Fabio Borbone,2025,arXiv,,,,,0,0.000,0.371,,http://arxiv.org/abs/2512.25048v1,https://arxiv.org/pdf/2512.25048v1,arxiv,,"Microstructured surfaces are central to photonics, biointerfaces, and functional coatings, yet they are typically fabricated through multi-step lithographic workflows requiring masks or molds and post-processing. Azopolymers provide an alternative route by converting structured optical fields into s"
154,,Modewise Additive Factor Model for Matrix Time Series,Elynn Chen; Yuefeng Han; Jiayu Li; Ke Xu,2025,arXiv,,,,,0,0.000,0.371,,http://arxiv.org/abs/2512.25025v1,https://arxiv.org/pdf/2512.25025v1,arxiv,,"We introduce a Modewise Additive Factor Model (MAFM) for matrix-valued time series that captures row-specific and column-specific latent effects through an additive structure, offering greater flexibility than multiplicative frameworks such as Tucker and CP factor models. In MAFM, each observation d"
155,,Randomization Times under Quantum Chaotic Hamiltonian Evolution,Souradeep Ghosh; Nicholas Hunter-Jones; Joaquin F. Rodriguez-Nieva,2025,arXiv,,,,,0,0.000,0.371,,http://arxiv.org/abs/2512.25074v1,https://arxiv.org/pdf/2512.25074v1,arxiv,,"Randomness generation through quantum-chaotic evolution underpins foundational questions in statistical mechanics and applications across quantum information science, including benchmarking, tomography, metrology, and demonstrations of quantum computational advantage. While statistical mechanics suc"
156,,Machine Learning-Based Classification of Student Adaptability in Online Learning with Feature Engineering,Yasin Efendi,2025,TIERS Information Technology Journal,,,,,0,0.000,0.371,10.38043/tiers.v6i1.6806,https://openalex.org/W4414256543,https://journal.undiknas.ac.id/index.php/tiers/article/download/6806/1898,openalex,,Student adaptability in online learning environments has become increasingly important in contemporary education. This study introduces a feature engineering approach guided by SHAP (SHapley Additive exPlanations) to enhance the classification of student adaptability levels. Unlike prior studies tha
157,,Vulcan: Instance-Optimal Systems Heuristics Through LLM-Driven Search,Rohit Dwivedula; Divyanshu Saxena; Sujay Yadalam; Daehyeok Kim; Aditya Akella,2025,arXiv,,,,,0,0.000,0.371,,http://arxiv.org/abs/2512.25065v1,https://arxiv.org/pdf/2512.25065v1,arxiv,,"Resource-management tasks in modern operating and distributed systems continue to rely primarily on hand-designed heuristics for tasks such as scheduling, caching, or active queue management. Designing performant heuristics is an expensive, time-consuming process that we are forced to continuously g"
158,,David and Goliath: Small One-step Model Beats Large Diffusion with Score Post-training,Weijian Luo; Colin Zhang; Debing Zhang; Zhengyang Geng,2024,International Conference on Machine Learning,,,,,4,0.000,0.370,,https://www.semanticscholar.org/paper/1b1a137541805081f6fc3356347b5902e9e3e5fa,,semantic_scholar,,"We propose Diff-Instruct* (DI*), a data-efficient post-training approach for one-step text-to-image generative models to improve its human preferences without requiring image data. Our method frames alignment as online reinforcement learning from human feedback (RLHF), which optimizes the one-step m"
159,,Teachers’ Characteristics and Self-Efficacy as Predictors of their Turnover Intentions,Inuusah Mahama; Julius Tigtig; Aliu Nandzo; David Baidoo-Anu; Peter Eshun,2025,,,,,,0,0.000,0.370,10.21203/rs.3.rs-7294090/v1,https://openalex.org/W4414149865,https://www.researchsquare.com/article/rs-7294090/latest.pdf,openalex,,"<title>Abstract</title> Teachers are an integral part of the classroom process. Their characteristics and self-efficacy serve as determining factors for one to leave or stay in the job. Therefore, this study investigated 334 K-12 teachers' characteristics, self-efficacy, and turnover intentions in G"
160,,Multivariate Generalized Counting Process via Gamma Subordination,Manisha Dhillon; Kuldeep Kumar Kataria; Shyan Ghosh,2025,arXiv,,,,,0,0.000,0.370,,http://arxiv.org/abs/2512.25030v1,https://arxiv.org/pdf/2512.25030v1,arxiv,,"In this paper, we study a multivariate gamma subordinator whose components are independent gamma processes subject to a random time governed by an independent negative binomial process. We derive the explicit expressions for its joint Laplace-Stieltjes transform, its probability density function and"
161,,A Qualitative Approach to EFL Postgraduates’ GenAI-Assisted Research Writing Within Social Sciences,Alejandro Blas Curado Fuentes,2025,Preprints.org,,,,,0,0.000,0.370,10.20944/preprints202509.1514.v1,https://openalex.org/W4414317030,https://www.preprints.org/frontend/manuscript/aaf3bab4376598387d8c7f223129592b/download_pub,openalex,,"In academic L2 English / EFL (English as a Foreign Language) writing, GenAI (Generative Artificial Intelligence) and other digital tools are being extensively explored. However, this AI exploration for academic / research writing has been addressed less at postgraduate levels, and even less so, acco"
162,,ResponseRank: Data-Efficient Reward Modeling through Preference Strength Learning,Timo Kaufmann; Yannick Metz; Daniel Keim; Eyke Hüllermeier,2025,arXiv,,,,,0,0.000,0.369,,http://arxiv.org/abs/2512.25023v1,https://arxiv.org/pdf/2512.25023v1,arxiv,,"Binary choices, as often used for reinforcement learning from human feedback (RLHF), convey only the direction of a preference. A person may choose apples over oranges and bananas over grapes, but which preference is stronger? Strength is crucial for decision-making under uncertainty and generalizat"
163,,Modeling Language as a Sequence of Thoughts,Nasim Borazjanizadeh; James McClelland,2025,arXiv,,,,,0,0.000,0.369,,http://arxiv.org/abs/2512.25026v1,https://arxiv.org/pdf/2512.25026v1,arxiv,,"Transformer language models can generate strikingly natural text by modeling language as a sequence of tokens. Yet, by relying primarily on surface-level co-occurrence statistics, they fail to form globally consistent latent representations of entities and events, lack of which contributes to brittl"
164,,Anomalous (3+1)d Fermionic Topological Quantum Field Theories via Symmetry Extension,Zheyan Wan; Juven Wang,2025,arXiv,,,,,0,0.000,0.369,,http://arxiv.org/abs/2512.25038v1,https://arxiv.org/pdf/2512.25038v1,arxiv,,"Discrete finite-group global symmetries may suffer from nonperturbative 't-Hooft anomalies. Such global anomalies can be canceled by anomalous symmetry-preserving topological quantum field theories (TQFTs), which contain no local point operators but only extended excitations such as line and surface"
165,,Levelling Up Writing: Investigating Duolingo’s Gamification Effect on EFL Students’ Writing Skills,Annisa Hafizah Gamal; Afrianto Daud; Eliwarti Eliwarti,2025,European Journal of English Language Studies,,,,,0,0.000,0.369,10.12973/ejels.5.3.191,https://openalex.org/W4414202933,https://www.ejels.com/articles/EJELS_5_3_191.pdf,openalex,,"Duolingo has become one of the most widely used gamification apps for learning English, mostly for vocabulary and grammar. However, there is limited research on its effectiveness in enhancing writing skills. This study aimed to investigate the effect of Duolingo on junior high school students' learn"
166,,Integrating Cross-Modal Semantic Learning with Generative Models for Gesture Recognition,Shuangjiao Zhai; Zixin Dai; Zanxia Jin; Pinle Qin; Jianchao Zeng,2025,Sensors,,,,,0,0.000,0.369,10.3390/s25185783,https://openalex.org/W4414289054,https://www.mdpi.com/1424-8220/25/18/5783/pdf?version=1758100174,openalex,,"Radio frequency (RF)-based human activity sensing is an essential component of ubiquitous computing, with WiFi sensing providing a practical and low-cost solution for gesture and activity recognition. However, challenges such as manual data collection, multipath interference, and poor cross-domain g"
167,,Enhancing Monkeypox Diagnosis with Transformers: Bridging Explainability and Performance with Quantitative Validation,Delal Şeker; Abdulnasır Yildiz,2025,Diagnostics,,,,,0,0.000,0.369,10.3390/diagnostics15182354,https://openalex.org/W4414239792,https://www.mdpi.com/2075-4418/15/18/2354/pdf?version=1758032312,openalex,,"Background/Objectives: Monkeypox is a zoonotic virus that presents with smallpox-like symptoms, making visual diagnosis challenging due to overlap with other dermatological conditions. Existing AI-based studies on monkeypox classification have largely relied on Convolutional Neural Networks (CNNs), "
168,,EF(X) Orientations: A Parameterized Complexity Perspective,Sotiris Kanellopoulos; Edouard Nemery; Christos Pergaminelis; Minas Marios Sotiriou; Manolis Vasilakis,2025,arXiv,,,,,0,0.000,0.369,,http://arxiv.org/abs/2512.25033v1,https://arxiv.org/pdf/2512.25033v1,arxiv,,"The concept of fair orientations in graphs was introduced by Christodoulou, Fiat, Koutsoupias, and Sgouritsa in 2023, naturally modeling fair division scenarios in which resources are only contested by neighbors. In this model, vertices represent agents and undirected edges represent goods; edges ha"
169,,ImaginateAR: AI-Assisted In-Situ Authoring in Augmented Reality,Jaewook Lee; Filippo Aleotti; Diego Mazala; Guillermo Garcia-Hernando; Sara Vicente,2025,,,,,,0,0.000,0.368,10.1145/3746059.3747635,https://openalex.org/W4417522604,https://doi.org/10.1145/3746059.3747635,openalex,,"While augmented reality (AR) enables new ways to play, tell stories, and explore ideas rooted in the physical world, authoring personalized AR content remains difficult for non-experts, often requiring professional tools and time. Prior systems have explored AI-driven XR design but typically rely on"
170,,Loop-Level Lepton Flavor Violation and Diphoton Signals in the Minimal Left-Right Symmetric Model,Shufang Qiang; Peiwen Wu; Yongchao Zhang,2025,arXiv,,,,,0,0.000,0.368,,http://arxiv.org/abs/2512.25019v1,https://arxiv.org/pdf/2512.25019v1,arxiv,,"The left-right symmetric model (LRSM) could not only restore parity of the weak interaction, but also provide natural explanations of the tiny active neutrino masses via the seesaw mechanisms. The $SU(2)_R$-breaking scalar $H_3$ can induce lepton flavor violating (LFV) effects in the minimal version"
171,,On Nonlinear Inertial Transformations,Nicholas Agia,2025,arXiv,,,,,0,0.000,0.368,,http://arxiv.org/abs/2512.25024v1,https://arxiv.org/pdf/2512.25024v1,arxiv,,"It is often assumed that the most general transformation between two inertial reference frames is affine linear in their Cartesian coordinates, an assumption which is however not true. We provide a complete derivation of the most general inertial frame transformation, which is indeed nonlinear; alon"
172,,Source-Free Domain Adaptation for Medical Image Segmentation via Mutual Information Maximization and Prediction Bank,Hongzhen Wu; Yue Zhou; Xiaoqiang Li,2025,Electronics,,,,,0,0.000,0.368,10.3390/electronics14183656,https://openalex.org/W4414200887,https://www.mdpi.com/2079-9292/14/18/3656/pdf?version=1758004270,openalex,,"Medical image segmentation faces significant challenges due to domain shift between different clinical centers and data privacy restrictions. Current source-free domain adaptation methods for medical images suffer from three critical limitations, including unstable training caused by noisy pseudo-la"
173,,SwiftBrush: One-Step Text-to-Image Diffusion Model with Variational Score Distillation,Thuan Hoang Nguyen; Anh Tran,2023,Computer Vision and Pattern Recognition,,,,,89,0.000,0.368,10.1109/CVPR52733.2024.00746,https://www.semanticscholar.org/paper/210712cd3649f579e2bae01af40f9b394ee98e2c,http://arxiv.org/pdf/2312.05239,semantic_scholar,,"Despite their ability to generate high-resolution and diverse images from text prompts, text-to-image diffusion models often suffer from slow iterative sampling processes. Model distillation is one of the most effective directions to accelerate these models. However, previous distillation methods fa"
174,,Real Riemann Surfaces: Smooth and Discrete,Johanna Düntsch; Felix Günther,2025,arXiv,,,,,0,0.000,0.368,,http://arxiv.org/abs/2512.25022v1,https://arxiv.org/pdf/2512.25022v1,arxiv,,This paper develops a discrete theory of real Riemann surfaces based on quadrilateral cellular decompositions (quad-graphs) and a linear discretization of the Cauchy-Riemann equations. We construct a discrete analogue of an antiholomorphic involution and classify the topological types of discrete re
175,,From perception to policy: course coordinators’ views on generative artificial intelligence in higher education,Nick den Hollander; Annemie Struyf; Despoina Georgiou; Jacqueline Wong,2025,International Journal of Educational Management,,,,,0,0.000,0.368,10.1108/ijem-12-2024-0842,https://openalex.org/W4414361486,https://www.emerald.com/ijem/article-pdf/doi/10.1108/IJEM-12-2024-0842/10298203/ijem-12-2024-0842en.pdf,openalex,,"Purpose As key figures in curriculum design and implementation, course coordinators operate at the intersection of institutional goals, the needs of students, institutional policy and classroom practice, balancing educators alike (Stark and Lattuca, 1997). Their perspective is especially valuable in"
176,,Transitions in development – an interview with Mijo Šimunović,,2025,Development,,,,,0,0.000,0.368,10.1242/dev.205185,https://openalex.org/W4414168662,https://journals.biologists.com/dev/article-pdf/152/18/dev205185/3665207/dev205185.pdf,openalex,,"Mijo Šimunović is an Assistant Professor of Chemical Engineering at Columbia University, USA. With two PhDs – one in Chemistry and the other in Physics – and postdoctoral experience in Stem Cell and Developmental Biology, Mijo's research group now generates quantitative models of embryogenesis using"
177,,Crying in the algorithm: modeling academic stress via multilayer topic construction and ERA effect,Liwei Ding; Hongfeng Zhang; Jinqiao Zhou,2025,Frontiers in Psychology,,,,,0,0.000,0.367,10.3389/fpsyg.2025.1673559,https://openalex.org/W4414364298,https://www.frontiersin.org/journals/psychology/articles/10.3389/fpsyg.2025.1673559/pdf,openalex,,"Amid intensifying educational competition and societal expectations, academic stress has emerged as a multidimensional force influencing student mental health. While prior research has explored individual and institutional factors, limited attention has been paid to how learners semantically constru"
178,,"Ethics, Privacy, and Transparency in AI‐Assisted Teaching: Evaluating Notegrade.ai Against Global Standards",Akinwumi Fakokunde,2025,Preprints.org,,,,,0,0.000,0.367,10.20944/preprints202509.1148.v1,https://openalex.org/W4414257388,https://www.preprints.org/frontend/manuscript/d7cdbe30a70999e65be97d02adfff621/download_pub,openalex,,"This article provides a deep, standards-based analysis of Notegrade.ai –an AI teaching tool that provides lesson plan generation, rubric based grading, plagiarism check, and student assessment tools- within several of the world’s most pertinent legal and ethical frameworks in education including the"
179,,Coordinated Humanoid Manipulation with Choice Policies,Haozhi Qi; Yen-Jen Wang; Toru Lin; Brent Yi; Yi Ma,2025,arXiv,,,,,0,0.000,0.367,,http://arxiv.org/abs/2512.25072v1,https://arxiv.org/pdf/2512.25072v1,arxiv,,"Humanoid robots hold great promise for operating in human-centric environments, yet achieving robust whole-body coordination across the head, hands, and legs remains a major challenge. We present a system that combines a modular teleoperation interface with a scalable learning framework to address t"
180,,Fractal conduction pathways governing ionic transport in a glass,J. L. Iguain; F. O. Sanchez-Varreti; M. A. Frechero,2025,arXiv,,,,,0,0.000,0.367,,http://arxiv.org/abs/2512.25031v1,https://arxiv.org/pdf/2512.25031v1,arxiv,,"We present a systematic characterization of the fractal conduction pathways governing ionic transport in a non-crystalline solid below the glass-transition temperature. Using classical molecular dynamics simulations of lithium metasilicate, we combine mobility-resolved dynamical analysis with a real"
181,,Towards precision cosmology with Voids x CMB correlations (I): Roman-Agora mock catalogs and pipeline validation,Mar Pérez Sar; Carlos Hernández Monteagudo; András Kovács; Alice Pisani,2025,arXiv,,,,,0,0.000,0.367,,http://arxiv.org/abs/2512.25040v1,https://arxiv.org/pdf/2512.25040v1,arxiv,,"We construct and validate a set of multi-purpose mock galaxy catalogs designed to capture, to different degrees of accuracy, the main characteristics of the Nancy Grace Roman Space Telescope survey. These catalogs provide a foundation for void statistics and various CMB cross-correlation analyses. O"
182,,Melting curve of correlated iron at Earth's core conditions from machine-learned DFT+DMFT,Rishi Rao; Li Zhu,2025,arXiv,,,,,0,0.000,0.367,,http://arxiv.org/abs/2512.25061v1,https://arxiv.org/pdf/2512.25061v1,arxiv,,"Reliable constraints on iron's melting curve at Earth's inner-core boundary require accurate finite-temperature electronic correlations, yet DFT+DMFT calculations remain too costly for large-scale thermodynamic sampling. Here, we develop a machine-learning accelerator for charge self-consistent DFT+"
183,,Integrating problem-based learning and computational thinking: cultivating creative thinking in primary education,Ji Wang; Gary K. W. Wong,2025,Frontiers in Education,,,,,1,0.000,0.367,10.3389/feduc.2025.1625105,https://openalex.org/W4414364296,https://www.frontiersin.org/journals/education/articles/10.3389/feduc.2025.1625105/pdf,openalex,,"This study examines how integrating problem-based learning (PBL) with computational thinking (CT) contributes to cultivating creative thinking in senior primary school students (grades 5–6). Creativity is a critical skill for addressing complex, real-world problems, yet its development in education "
184,,Context-aware LLM-based AI Agents for Human-centered Energy Management Systems in Smart Buildings,Tianzhi He; Farrokh Jazizadeh,2025,arXiv,,,,,0,0.000,0.367,,http://arxiv.org/abs/2512.25055v1,https://arxiv.org/pdf/2512.25055v1,arxiv,,This study presents a conceptual framework and a prototype assessment for Large Language Model (LLM)-based Building Energy Management System (BEMS) AI agents to facilitate context-aware energy management in smart buildings through natural language interaction. The proposed framework comprises three 
185,,"Broadening Music Performer Identity Through Free Accompaniment Practices at the Sibelius Academy in Helsinki, Finland",Sunny Choi,2025,,,,,,0,0.000,0.367,10.35542/osf.io/k6mt2_v1,https://openalex.org/W4414119593,https://osf.io/k6mt2_v1/download,openalex,,The aim of this qualitative study is to explore how free accompaniment practice may broaden the performer identity for Western classical piano performance students in higher education. I employed an interpretive multiple case study and music elicitation as arts-based research methodology based on ob
186,,Mod $p$ Poincaré duality for $p$-adic period domains,Guillaume Pignon-Ywanne,2025,arXiv,,,,,0,0.000,0.367,,http://arxiv.org/abs/2512.25029v1,https://arxiv.org/pdf/2512.25029v1,arxiv,,"In this article, we introduce a new class of smooth partially proper rigid analytic varieties over a $p$-adic field that satisfy Poincaré duality for étale cohomology with mod $p$-coefficients : the varieties satisfying ""primitive comparison with compact support"". We show that almost proper varietie"
187,,Primordial black hole dark matter from ultra-slow-roll inflation in Horndeski gravity,Despina Totolou; Theodoros Papanikolaou; Emmanuel N. Saridakis,2025,arXiv,,,,,0,0.000,0.367,,http://arxiv.org/abs/2512.25044v1,https://arxiv.org/pdf/2512.25044v1,arxiv,,"Primordial black holes (PBHs) provide a well-motivated non-particle candidate for dark matter, requiring an enhancement of curvature perturbations on small inflationary scales consistent with observational constraints. In this work we study PBH production within Horndeski gravity, accounting for com"
188,,FineTec: Fine-Grained Action Recognition Under Temporal Corruption via Skeleton Decomposition and Sequence Completion,Dian Shao; Mingfei Shi; Like Liu,2025,arXiv,,,,,0,0.000,0.367,,http://arxiv.org/abs/2512.25067v1,https://arxiv.org/pdf/2512.25067v1,arxiv,,"Recognizing fine-grained actions from temporally corrupted skeleton sequences remains a significant challenge, particularly in real-world scenarios where online pose estimation often yields substantial missing data. Existing methods often struggle to accurately recover temporal dynamics and fine-gra"
189,,On exact Observability for Compactly perturbed infinite dimension system,Nisrine Charaf; Faouzi Triki,2025,arXiv,,,,,0,0.000,0.366,,http://arxiv.org/abs/2512.25041v1,https://arxiv.org/pdf/2512.25041v1,arxiv,,"In this paper, we study the observability of compactly perturbed infinite dimensional systems. Assuming that a given infinite-dimensional system with self-adjoint generator is exactly observable we derive sufficient conditions on a compact self adjoint perturbation to guarantee that the perturbed sy"
190,,AdaGReS:Adaptive Greedy Context Selection via Redundancy-Aware Scoring for Token-Budgeted RAG,Chao Peng; Bin Wang; Zhilei Long; Jinfang Sheng,2025,arXiv,,,,,0,0.000,0.366,,http://arxiv.org/abs/2512.25052v1,https://arxiv.org/pdf/2512.25052v1,arxiv,,"Retrieval-augmented generation (RAG) is highly sensitive to the quality of selected context, yet standard top-k retrieval often returns redundant or near-duplicate chunks that waste token budget and degrade downstream generation. We present AdaGReS, a redundancy-aware context selection framework for"
191,,Evaluating accuracy and bias of different comparative judgment equating methods against traditional statistical equating,Milja Curcin; Melissa Zhang Lee,2025,Frontiers in Education,,,,,0,0.000,0.366,10.3389/feduc.2025.1538486,https://openalex.org/W4414306155,https://www.frontiersin.org/journals/education/articles/10.3389/feduc.2025.1538486/pdf,openalex,,"Traditional common-item or common-person statistical equating cannot always be used for standard maintaining or linking between test forms. In some contexts, comparative judgment (CJ) methods which capture expert judgment of quality of student work on different test forms have been trialed for this "
192,,From Inpainting to Editing: A Self-Bootstrapping Framework for Context-Rich Visual Dubbing,Xu He; Haoxian Zhang; Hejia Chen; Changyuan Zheng; Liyang Chen,2025,arXiv,,,,,0,0.000,0.366,,http://arxiv.org/abs/2512.25066v1,https://arxiv.org/pdf/2512.25066v1,arxiv,,"Audio-driven visual dubbing aims to synchronize a video's lip movements with new speech, but is fundamentally challenged by the lack of ideal training data: paired videos where only a subject's lip movements differ while all other visual conditions are identical. Existing methods circumvent this wit"
193,,"The process of student engagement in Health-Promoting Schools: a co-design approach with Youth Engagement Coordinators in Nova Scotia, Canada",Julia Kontak; Rebecca Feicht; Stephanie Heath; Şebnem Özbek; Camille L. Hancock Friesen,2025,Health Education,,,,,0,0.000,0.366,10.1108/he-02-2025-0028,https://openalex.org/W4414189265,https://www.emerald.com/he/article-pdf/doi/10.1108/HE-02-2025-0028/10287034/he-02-2025-0028en.pdf,openalex,,"Purpose Evidence supports meaningful student engagement in Health-Promoting Schools (HPS) approaches as an essential condition for enhancing student well-being, yet little is known about this process. This study sought to interpret the process of student engagement in HPS through the perspectives of"
194,,Characteristic Learning for Provable One Step Generation,Zhao Ding; Chenguang Duan; Yuling Jiao; Ruoxuan Li; Jerry Zhijian Yang,2024,arXiv.org,,,,,2,0.000,0.366,10.48550/arXiv.2405.05512,https://www.semanticscholar.org/paper/ccc16f7726a142d57f05d2008c6a78d17cb5727c,,semantic_scholar,,"We propose the characteristic generator, a novel one-step generative model that combines the efficiency of sampling in Generative Adversarial Networks (GANs) with the stable performance of flow-based models. Our model is driven by characteristics, along which the probability density transport can be"
195,,AI Literacy in Higher Education,Maria Ranieri; Gabriele Biagini; Stefano Cuomo,2025,International Journal of Digital Literacy and Digital Competence,,,,,0,0.000,0.366,10.4018/ijdldc.388469,https://openalex.org/W4414116539,https://www.igi-global.com/ViewTitle.aspx?TitleId=388469&isxn=9798337316055,openalex,,"This paper presents the development, refinement, and validation of the Critical Artificial Intelligence Literacy Scale, an instrument designed to measure artificial intelligence literacy across four dimensions: knowledge-related, operational, critical, and ethical. The initial version of the questio"
196,,Grade Level and Gender Perspectives: Middle Grade Mathematics Affect and Identity Stabilization,Ruby L. Lynch-Arroyo; Scott A. Chamberlin; William Medina‐Jerez,2025,European Journal of Mathematics and Science Education,,,,,0,0.000,0.365,10.12973/ejmse.6.3.191,https://openalex.org/W4414193784,https://www.ejmse.com/articles/EJMSE_6_3_193.pdf,openalex,,"Data from over 1,500 middle-grade mathematics students were used to investigate their mathematical affect and identity. Early secondary students were asked if they considered themselves mathematicians and a prompt was employed to substantiate their mathematical identity. Separating by gender and gra"
197,,Expectancy-value theories applied in Korean physical activity contexts: a meta-analysis,Jihyun Song; Wonseok Choi,2025,Frontiers in Psychology,,,,,0,0.000,0.365,10.3389/fpsyg.2025.1678503,https://openalex.org/W4414253595,https://www.frontiersin.org/journals/psychology/articles/10.3389/fpsyg.2025.1678503/pdf,openalex,,"Introduction Recognizing expectancy-value theory as an influential framework for explaining the mechanism of motivation, relevant research has increased in physical activity contexts. This theory assumes that individuals’ motivation is situated and context-specific, shaped by the culture in which th"
198,,"Chatbots, Bible Apps and Theological Bias",Jonas Kurlberg; Zoltán Schwáb; Daniel Washbrook; Ximian Xu,2025,Cursor_ Zeitschrift für explorative Theologie,,,,,0,0.000,0.365,10.21428/fb61f6aa.4ca2c070,https://openalex.org/W4414240768,https://cursor.pubpub.org/pub/azvojqqj/download/pdf,openalex,,
199,,Intergenerational transmission of mental health problems : observational and quasi-experimental studies,Mengping Zhou,2025,,,,,,0,0.000,0.365,10.69622/29064848.v2,https://openalex.org/W4414205311,https://openarchive.ki.se/articles/thesis/Intergenerational_transmission_of_mental_health_problems_observational_and_quasi-experimental_studies/29064848/2/files/57970879.pdf,openalex,,"&lt;p dir=""ltr""&gt;Mental health problems run in families, likely due to complex transmission mechanisms. Using nationwide Swedish registers following millions of parents and their children over decades, we investigated how and why mental health problems are transmitted across generations and whethe"
200,,Extreme nonlinear optics in optical fibers,Mario Ferraro; Bertrand Kibler; Pierre Béjot; Frédéric Gérome; Benoit Debord,2025,arXiv,,,,,0,0.000,0.365,,http://arxiv.org/abs/2512.25046v1,https://arxiv.org/pdf/2512.25046v1,arxiv,,"This paper reviews the field of extreme nonlinear optics in optical fibers, highlighting key phenomena and advancements. It discusses multiple ionization effects caused by femtosecond laser pulses that generate plasma and induce permanent material modifications, as well as plasma luminescence and it"
201,,Perturbative Kondo destruction and global phase diagram of heavy fermion metals,Yiming Wang; Shouvik Sur; Chia-Chuan Liu; Qimiao Si,2025,arXiv,,,,,0,0.000,0.365,,http://arxiv.org/abs/2512.25036v1,https://arxiv.org/pdf/2512.25036v1,arxiv,,"Strange metals represent a foundational problem in quantum condensed matter physics, and heavy fermion systems provide a canonical setting to advance a general understanding. The concept of a Kondo destruction quantum critical point is widely invoked to describe the competition of the Kondo effect a"
202,,Optimizing GPT-Based Distractor Generation for the Korean CSAT English Exam,Corinna Jung; Sanghoun Song,2025,,,,,,0,0.000,0.365,10.21203/rs.3.rs-6680435/v1,https://openalex.org/W4414331227,https://www.researchsquare.com/article/rs-6680435/latest.pdf,openalex,,"<title>Abstract</title> High-quality distractors are essential in multiple-choice questions to assess student understanding and diagnose misconceptions; however, constructing these distractors manually is labor-intensive. This study presents the first large-scale investigation of automated distracto"
203,,No-cost Bell Nonlocality Certification from Quantum Tomography and Its Applications in Quantum Magic Witnessing,Pawel Cieslinski; Lukas Knips; Harald Weinfurter; Wieslaw Laskowski,2025,arXiv,,,,,0,0.000,0.365,,http://arxiv.org/abs/2512.25068v1,https://arxiv.org/pdf/2512.25068v1,arxiv,,"Tomographic measurements are the standard tool for characterizing quantum states, yet they are usually regarded only as means for state reconstruction or fidelity measurement. Here, we show that the same Pauli-basis measurements (X, Y, Z) can be directly employed for the certification of nonlocality"
204,,Compound Estimation for Binomials,Yan Chen; Lihua Lei,2025,arXiv,,,,,0,0.000,0.365,,http://arxiv.org/abs/2512.25042v1,https://arxiv.org/pdf/2512.25042v1,arxiv,,"Many applications involve estimating the mean of multiple binomial outcomes as a common problem -- assessing intergenerational mobility of census tracts, estimating prevalence of infectious diseases across countries, and measuring click-through rates for different demographic groups. The most standa"
205,,Technology-enhanced digital game-based learning for environmental literacy: catalyzing attitude change in learners,Tsung‐Yen Chuang; Shang-Rong Tsai; Yu‐Hsuan Lu,2025,Frontiers in Education,,,,,0,0.000,0.365,10.3389/feduc.2025.1629670,https://openalex.org/W4414127297,https://www.frontiersin.org/journals/education/articles/10.3389/feduc.2025.1629670/pdf,openalex,,"Recently, various approaches have been adopted to cultivate environmental literacy, and prior studies have confirmed the value of digital games in this domain. Nonetheless, concrete discussions of specific elements such as environmental sensitivity and attitude remain limited. Accordingly, the prese"
206,,The PDE-ODI principle and cylindrical mean curvature flows,Richard H. Bamler; Yi Lai,2025,arXiv,,,,,0,0.000,0.365,,http://arxiv.org/abs/2512.25050v1,https://arxiv.org/pdf/2512.25050v1,arxiv,,"We introduce a new approach for analyzing ancient solutions and singularities of mean curvature flow that are locally modeled on a cylinder. Its key ingredient is a general mechanism, called the \emph{PDE--ODI principle}, which converts a broad class of parabolic differential equations into systems "
207,,Degradation-Guided One-Step Image Super-Resolution with Diffusion Priors,Aiping Zhang; Zongsheng Yue; Renjing Pei; Wenqi Ren; Xiaochun Cao,2024,arXiv.org,,,,,27,0.000,0.365,10.48550/arXiv.2409.17058,https://www.semanticscholar.org/paper/4ba75705116571b697acabf06798a19d1a95aab4,,semantic_scholar,,"Diffusion-based image super-resolution (SR) methods have achieved remarkable success by leveraging large pre-trained text-to-image diffusion models as priors. However, these methods still face two challenges: the requirement for dozens of sampling steps to achieve satisfactory results, which limits "
208,,Mitigating AI Bias in School Psychology: Toward Equitable and Ethical Implementation,Adam Lockwood; Jeffrey Brown,2025,,,,,,0,0.000,0.365,10.31234/osf.io/mh4rj_v2,https://openalex.org/W4414208900,https://osf.io/mh4rj_v2/download,openalex,,"The integration of Artificial Intelligence (AI) into school psychology is evolving rapidly, presenting both opportunities and challenges. AI has the potential to enhance educational and mental health services by facilitating data-driven decision-making, streamlining administrative tasks, and offerin"
209,,Motivating change-oriented behavior through coaching leadership: the role of psychological entitlement and knowledge management,Jing Hu; Myeong-Cheol Choi; Hann Earl Kim,2025,Frontiers in Psychology,,,,,0,0.000,0.365,10.3389/fpsyg.2025.1626507,https://openalex.org/W4414253821,https://www.frontiersin.org/journals/psychology/articles/10.3389/fpsyg.2025.1626507/pdf,openalex,,"Introduction In today’s fast-changing organizational environment, leadership styles such as coaching leadership are attracting attention for their potential to inspire innovative and proactive behaviors among employees. Coaching leadership focuses on employee development, motivation, and support, wh"
210,,Tackling reflexivity in human-centred design research to benefit user needs and sensitivities,Antonia Clasina Södergren,2025,Base Diseño e Innovación,,,,,0,0.000,0.365,10.52611/bdi.num11.2025.1121,https://openalex.org/W4414207552,https://revistas.udd.cl/index.php/BDI/article/download/1121/969,openalex,,"Longevity research highlights complexities of assessing the elderly’s future needs and impact of design solutions. Especially, the potential for (self-) transformation within human relations or interactions through design work (e.g., through technology) highlights the importance of design (researche"
211,,Adaptive Probabilistic Inference of Human Intentions in Smart Manufacturing via Discrete Active Inference,Diluna Adeesha Warnakulasuriya; Juha Plosila; Mohammad-Hashem Haghbayan,2025,,,,,,0,0.000,0.365,10.36227/techrxiv.175825615.50962299/v1,https://openalex.org/W4414365650,https://www.techrxiv.org/doi/pdf/10.36227/techrxiv.175825615.50962299/v1,openalex,,
212,,Bilinear tau forms of quantum Painlevé equations and $\mathbb{C}^2/\mathbb{Z}_2$ blowup relations in SUSY gauge theories,Giulio Bonelli; Anton Shchechkin; Alessandro Tanzini,2025,arXiv,,,,,0,0.000,0.365,,http://arxiv.org/abs/2512.25051v1,https://arxiv.org/pdf/2512.25051v1,arxiv,,"We derive bilinear tau forms of the canonically quantized Painlevé equations, thereby relating them to those previously obtained from the $\mathbb{C}^2/\mathbb{Z}_2$ blowup relations for the $\mathcal{N}=2$ supersymmetric gauge theory partition functions on a general $Ω$-background. We fully fix the"
213,,GaMO: Geometry-aware Multi-view Diffusion Outpainting for Sparse-View 3D Reconstruction,Yi-Chuan Huang; Hao-Jen Chien; Chin-Yang Lin; Ying-Huan Chen; Yu-Lun Liu,2025,arXiv,,,,,0,0.000,0.365,,http://arxiv.org/abs/2512.25073v1,https://arxiv.org/pdf/2512.25073v1,arxiv,,"Recent advances in 3D reconstruction have achieved remarkable progress in high-quality scene capture from dense multi-view imagery, yet struggle when input views are limited. Various approaches, including regularization techniques, semantic priors, and geometric constraints, have been implemented to"
214,,Vision transformers in precision agriculture: A comprehensive survey,Saber Mehdipour; Seyed Abolghasem Mirroshandel; Seyed Amirhossein Tabatabaei,2025,Intelligent Systems with Applications,,,,,0,0.000,0.364,10.1016/j.iswa.2025.200617,https://openalex.org/W7115016258,https://doi.org/10.1016/j.iswa.2025.200617,openalex,,
215,,The Logical Structure of Physical Laws: A Fixed Point Reconstruction,Eren Volkan Küçük,2025,arXiv,,,,,0,0.000,0.364,,http://arxiv.org/abs/2512.25057v1,https://arxiv.org/pdf/2512.25057v1,arxiv,,"We formalise the self referential definition of physical laws using monotone operators on a lattice of theories, resolving the pathologies of naive set theoretic formulations. By invoking Tarski fixed point theorem, we identify physical theories as least fixed points of admissibility constraints der"
216,,SDXS: Real-Time One-Step Latent Diffusion Models with Image Conditions,Yuda Song; Zehao Sun; Xuanwu Yin,2024,arXiv.org,,,,,25,0.000,0.364,10.48550/arXiv.2403.16627,https://www.semanticscholar.org/paper/17def5547e530e3e426399783a3649f1106ea944,,semantic_scholar,,"Recent advancements in diffusion models have positioned them at the forefront of image generation. Despite their superior performance, diffusion models are not without drawbacks; they are characterized by complex architectures and substantial computational demands, resulting in significant latency d"
217,,The Hochschild homology of a noncommutative symmetric quotient stack,Rina Anno; Vladimir Baranovsky; Timothy Logvinenko,2025,arXiv,,,,,0,0.000,0.364,,http://arxiv.org/abs/2512.25039v1,https://arxiv.org/pdf/2512.25039v1,arxiv,,"We prove an orbifold type decomposition theorem for the Hochschild homology of the symmetric powers of a small DG category $\mathcal{A}$. In noncommutative geometry, these can be viewed as the noncommutative symmetric quotient stacks of $\mathcal{A}$. We use this decomposition to show that the total"
218,,From Religious Representation to Conceptual Truth: The Role of Religion in Hegel’s Philosophical System,Guanyu Guo,2025,Religions,,,,,0,0.000,0.364,10.3390/rel16091187,https://openalex.org/W4414183698,https://www.mdpi.com/2077-1444/16/9/1187/pdf?version=1757917520,openalex,,"The present study interprets the indispensable mediating role of religion within Hegel’s monistic system. This study undertakes a systematic investigation of the development of Hegel’s religious thought in different periods, his logical reconstruction of multiple religions, and the positioning of re"
219,,Design and Preliminary Application of a CV-Based Multimodal Teaching Support System for Higher Vocational Education,Xiaoxue Yang,2025,International Journal of Educational Review,,,,,0,0.000,0.364,10.64583/b0j1xn67,https://openalex.org/W4414238150,https://janfs-journals.org/index.php/ijer/article/download/35/16,openalex,,"In recent years, the steady progress of artificial intelligence has brought computer vision (CV) into the spotlight of educational research. Compared with traditional approaches that mainly depend on text or speech, CV is capable of processing multiple information streams—such as images, recognized "
220,,Universal polar dual pairs of spherical codes found in $E_8$ and $Λ_{24}$,S. V. Borodachov; P. G. Boyvalenkov; P. D. Dragnev; D. P. Hardin; E. B. Saff,2025,arXiv,,,,,0,0.000,0.364,,http://arxiv.org/abs/2512.25037v1,https://arxiv.org/pdf/2512.25037v1,arxiv,,"We identify universal polar dual pairs of spherical codes $C$ and $D$ such that for a large class of potential functions $h$ the minima of the discrete $h$-potential of $C$ on the sphere occur at the points of $D$ and vice versa. Moreover, the minimal values of their normalized potentials are equal."
221,,Exploring the impact of role-playing exercises on cognitive and emotional processes: a social- and educational psychological perspective,Pär Löfstrand; Ingrid Zakrisson,2025,Frontiers in Psychology,,,,,0,0.000,0.364,10.3389/fpsyg.2025.1645213,https://openalex.org/W4414189069,https://www.frontiersin.org/journals/psychology/articles/10.3389/fpsyg.2025.1645213/pdf,openalex,,"This study investigates the educational potential of role-playing exercises in addressing complex social phenomena such as attitude change, stereotyping, conformity, and racism. Building on prior research demonstrating the efficacy of role-play in reducing prejudice, this study aims to explore how s"
222,,"Learning to Attune and Revise: A Response to Silvis, Clarke‐Midura, Lee, and Shumway",Shirin Vossoughi,2025,Science Education,,,,,1,0.000,0.364,10.1002/sce.70017,https://openalex.org/W4414243393,https://onlinelibrary.wiley.com/doi/pdfdirect/10.1002/sce.70017,openalex,,"ABSTRACT In this response to Silvis, Clarke‐Midura, Lee and Shumway as part of the special issue Centering Affect and Emotion Toward Justice and Dignity in Science Education, I discuss some of the key openings and complexities involved in interpreting the affective, powered, embodied, historical, an"
223,,"Impact of Artificial Intelligence on Education and Research: Pedagogy, Learning Analytics, and Academic Transformation",Sasmita Padhy,2025,,,,,,0,0.000,0.363,10.70593/978-93-7185-525-9,https://openalex.org/W4414201528,https://www.deepscienceresearch.com/dsr/catalog/download/304/1459/2845,openalex,,"This book discusses the impact of artificial intelligence on academic practice and research. This book demonstrates how AI and its applications in teaching, learning, and discovery impact opportunities for educational and scientific innovation. The description raises the good, and the bad, moral con"
224,,Testing Monotonicity in a Finite Population,Jiafeng Chen; Jonathan Roth; Jann Spiess,2025,arXiv,,,,,0,0.000,0.363,,http://arxiv.org/abs/2512.25032v1,https://arxiv.org/pdf/2512.25032v1,arxiv,,"We consider the extent to which we can learn from a completely randomized experiment whether everyone has treatment effects that are weakly of the same sign, a condition we call monotonicity. From a classical sampling perspective, it is well-known that monotonicity is untestable. By contrast, we sho"
225,,Classification of Interacting Topological Crystalline Superconductors in Three Dimensions and Beyond,Shang-Qiang Ning; Xing-Yu Ren; Qing-Rui Wang; Yang Qi; Zheng-Cheng Gu,2025,arXiv,,,,,0,0.000,0.363,,http://arxiv.org/abs/2512.25069v1,https://arxiv.org/pdf/2512.25069v1,arxiv,,"Although classification for free-fermion topological superconductors (TSC) is established, systematically understanding the classification of 3D interacting TSCs remains difficult, especially those protected by crystalline symmetries like the 230 space groups. We build up a general framework for sys"
226,,Reliable and Resilient Collective Communication Library for LLM Training and Serving,Wei Wang; Nengneng Yu; Sixian Xiong; Zaoxing Liu,2025,arXiv,,,,,0,0.000,0.363,,http://arxiv.org/abs/2512.25059v1,https://arxiv.org/pdf/2512.25059v1,arxiv,,"Modern ML training and inference now span tens to tens of thousands of GPUs, where network faults can waste 10--15\% of GPU hours due to slow recovery. Common network errors and link fluctuations trigger timeouts that often terminate entire jobs, forcing expensive checkpoint rollback during training"
227,,The variety of orthogonal frames,Laura Casabella; Alessio Sammartano,2025,arXiv,,,,,0,0.000,0.363,,http://arxiv.org/abs/2512.25058v1,https://arxiv.org/pdf/2512.25058v1,arxiv,,"An orthogonal n-frame is an ordered set of n pairwise orthogonal vectors. The set of all orthogonal n-frames in a d-dimensional quadratic vector space is an algebraic variety V(d,n). In this paper, we investigate the variety V(d,n) as well as the quadratic ideal I(d,n) generated by the orthogonality"
228,,FairTL: A Transfer Learning Approach for Bias Mitigation in Deep Generative Models,Christopher T. H. Teo; Milad Abdollahzadeh; Ngai-Man Cheung,2024,IEEE Journal on Selected Topics in Signal Processing,,,,,4,0.000,0.362,10.1109/JSTSP.2024.3363419,https://www.semanticscholar.org/paper/9ec5b4e3069113199123ff10ea03703a63174aa1,,semantic_scholar,,"This work studies fair generative models. We reveal and quantify the biases in state-of-the-art (SOTA) GANs w.r.t. different sensitive attributes. To address the biases, our main contribution is to propose novel methods to learn fair generative models via transfer learning. Specifically, first, we p"
229,,On the geometry and topology of representations: the manifolds of modular addition,Gabriela Moisescu-Pareja; Gavin McCracken; Harley Wiltzer; Vincent Létourneau; Colin Daniels,2025,arXiv,,,,,0,0.000,0.362,,http://arxiv.org/abs/2512.25060v1,https://arxiv.org/pdf/2512.25060v1,arxiv,,"The Clock and Pizza interpretations, associated with architectures differing in either uniform or learnable attention, were introduced to argue that different architectural designs can yield distinct circuits for modular addition. In this work, we show that this is not the case, and that both unifor"
230,,The Future of Schooling in a GenAI World,John Fischetti; Scott Imig; Kylie Shaw; Phuong Quyen Vo,2025,,,,,,0,0.000,0.361,10.1108/978-1-83662-912-2,https://openalex.org/W4414123020,https://www.emerald.com/books/monograph/17756/bookpreview-pdf/10276053,openalex,,GenAI offers the opportunity to transform schooling just as the introduction of the printing press enabled mass literacy and Google revolutionized information access. We can no longer assume schools should look like they did for us – chairs in rows with teachers leading students from the front with 
231,,Spectral CT Two-Step and One-Step Material Decomposition Using Diffusion Posterior Sampling,Corentin Vazia; A. Bousse; Jacques Froment; Béatrice Vedel; Franck Vermet,2024,European Signal Processing Conference,,,,,5,0.000,0.357,10.23919/eusipco63174.2024.10715152,https://www.semanticscholar.org/paper/3e1d37b31bc13f297783d45b2a1400b9c44c8ae7,https://arxiv.org/pdf/2403.10183,semantic_scholar,,This paper proposes a novel approach to spectral computed tomography (CT) material decomposition that uses the recent advances in generative diffusion models (DMs) for inverse problems. Spectral CT and more particularly photon-counting CT (PCCT) can perform transmission measurements at different ene
232,,FlashEval: Towards Fast and Accurate Evaluation of Text-to-Image Diffusion Generative Models,Lin Zhao; Tianchen Zhao; Zinan Lin; Xuefei Ning; Guohao Dai,2024,Computer Vision and Pattern Recognition,,,,,13,0.000,0.357,10.1109/CVPR52733.2024.01526,https://www.semanticscholar.org/paper/45493689a83c3fc7ded37986cf5e7274ead307cc,http://arxiv.org/pdf/2403.16379,semantic_scholar,,"In recent years, there has been significant progress in the development of text-to-image generative models. Evaluating the quality of the generative models is one essential step in the development process. Unfortunately, the evaluation process could consume a significant amount of computational reso"
233,,OSDFace: One-Step Diffusion Model for Face Restoration,Jingkai Wang; Jue Gong; Lin Zhang; Zheng Chen; Xingang Liu,2024,Computer Vision and Pattern Recognition,,,,,16,0.000,0.356,10.1109/CVPR52734.2025.01178,https://www.semanticscholar.org/paper/e0548d4b0facfc925eceb95e57a23e9356137737,,semantic_scholar,,"Diffusion models have demonstrated impressive performance in face restoration. Yet, their multi-step inference process remains computationally intensive, limiting their applicability in real-world scenarios. Moreover, existing methods often struggle to generate face images that are harmonious, reali"
234,,HexaGen3D: StableDiffusion is just one step away from Fast and Diverse Text-to-3D Generation,Antoine Mercier; Ramin Nakhli; Mahesh Reddy; R. Yasarla; Hong Cai,2024,arXiv.org,,,,,23,0.000,0.356,10.48550/arXiv.2401.07727,https://www.semanticscholar.org/paper/e382fe486f698c2e06bf416e84ceeff06ceb3966,,semantic_scholar,,"Despite the latest remarkable advances in generative modeling, efficient generation of high-quality 3D assets from textual prompts remains a difficult task. A key challenge lies in data scarcity: the most extensive 3D datasets encompass merely millions of assets, while their 2D counterparts contain "
235,,FastDrag: Manipulate Anything in One Step,Xuanjia Zhao; Jian Guan; Congyi Fan; Dongli Xu; Youtian Lin,2024,Neural Information Processing Systems,,,,,18,0.000,0.355,10.48550/arXiv.2405.15769,https://www.semanticscholar.org/paper/13e9d87ced8ca8c208913360b031d2518104470b,,semantic_scholar,,"Drag-based image editing using generative models provides precise control over image contents, enabling users to manipulate anything in an image with a few clicks. However, prevailing methods typically adopt $n$-step iterations for latent semantic optimization to achieve drag-based image editing, wh"
236,,FastVoiceGrad: One-step Diffusion-Based Voice Conversion with Adversarial Conditional Diffusion Distillation,Takuhiro Kaneko; Hirokazu Kameoka; Kou Tanaka; Yuto Kondo,2024,Interspeech,,,,,6,0.000,0.354,10.21437/interspeech.2024-2387,https://www.semanticscholar.org/paper/c60db485cd94165e6aa6bb9b4f711bc90e182b11,,semantic_scholar,,"Diffusion-based voice conversion (VC) techniques such as VoiceGrad have attracted interest because of their high VC performance in terms of speech quality and speaker similarity. However, a notable limitation is the slow inference caused by the multi-step reverse diffusion. Therefore, we propose Fas"
237,,One-Step Diffusion Distillation via Deep Equilibrium Models,Zhengyang Geng; Ashwini Pokle; J. Z. Kolter; Paul Micaelli; Arash Vahdat,2023,Neural Information Processing Systems,,,,,47,0.000,0.353,10.48550/arXiv.2401.08639,https://www.semanticscholar.org/paper/0e8f1bb91bb4502966fa5e91e0610832dfe4240e,,semantic_scholar,,"Diffusion models excel at producing high-quality samples but naively require hundreds of iterations, prompting multiple attempts to distill the generation process into a faster network. However, many existing approaches suffer from a variety of challenges: the process for distillation training can b"
238,,CoMoSpeech: One-Step Speech and Singing Voice Synthesis via Consistency Model,Zhe Ye; Wei Xue; Xuejiao Tan; Jie Chen; Qi-fei Liu,2023,ACM Multimedia,,,,,54,0.000,0.352,10.1145/3581783.3612061,https://www.semanticscholar.org/paper/9a3ddb512219a06e4b4e44c1d5c70f47c37a93fe,https://arxiv.org/pdf/2305.06908,semantic_scholar,,"Denoising diffusion probabilistic models (DDPMs) have shown promising performance for speech synthesis. However, a large number of iterative steps are required to achieve high sample quality, which restricts the inference speed. Maintaining sample quality while increasing sampling speed has become a"
239,,"One-step data-driven generative model via Schr\""odinger Bridge",Hanwen Huang,2024,,,,,,4,0.000,0.352,,https://www.semanticscholar.org/paper/74dd0658ce422d271c25c278403b0105f7719442,,semantic_scholar,,"Generating samples from a probability distribution is a fundamental task in machine learning and statistics. This article proposes a novel scheme for sampling from a distribution for which the probability density $\mu({\bf x})$ for ${\bf x}\in{\mathbb{R}}^d$ is unknown, but finite independent sample"
240,,Continuous-Multiple Image Outpainting in One-Step via Positional Query and A Diffusion-based Approach,Shaofeng Zhang; Jinfa Huang; Qiang Zhou; Zhibin Wang; Fan Wang,2024,International Conference on Learning Representations,,,,,20,0.000,0.348,10.48550/arXiv.2401.15652,https://www.semanticscholar.org/paper/d47277e0ae524d456b17c1d8246d558e3bf2a06d,,semantic_scholar,,Image outpainting aims to generate the content of an input sub-image beyond its original boundaries. It is an important task in content generation yet remains an open problem for generative models. This paper pushes the technical frontier of image outpainting in two directions that have not been res
241,,PPFM: Image Denoising in Photon-Counting CT Using Single-Step Posterior Sampling Poisson Flow Generative Models,Dennis Hein; Staffan Holmin; Timothy Szczykutowicz; J. Maltz; Mats Danielsson,2023,IEEE Transactions on Radiation and Plasma Medical Sciences,,,,,12,0.000,0.336,10.1109/TRPMS.2024.3410092,https://www.semanticscholar.org/paper/ab668d6d32b0752b50d3c8dc0c08ee36dd08e01b,https://doi.org/10.1109/trpms.2024.3410092,semantic_scholar,,"Diffusion and Poisson flow models have shown impressive performance in a wide range of generative tasks, including low-dose CT (LDCT) image denoising. However, one limitation in general, and for clinical applications in particular, is slow sampling. Due to their iterative nature, the number of funct"
242,,Unique Security and Privacy Threats of Large Language Models: A Comprehensive Survey,Shang Wang; Tianqing Zhu; Bo Liu; Ming Ding; Dayong Ye,2025,ACM Computing Surveys,,,,,0,0.000,0.000,10.1145/3764113,https://openalex.org/W4414128359,https://dl.acm.org/doi/pdf/10.1145/3764113,openalex,,"With the rapid development of artificial intelligence, large language models (LLMs) have made remarkable advancements in natural language processing. These models are trained on vast datasets to exhibit powerful language understanding and generation capabilities across various applications, includin"
243,,Mission-Driven Learning Theory: Ordering Knowledge and Competence to Life Mission,Sixbert Sangwa; Placide Mutabazi,2025,,,,,,0,0.000,0.000,10.35542/osf.io/bpg83_v1,https://openalex.org/W4414146179,https://osf.io/bpg83_v1/download,openalex,,"Background: Prevailing learning theories refine the means of education—behaviour, cognition, construction, connection, competence, yet leave its end (telos) to chance, producing graduates skilled but mission-adrift. Purpose: This paper advances Mission-Driven Learning Theory (MDLT), a teleological f"
244,,Mission-Driven Learning Theory_Ordering Knowledge and Competence to Life Mission 15),Sixbert Sangwa; Placide Mutabazi,2025,,,,,,0,0.000,0.000,10.22541/au.175752987.74676007/v1,https://openalex.org/W4414110106,https://www.authorea.com/doi/pdf/10.22541/au.175752987.74676007/v1,openalex,,
